{
    "symbol": "flowsint-core/src/flowsint_execution/artifacts.py:capture_source",
    "repo": "fl0sint-def44-source",
    "lbugPath": "/home/n4s5ti/Documents/dev/fl0sint-def44-source/.gitnexus/lbug",
    "rootPath": "/home/n4s5ti/Documents/dev/fl0sint-def44-source",
    "direction": "upstream",
    "risk": "MEDIUM",
    "target": {
        "id": "Function:flowsint-core/src/flowsint_execution/artifacts.py:capture_source",
        "name": "capture_source",
        "filePath": "flowsint-core/src/flowsint_execution/artifacts.py",
        "nodeType": "Function",
        "startLine": 273,
        "endLine": 326,
        "content": "def capture_source(store: FilesystemArtifactStore, context: ArtifactContext,                    decision: RetentionDecision | None, body: bytes | None, *, complete: bool = True,                    normalized: NormalizedSource | None = None, now: datetime | None = None,                    cancelled: Callable[[], bool] | None = None) -> CaptureResult:     current = now or datetime.now(timezone.utc)     if cancelled is not None and cancelled(): return CaptureResult(ArtifactState.HOLD, \"capture_cancelled\")     if body is None: return CaptureResult(ArtifactState.REVIEW, \"body_missing\")     if not complete: return CaptureResult(ArtifactState.REVIEW, \"truncated_body\")     if decision is None: return CaptureResult(ArtifactState.HOLD, \"retention_policy_unavailable\")     mismatch = _bound(context, decision, current)     if mismatch: return CaptureResult(ArtifactState.REVIEW, mismatch)     if normalized is not None and not decision.retain_normalized_text:         return CaptureResult(ArtifactState.HOLD, \"normalized_retention_prohibited\")     if normalized is not None:         try: normalized.reproduce(body)         except (ValueError, UnicodeDecodeError): return CaptureResult(ArtifactState.REVIEW, \"normalized_source_mismatch\")     if cancelled is not None and cancelled(): return CaptureResult(ArtifactState.HOLD, \"capture_cancelled\")     digest, snapshot_id = hashlib.sha256(body).hexdigest(), secrets.token_hex(16)     artifact = ArtifactReference(artifact_id=f\"artifact-{snapshot_id}\", snapshot_id=snapshot_id,         content_digest=digest, byte_length=len(body), locator=f\"sha256:{digest}\", source_family=context.source_family,         origin=context.origin, retrieved_at=context.retrieved_at, event_at=context.event_at,         requested_url=context.requested_url, final_url=context.final_url)     metadata = {\"snapshot_id\": snapshot_id, \"artifact_id\": artifact.artifact_id,         \"operation_id\": context.operation_id, \"occurrence_id\": context.occurrence_id,         \"caller_id\": context.caller_id, \"scope\": context.scope, \"source_family\": context.source_family,         \"origin\": context.origin, \"requested_url\": context.requested_url, \"final_url\": context.final_url,         \"retrieved_at\": context.retrieved_at.isoformat(), \"event_at\": context.event_at.isoformat() if context.event_at else None,         \"content_digest\": digest, \"byte_length\": len(body), \"policy_digest\": decision.policy_digest,         \"policy_id\": decision.policy_id, \"issuer_id\": decision.issuer_id, \"reviewer_id\": decision.reviewer_id,         \"issued_at\": decision.issued_at.isoformat(), \"expires_at\": decision.expires_at.isoformat(),         \"retain_body\": decision.retain_body, \"retain_normalized_text\": decision.retain_normalized_text,         \"normalized\": ({\"text\": normalized.text, \"spans\": [asdict(s) for s in normalized.spans],                         \"source_digest\": normalized.source_digest} if normalized else None)}     if normalized is not None:         wire_spans = [SourceProofSpanReference(             span_id=f\"span-{snapshot_id}-{index}\", artifact_id=artifact.artifact_id,             byte_start=span.raw_start, byte_end=span.raw_end,             normalized_start=span.normalized_start, normalized_end=span.normalized_end,             raw_offset_unit=\"byte\", normalized_offset_unit=\"unicode_code_point\",             source_encoding=\"utf-8\",         ).model_dump(mode=\"json\") for index, span in enumerate(normalized.spans)]         proof_payload = {\"format_version\": \"source-proof/1.0\", \"input_ref\": \"0\" * 64,             \"context\": context.model_dump(mode=\"json\"), \"decision\": decision.model_dump(mode=\"json\"),             \"artifact\": artifact.model_dump(mode=\"json\"), \"spans\": wire_spans}         proof_raw = _canonical(proof_payload)         encoded_size = 4 + ((len(proof_raw) * 4 + 2) // 3)         if encoded_size > _MAX_EVIDENCE_PROOF_BYTES:             return CaptureResult(ArtifactState.REVIEW, \"source_proof_too_large\")     if cancelled is not None and cancelled(): return CaptureResult(ArtifactState.HOLD, \"capture_cancelled\")     try: store.write(body, metadata)     except (FileNotFoundError, PermissionError): return CaptureResult(ArtifactState.HOLD, \"artifact_store_unavailable\")     except (OSError, ValueError, TypeError): return CaptureResult(ArtifactState.REVIEW, \"artifact_store_invalid\")     if cancelled is not None and cancelled(): return CaptureResult(ArtifactState.HOLD, \"capture_cancelled\")     return CaptureResult(ArtifactState.AVAILABLE, \"retained\", artifact)"
    },
    "symbols": [
        {
            "id": "Function:flowsint-core/src/flowsint_execution/artifacts.py:capture_source",
            "name": "capture_source",
            "filePath": "flowsint-core/src/flowsint_execution/artifacts.py",
            "nodeType": "Function",
            "startLine": 273,
            "endLine": 326,
            "content": "def capture_source(store: FilesystemArtifactStore, context: ArtifactContext,                    decision: RetentionDecision | None, body: bytes | None, *, complete: bool = True,                    normalized: NormalizedSource | None = None, now: datetime | None = None,                    cancelled: Callable[[], bool] | None = None) -> CaptureResult:     current = now or datetime.now(timezone.utc)     if cancelled is not None and cancelled(): return CaptureResult(ArtifactState.HOLD, \"capture_cancelled\")     if body is None: return CaptureResult(ArtifactState.REVIEW, \"body_missing\")     if not complete: return CaptureResult(ArtifactState.REVIEW, \"truncated_body\")     if decision is None: return CaptureResult(ArtifactState.HOLD, \"retention_policy_unavailable\")     mismatch = _bound(context, decision, current)     if mismatch: return CaptureResult(ArtifactState.REVIEW, mismatch)     if normalized is not None and not decision.retain_normalized_text:         return CaptureResult(ArtifactState.HOLD, \"normalized_retention_prohibited\")     if normalized is not None:         try: normalized.reproduce(body)         except (ValueError, UnicodeDecodeError): return CaptureResult(ArtifactState.REVIEW, \"normalized_source_mismatch\")     if cancelled is not None and cancelled(): return CaptureResult(ArtifactState.HOLD, \"capture_cancelled\")     digest, snapshot_id = hashlib.sha256(body).hexdigest(), secrets.token_hex(16)     artifact = ArtifactReference(artifact_id=f\"artifact-{snapshot_id}\", snapshot_id=snapshot_id,         content_digest=digest, byte_length=len(body), locator=f\"sha256:{digest}\", source_family=context.source_family,         origin=context.origin, retrieved_at=context.retrieved_at, event_at=context.event_at,         requested_url=context.requested_url, final_url=context.final_url)     metadata = {\"snapshot_id\": snapshot_id, \"artifact_id\": artifact.artifact_id,         \"operation_id\": context.operation_id, \"occurrence_id\": context.occurrence_id,         \"caller_id\": context.caller_id, \"scope\": context.scope, \"source_family\": context.source_family,         \"origin\": context.origin, \"requested_url\": context.requested_url, \"final_url\": context.final_url,         \"retrieved_at\": context.retrieved_at.isoformat(), \"event_at\": context.event_at.isoformat() if context.event_at else None,         \"content_digest\": digest, \"byte_length\": len(body), \"policy_digest\": decision.policy_digest,         \"policy_id\": decision.policy_id, \"issuer_id\": decision.issuer_id, \"reviewer_id\": decision.reviewer_id,         \"issued_at\": decision.issued_at.isoformat(), \"expires_at\": decision.expires_at.isoformat(),         \"retain_body\": decision.retain_body, \"retain_normalized_text\": decision.retain_normalized_text,         \"normalized\": ({\"text\": normalized.text, \"spans\": [asdict(s) for s in normalized.spans],                         \"source_digest\": normalized.source_digest} if normalized else None)}     if normalized is not None:         wire_spans = [SourceProofSpanReference(             span_id=f\"span-{snapshot_id}-{index}\", artifact_id=artifact.artifact_id,             byte_start=span.raw_start, byte_end=span.raw_end,             normalized_start=span.normalized_start, normalized_end=span.normalized_end,             raw_offset_unit=\"byte\", normalized_offset_unit=\"unicode_code_point\",             source_encoding=\"utf-8\",         ).model_dump(mode=\"json\") for index, span in enumerate(normalized.spans)]         proof_payload = {\"format_version\": \"source-proof/1.0\", \"input_ref\": \"0\" * 64,             \"context\": context.model_dump(mode=\"json\"), \"decision\": decision.model_dump(mode=\"json\"),             \"artifact\": artifact.model_dump(mode=\"json\"), \"spans\": wire_spans}         proof_raw = _canonical(proof_payload)         encoded_size = 4 + ((len(proof_raw) * 4 + 2) // 3)         if encoded_size > _MAX_EVIDENCE_PROOF_BYTES:             return CaptureResult(ArtifactState.REVIEW, \"source_proof_too_large\")     if cancelled is not None and cancelled(): return CaptureResult(ArtifactState.HOLD, \"capture_cancelled\")     try: store.write(body, metadata)     except (FileNotFoundError, PermissionError): return CaptureResult(ArtifactState.HOLD, \"artifact_store_unavailable\")     except (OSError, ValueError, TypeError): return CaptureResult(ArtifactState.REVIEW, \"artifact_store_invalid\")     if cancelled is not None and cancelled(): return CaptureResult(ArtifactState.HOLD, \"capture_cancelled\")     return CaptureResult(ArtifactState.AVAILABLE, \"retained\", artifact)"
        },
        {
            "id": "Function:flowsint-core/src/flowsint_core/tasks/enricher.py:run_connector_template",
            "name": "run_connector_template",
            "filePath": "flowsint-core/src/flowsint_core/tasks/enricher.py",
            "nodeType": "Function",
            "startLine": 197,
            "endLine": 380,
            "content": "def run_connector_template(     self,     template_id: str,     template_digest: str,     serialized_objects: List[dict],     sketch_id: str | None,     owner_id: str,     idempotency_key: Optional[str] = None, ):     \"\"\"Run a registry-backed template with Stage 3 replay and lease fencing intact.\"\"\"     from flowsint_execution.models import RedactedDiagnostic, canonical_input_hash     from ..core.services.execution_service import (         FINAL_RUN_STATUSES,         RunLeaseLost,         create_execution_service,     )     session = SessionLocal()     scan = None     flow_run = None     lease = None     execution_service = None     safe_diagnostic = RedactedDiagnostic(         code=\"connector_execution_failed\",         safe_message=\"Connector execution could not be completed.\",         retryable=False,     )     try:         scan_id = uuid.UUID(self.request.id)         owner_uuid = uuid.UUID(owner_id)         template_uuid = uuid.UUID(template_id)         idempotency_key = idempotency_key or str(scan_id)         sketch_uuid = uuid.UUID(sketch_id) if sketch_id else None         input_digest = canonical_input_hash(serialized_objects)         operation_digest = hashlib.sha256(             f\"{template_uuid}:{template_digest}:{sketch_uuid or ''}\".encode(\"utf-8\")         ).hexdigest()         step_key = f\"connector-template:{template_uuid}:{template_digest}\"         execution_service = create_execution_service(session)         def canonical_scan(current_run):             return _get_or_create_scan(session, current_run.id, sketch_uuid)         def replay_or_attach():             session.expire_all()             current_run, _ = execution_service.create_or_reuse_run(                 owner_id=owner_uuid,                 idempotency_key=idempotency_key,                 input_digest=input_digest,                 input_count=len(serialized_objects),                 operation_digest=operation_digest,                 sketch_id=sketch_uuid,                 run_id=scan_id,             )             replayed_step = execution_service.get_step(current_run, step_key)             if current_run.status in FINAL_RUN_STATUSES:                 current_scan = canonical_scan(current_run)                 if (                     replayed_step is not None                     and replayed_step.status in FINAL_RUN_STATUSES                 ):                     current_scan.status = EventLevel.COMPLETED                     current_scan.error = None                     current_scan.details = _safe_connector_scan_details(                         execution_service.reconstruct_structured_result(replayed_step)                     )                 else:                     diagnostic = current_run.safe_error_diagnostic or {}                     current_scan.status = EventLevel.FAILED                     current_scan.error = diagnostic.get(                         \"safe_message\", safe_diagnostic.safe_message                     )                     current_scan.details = {                         \"status\": \"failed\",                         \"flow_run_id\": str(current_run.id),                         \"flow_run_reference\": f\"flow_run:{current_run.id}\",                         \"error_code\": diagnostic.get(\"code\", safe_diagnostic.code),                     }                 session.commit()                 return {\"result\": current_scan.details}             return {                 \"result\": {                     \"status\": \"in_progress\",                     \"flow_run_id\": str(current_run.id),                     \"flow_run_reference\": f\"flow_run:{current_run.id}\",                 }             }         flow_run, _ = execution_service.create_or_reuse_run(             owner_id=owner_uuid,             idempotency_key=idempotency_key,             input_digest=input_digest,             input_count=len(serialized_objects),             operation_digest=operation_digest,             sketch_id=sketch_uuid,             run_id=scan_id,         )         lease = execution_service.claim_run(flow_run, str(scan_id))         if lease is None:             return replay_or_attach()         scan = canonical_scan(flow_run)         template_service = create_enricher_template_service(session)         db_template = template_service.get_template(template_uuid, owner_uuid)         template = Template.model_validate(db_template.content)         projection_binding = projection_registry.resolve(template.projection)         if connector_template_digest(template) != template_digest:             raise ConnectorPolicyError(\"connector template digest denied\")         enricher = TemplateEnricher(             template=template,             registry=destination_registry,             runtime_authorizer=EgressAuthorizer.enrichment(),             sketch_id=sketch_id,             scan_id=str(flow_run.id),         )         step_run = execution_service.begin_or_resume_step(             flow_run, lease, step_key, len(serialized_objects)         )         execution_service.update_st ... [truncated]"
        },
        {
            "id": "Function:flowsint-core/src/flowsint_execution/fetch.py:process",
            "name": "process",
            "filePath": "flowsint-core/src/flowsint_execution/fetch.py",
            "nodeType": "Function",
            "startLine": 768,
            "endLine": 814,
            "content": "    def process() -> tuple[SourceProofOutcome, ...]:         outcomes = []         for item in fetched.outcomes:             if item.status is not FetchStatus.SUCCESS:                 outcomes.append(SourceProofOutcome(item.occurrence_id, item.input_ref, item.status, CaptureResult(ArtifactState.REVIEW, \"fetch_failed\"), None, item.diagnostic, item.actual_resources))                 continue             source = admitted[item.occurrence_id]             if expired():                 raise TimeoutError             context = ArtifactContext(                 operation_id=operation.operation_id, occurrence_id=item.occurrence_id,                 caller_id=operation.policy.caller_id, scope=operation.policy.scope,                 source_family=\"http\", origin=item.final_origin or item.requested_origin,                 requested_url=item.requested_url or _redacted_location(source.url),                 final_url=item.final_url or _redacted_location(source.url),                 retrieved_at=datetime.now(timezone.utc),             )             try:                 normalized = normalize_html(item.body or b\"\")             except ValueError:                 capture = CaptureResult(ArtifactState.REVIEW, \"unsupported_source_encoding\")                 normalized = None             else:                 if expired():                     raise TimeoutError                 if retention_decision is None:                     capture = CaptureResult(ArtifactState.HOLD, \"retention_policy_unavailable\")                 elif artifact_store is None:                     capture = CaptureResult(ArtifactState.HOLD, \"artifact_store_unavailable\")                 else:                     capture = capture_source(artifact_store, context, retention_decision,                                              item.body, normalized=normalized, cancelled=expired)                 if expired():                     raise TimeoutError                 if capture.state is not ArtifactState.AVAILABLE:                     normalized = None             spans = ()             if capture.artifact is not None and normalized is not None:                 spans = tuple(SourceProofSpanReference(                     span_id=f\"span-{capture.artifact.snapshot_id}-{index}\", artifact_id=capture.artifact.artifact_id,                     byte_start=span.raw_start, byte_end=span.raw_end,                     normalized_start=span.normalized_start, normalized_end=span.normalized_end,                     raw_offset_unit=\"byte\", normalized_offset_unit=\"unicode_code_point\", source_encoding=\"utf-8\",                 ) for index, span in enumerate(normalized.spans))             outcomes.append(SourceProofOutcome(item.occurrence_id, item.input_ref, item.status,                                                capture, normalized, item.diagnostic, item.actual_resources, spans))         return tuple(outcomes)"
        },
        {
            "id": "Function:flowsint-api/app/api/routes/enricher_templates.py:test_template",
            "name": "test_template",
            "filePath": "flowsint-api/app/api/routes/enricher_templates.py",
            "nodeType": "Function",
            "startLine": 181,
            "endLine": 229,
            "content": "async def test_template(     template_id: UUID,     test_request: EnricherTemplateTestRequest,     db: Session = Depends(get_db),     current_user: Profile = Depends(get_current_user), ):     \"\"\"Return only redacted status and policy provenance for a connector test.\"\"\"     service = create_enricher_template_service(db)     try:         db_template = service.get_template(template_id, current_user.id)     except NotFoundError as error:         raise HTTPException(             status_code=status.HTTP_404_NOT_FOUND,             detail={\"code\": \"enricher_template_not_found\"},         ) from error     template = _deserialize_template(db_template.content)     enricher = TemplateEnricher(         template=template,         registry=destination_registry,         runtime_authorizer=EgressAuthorizer.enrichment(),     )     enricher.vault = Vault(db=db, owner_id=current_user.id)     result = await enricher.execute_structured([test_request.input_value])     outcomes = [         ConnectorTestOutcome(             status=outcome.status.value,             visible_outputs=len(outcome.outputs),             diagnostic=outcome.diagnostic,             evidence=[                 ConnectorTestEvidenceMetadata(                     destination_id=evidence.destination_id,                     endpoint_id=evidence.endpoint_id,                     capability=evidence.capability,                     policy_version=evidence.policy_version,                     artifact_sha256=evidence.artifact_sha256,                     artifact_reference=evidence.artifact_reference,                 )                 for evidence in outcome.evidence             ],         )         for outcome in result.outcomes     ]     return EnricherTemplateTestResponse(         success=all(outcome.status.value == \"success\" for outcome in result.outcomes),         destination_id=enricher.endpoint.destination_id,         endpoint_id=enricher.endpoint.endpoint_id,         capability=enricher.endpoint.capability,         outcomes=outcomes,     )"
        },
        {
            "id": "Method:flowsint-core/src/flowsint_core/core/template_enricher.py:TemplateEnricher._process_single_input#3",
            "name": "_process_single_input",
            "filePath": "flowsint-core/src/flowsint_core/core/template_enricher.py",
            "nodeType": "Method",
            "startLine": 251,
            "endLine": 326,
            "content": "    async def _process_single_input(         self, client: httpx.AsyncClient, input_obj: Any, input_ref: str | None = None     ) -> List[Any]:         self._last_response_artifact_sha256 = None         self._last_artifact_reference = None         self._last_capture_state = None         self._last_capture_reason = None         self._last_http_status_class = None         url, fixed_headers, query, json_body = self._request_parts(input_obj)         headers = self._resolved_headers(fixed_headers)         try:             async with asyncio.timeout(self.endpoint.definition.timeout_seconds):                 async with client.stream(                     self.endpoint.definition.method,                     url,                     headers=headers,                     params=query,                     json=json_body,                     timeout=self.endpoint.definition.timeout_seconds,                 ) as response:                     if 300 <= response.status_code < 400:                         raise ConnectorRedirectDenied(\"connector redirect denied\")                     self._last_http_status_class = response.status_code // 100                     response.raise_for_status()                     response_bytes = await self._read_response(response)         except TimeoutError as error:             raise httpx.ReadTimeout(\"connector deadline exceeded\") from error         operation_id = f\"connector-{uuid.uuid4().hex}\"         occurrence_id = f\"input-{uuid.uuid4().hex}\"         caller_id = f\"connector:{self.endpoint.destination_id}:{self.endpoint.endpoint_id}\"         runtime = None         if self._artifact_store is None or self._retention_authority is None:             runtime = load_artifact_runtime(                 caller_id=caller_id,                 scope=self.endpoint.capability,                 source_family=\"connector\",             )         store = self._artifact_store or (runtime.store if runtime else None)         authority = self._retention_authority or (runtime.authority if runtime else None)         decision = authority.issue(operation_id) if authority else None         retrieved_at = datetime.now(timezone.utc)         context = ArtifactContext(             operation_id=operation_id,             occurrence_id=occurrence_id,             caller_id=caller_id,             scope=self.endpoint.capability,             source_family=\"connector\",             origin=self.endpoint.base_url,             requested_url=f\"{self.endpoint.base_url}{self.endpoint.definition.path}\",             final_url=f\"{self.endpoint.base_url}{self.endpoint.definition.path}\",             retrieved_at=retrieved_at,         )         if decision is None:             self._last_capture_state = ArtifactState.HOLD             self._last_capture_reason = \"retention_policy_unavailable\"             return []         if store is None:             self._last_capture_state = ArtifactState.HOLD             self._last_capture_reason = \"artifact_store_unavailable\"             return []         captured = capture_source(store, context, decision, response_bytes)         self._last_capture_state = captured.state         self._last_capture_reason = captured.reason         if captured.state is not ArtifactState.AVAILABLE or captured.artifact is None:             return []         self._last_response_artifact_sha256 = captured.artifact.content_digest         self._last_retrieved_at = captured.artifact.retrieved_at         self._last_artifact_reference = encode_source_proof(PersistedSourceProof(             format_version=\"source-proof/1.0\",             input_ref=input_ref or canonical_input_hash(input_obj),             context=context,             decision=decision,             artifact=captured.artifact,             spans=(),         ))         return self._map_response(response_bytes)"
        },
        {
            "id": "Method:flowsint-core/src/flowsint_core/core/template_enricher.py:TemplateEnricher.execute_structured#1",
            "name": "execute_structured",
            "filePath": "flowsint-core/src/flowsint_core/core/template_enricher.py",
            "nodeType": "Method",
            "startLine": 422,
            "endLine": 486,
            "content": "    async def execute_structured(self, values: List[Any]) -> StructuredExecutionResult:         \"\"\"Execute inputs independently without logging, retaining, or returning raw egress data.\"\"\"         outcomes: list[InputOutcome] = []         try:             async with self._structured_execution_context() as client:                 for original_input in values:                     input_ref = canonical_input_hash(original_input)                     self._last_response_artifact_sha256 = None                     self._last_artifact_reference = None                     self._last_capture_state = None                     self._last_capture_reason = None                     self._last_http_status_class = None                     self._last_retrieved_at = None                     try:                         self._reject_unknown_input_fields(original_input)                         input_obj = self._validate_single_input(original_input)                         processed = await self._process_single_input(client, input_obj, input_ref)                         evidence = self._build_structured_evidence(input_obj, input_ref)                         status, diagnostic = self._classify_structured_success(                             tuple(processed), evidence                         )                         outcomes.append(                             InputOutcome(                                 input_ref=input_ref,                                 status=status,                                 outputs=tuple(processed)                                 if status is OutcomeStatus.SUCCESS                                 else (),                                 diagnostic=diagnostic,                                 evidence=evidence,                             )                         )                     except Exception as error:                         outcomes.append(                             InputOutcome(                                 input_ref=input_ref,                                 status=OutcomeStatus.FAILURE,                                 diagnostic=self._classify_structured_exception(error),                                 evidence=self._build_structured_evidence(                                     original_input, input_ref                                 ),                             )                         )         finally:             try:                 self._graph_service.flush()             except Exception:                 pass         Logger.info(             self.sketch_id,             {                 \"event\": \"connector_completed\",                 \"destination_id\": self.endpoint.destination_id,                 \"endpoint_id\": self.endpoint.endpoint_id,                 \"capability\": self.endpoint.capability,                 \"outcome_counts\": {                     status.value: sum(                         outcome.status is status for outcome in outcomes                     )                     for status in OutcomeStatus                 },                 \"http_status_class\": self._last_http_status_class,             },         )         return StructuredExecutionResult(enricher_name=self.name(), outcomes=tuple(outcomes))"
        },
        {
            "id": "Method:flowsint-core/src/flowsint_core/core/template_enricher.py:TemplateEnricher.scan#1",
            "name": "scan",
            "filePath": "flowsint-core/src/flowsint_core/core/template_enricher.py",
            "nodeType": "Method",
            "startLine": 488,
            "endLine": 495,
            "content": "    async def scan(self, values: List[Any]) -> List[Any]:         result = await self.execute_structured(values)         return [             output             for outcome in result.outcomes             if outcome.status is OutcomeStatus.SUCCESS             for output in outcome.outputs         ]"
        },
        {
            "id": "Method:flowsint-core/tests/templates/test_template_enricher.py:TestRegistryBackedTemplateEnricher.test_deployment_runtime_config_retains_resolvable_connector_proof#2",
            "name": "test_deployment_runtime_config_retains_resolvable_connector_proof",
            "filePath": "flowsint-core/tests/templates/test_template_enricher.py",
            "nodeType": "Method",
            "startLine": 143,
            "endLine": 182,
            "content": "    async def test_deployment_runtime_config_retains_resolvable_connector_proof(self, monkeypatch, tmp_path):         now = datetime.now(timezone.utc)         policy = {             \"issuer_id\": \"deployment\", \"reviewer_id\": \"operator-reviewer\",             \"policy_id\": \"connector-runtime-v1\",             \"caller_id\": \"connector:approved_directory:lookup\", \"scope\": \"enrich.read\",             \"source_family\": \"connector\", \"issued_at\": (now - timedelta(hours=1)).isoformat(),             \"expires_at\": (now + timedelta(hours=1)).isoformat(),             \"retain_normalized_text\": True,         }         canonical = json.dumps(policy, ensure_ascii=True, sort_keys=True, separators=(\",\", \":\"))         policy[\"content_digest\"] = hashlib.sha256(canonical.encode()).hexdigest()         config = tmp_path / \"artifact-runtime.json\"         config.write_text(json.dumps({             \"format_version\": \"1.0\", \"store_root\": str(tmp_path / \"artifact-store\"),             \"policies\": [policy],         }))         monkeypatch.setenv(\"FLOWSINT_ARTIFACT_RUNTIME_CONFIG\", str(config))         response_body = {\"normalized\": \"Approved address\", \"city\": \"Test City\", \"country\": \"US\", \"zip\": \"00000\"}         patch_client(monkeypatch, lambda _request: httpx.Response(200, json=response_body))         enricher = TemplateEnricher(             template=template(), registry=registry(),             runtime_authorizer=EgressAuthorizer.enrichment(),         )         enricher._graph_service = MagicMock()         result = await enricher.execute_structured([location()])         evidence = result.outcomes[0].evidence[0]         proof = decode_source_proof(evidence.artifact_reference)         assert result.outcomes[0].status is OutcomeStatus.SUCCESS         resolved = resolve_persisted_source_proof(             evidence.artifact_reference,             caller_id=\"connector:approved_directory:lookup\", scope=\"enrich.read\",             source_family=\"connector\", operation_id=proof.context.operation_id,             occurrence_id=proof.context.occurrence_id, config_path=config,         )         assert resolved.state.value == \"available\"         assert json.loads(resolved.body) == response_body         serialized = result.model_dump_json()         assert \"input%20address\" not in serialized         assert str(tmp_path / \"artifact-store\") not in serialized"
        },
        {
            "id": "Method:flowsint-core/tests/templates/test_template_enricher.py:TestRegistryBackedTemplateEnricher.test_approved_enrichment_succeeds#2",
            "name": "test_approved_enrichment_succeeds",
            "filePath": "flowsint-core/tests/templates/test_template_enricher.py",
            "nodeType": "Method",
            "startLine": 185,
            "endLine": 221,
            "content": "    async def test_approved_enrichment_succeeds(self, monkeypatch, tmp_path):         requests = []         def handler(request):             requests.append(request)             return httpx.Response(                 200,                 json={                     \"normalized\": \"Approved address\",                     \"city\": \"Test City\",                     \"country\": \"US\",                     \"zip\": \"00000\",                 },             )         patch_client(monkeypatch, handler)         enricher = TemplateEnricher(             template=template(),             registry=registry(),             runtime_authorizer=EgressAuthorizer.enrichment(),             sketch_id=\"safe-sketch\",             artifact_store=FilesystemArtifactStore(tmp_path / \"artifacts\"),             retention_authority=RetentionAuthority(                 issuer_id=\"deployment\", reviewer_id=\"reviewer\", policy_id=\"connector-policy\",                 policy_digest=hashlib.sha256(b\"reviewed connector policy\").hexdigest(),                 caller_id=\"connector:approved_directory:lookup\", scope=\"enrich.read\",                 source_family=\"connector\", expires_at=datetime.now(timezone.utc) + timedelta(hours=1),             ),         )         enricher._graph_service = MagicMock()         result = await enricher.execute_structured([location()])         assert result.outcomes[0].status is OutcomeStatus.SUCCESS         assert result.outcomes[0].outputs[0].address == \"Approved address\"         assert requests[0].url.host == \"approved.example\"         assert str(requests[0].url).endswith(\"/lookup/input%20address\")"
        },
        {
            "id": "Method:flowsint-core/tests/templates/test_template_enricher.py:TestRegistryBackedTemplateEnricher.test_template_source_rights_cannot_authorize_retention#1",
            "name": "test_template_source_rights_cannot_authorize_retention",
            "filePath": "flowsint-core/tests/templates/test_template_enricher.py",
            "nodeType": "Method",
            "startLine": 224,
            "endLine": 231,
            "content": "    async def test_template_source_rights_cannot_authorize_retention(self, monkeypatch):         patch_client(monkeypatch, lambda _request: httpx.Response(200, json={\"normalized\": \"held\", \"city\": \"x\", \"country\": \"US\", \"zip\": \"0\"}))         enricher = TemplateEnricher(template=template(), registry=registry(), runtime_authorizer=EgressAuthorizer.enrichment())         enricher._graph_service = MagicMock()         result = await enricher.execute_structured([location()])         assert result.outcomes[0].status is OutcomeStatus.HOLD         assert result.outcomes[0].outputs == ()         assert result.outcomes[0].evidence[0].artifact_reference is None"
        },
        {
            "id": "Method:flowsint-core/tests/templates/test_template_enricher.py:TestRegistryBackedTemplateEnricher.test_unknown_supplied_input_field_never_reaches_http#1",
            "name": "test_unknown_supplied_input_field_never_reaches_http",
            "filePath": "flowsint-core/tests/templates/test_template_enricher.py",
            "nodeType": "Method",
            "startLine": 333,
            "endLine": 354,
            "content": "    async def test_unknown_supplied_input_field_never_reaches_http(self, monkeypatch):         requests = []         def handler(request):             requests.append(request)             return httpx.Response(200, json={\"normalized\": \"unused\"})         patch_client(monkeypatch, handler)         enricher = TemplateEnricher(             template=template(),             registry=registry(),             runtime_authorizer=EgressAuthorizer.enrichment(),         )         enricher._graph_service = MagicMock()         result = await enricher.execute_structured(             [{\"address\": \"approved\", \"unapproved\": \"denied\"}]         )         assert result.outcomes[0].status is OutcomeStatus.FAILURE         assert result.outcomes[0].diagnostic.code == \"connector_validation_failed\"         assert requests == []"
        },
        {
            "id": "Method:flowsint-core/tests/templates/test_template_enricher.py:TestRegistryBackedTemplateEnricher.test_redirect_is_not_followed#1",
            "name": "test_redirect_is_not_followed",
            "filePath": "flowsint-core/tests/templates/test_template_enricher.py",
            "nodeType": "Method",
            "startLine": 378,
            "endLine": 401,
            "content": "    async def test_redirect_is_not_followed(self, monkeypatch):         requests = []         def handler(request):             requests.append(request)             return httpx.Response(                 302,                 headers={\"location\": \"https://unapproved.example/redirected\"},             )         patch_client(monkeypatch, handler)         enricher = TemplateEnricher(             template=template(),             registry=registry(),             runtime_authorizer=EgressAuthorizer.enrichment(),         )         enricher._graph_service = MagicMock()         result = await enricher.execute_structured([location()])         assert len(requests) == 1         assert result.outcomes[0].status is OutcomeStatus.FAILURE         assert result.outcomes[0].diagnostic.code == \"connector_response_invalid\"         assert \"unapproved.example\" not in result.model_dump_json()"
        },
        {
            "id": "Method:flowsint-core/tests/templates/test_template_enricher.py:TestRegistryBackedTemplateEnricher.test_response_over_policy_limit_is_rejected#1",
            "name": "test_response_over_policy_limit_is_rejected",
            "filePath": "flowsint-core/tests/templates/test_template_enricher.py",
            "nodeType": "Method",
            "startLine": 404,
            "endLine": 419,
            "content": "    async def test_response_over_policy_limit_is_rejected(self, monkeypatch):         def handler(_request):             return httpx.Response(200, content=b\"x\" * 129)         patch_client(monkeypatch, handler)         enricher = TemplateEnricher(             template=template(),             registry=registry(),             runtime_authorizer=EgressAuthorizer.enrichment(),         )         enricher._graph_service = MagicMock()         result = await enricher.execute_structured([location()])         assert result.outcomes[0].status is OutcomeStatus.FAILURE         assert result.outcomes[0].diagnostic.code == \"connector_response_invalid\""
        },
        {
            "id": "Method:flowsint-core/tests/templates/test_template_enricher.py:TestRegistryBackedTemplateEnricher.test_total_response_deadline_covers_full_streamed_body#1",
            "name": "test_total_response_deadline_covers_full_streamed_body",
            "filePath": "flowsint-core/tests/templates/test_template_enricher.py",
            "nodeType": "Method",
            "startLine": 423,
            "endLine": 455,
            "content": "    async def test_total_response_deadline_covers_full_streamed_body(self, monkeypatch):         class SlowDripStream(httpx.AsyncByteStream):             async def __aiter__(self):                 payload = (                     b'{\"normalized\":\"untrusted-body-material\",\"city\":\"Test City\",'                     b'\"country\":\"US\",\"zip\":\"00000\"}'                 )                 for chunk in (payload[:40], payload[40:]):                     await asyncio.sleep(0.06)                     yield chunk             async def aclose(self):                 return None         def handler(_request):             return httpx.Response(200, stream=SlowDripStream())         patch_client(monkeypatch, handler)         enricher = TemplateEnricher(             template=template(),             registry=registry(timeout_seconds=0.1),             runtime_authorizer=EgressAuthorizer.enrichment(),         )         enricher._graph_service = MagicMock()         result = await enricher.execute_structured([location()])         outcome = result.outcomes[0]         assert outcome.status is OutcomeStatus.FAILURE         assert outcome.diagnostic is not None         assert outcome.diagnostic.code == \"connector_timeout\"         assert outcome.diagnostic.retryable is True         assert \"untrusted-body-material\" not in result.model_dump_json()"
        },
        {
            "id": "Method:flowsint-core/tests/templates/test_template_enricher.py:TestRegistryBackedTemplateEnricher.test_secret_and_raw_response_are_not_in_diagnostics_or_logs#1",
            "name": "test_secret_and_raw_response_are_not_in_diagnostics_or_logs",
            "filePath": "flowsint-core/tests/templates/test_template_enricher.py",
            "nodeType": "Method",
            "startLine": 457,
            "endLine": 496,
            "content": "    async def test_secret_and_raw_response_are_not_in_diagnostics_or_logs(         self, monkeypatch     ):         logger = MagicMock()         monkeypatch.setattr(\"flowsint_core.core.template_enricher.Logger\", logger)         def handler(request):             assert request.headers[\"Authorization\"] == \"header-secret\"             return httpx.Response(                 200,                 json={                     \"normalized\": \"safe mapped output\",                     \"city\": \"Test City\",                     \"country\": \"US\",                     \"zip\": \"00000\",                     \"document\": \"raw document and personal material\",                 },             )         patch_client(monkeypatch, handler)         vault = RecordingVault()         enricher = TemplateEnricher(             template=template(),             registry=registry(secret_headers={\"Authorization\": \"connector-token\"}),             runtime_authorizer=EgressAuthorizer.enrichment(),             vault=vault,             sketch_id=\"safe-sketch\",         )         enricher._graph_service = MagicMock()         result = await enricher.execute_structured([location()])         serialized = result.model_dump_json()         logged = str(logger.info.call_args)         assert vault.calls == 1         assert \"header-secret\" not in serialized         assert \"raw document and personal material\" not in serialized         assert \"input address\" not in logged         assert \"header-secret\" not in logged         assert \"raw document and personal material\" not in logged"
        },
        {
            "id": "Class:flowsint-core/src/flowsint_core/core/template_enricher.py:TemplateEnricher",
            "name": "TemplateEnricher",
            "filePath": "flowsint-core/src/flowsint_core/core/template_enricher.py",
            "nodeType": "Class",
            "startLine": 53,
            "endLine": 503,
            "content": "class TemplateEnricher(Enricher):     \"\"\"Execute a template only through a resolved deployment-owned endpoint.\"\"\"     InputType = FlowsintType     OutputType = FlowsintType     def __init__(         self,         template: Template,         registry: DestinationRegistry,         runtime_authorizer: EgressAuthorizer,         sketch_id: Optional[str] = None,         scan_id: Optional[str] = None,         vault=None,         artifact_store: FilesystemArtifactStore | None = None,         retention_authority: RetentionAuthority | None = None,     ):         self.template = template         self.InputType = self._detect_type(template.input.type)         self.OutputType = self._detect_type(template.output.type)         self.endpoint = registry.resolve(             template.connector, template.input.type, template.output.type         )         runtime_authorizer.require(self.endpoint.capability)         super().__init__(             sketch_id=sketch_id,             scan_id=scan_id,             vault=vault,             params_schema=[],             params={},         )         self._last_response_artifact_sha256: str | None = None         self._last_artifact_reference: str | None = None         self._last_capture_state: ArtifactState | None = None         self._last_capture_reason: str | None = None         self._last_http_status_class: int | None = None         self._artifact_store = artifact_store         self._retention_authority = retention_authority         self._last_retrieved_at: datetime | None = None     @staticmethod     def _detect_type(type_name: str) -> type[FlowsintType]:         load_all_types()         detected_type = get_type(type_name, case_sensitive=True)         if detected_type is None:             raise ConnectorPolicyError(\"connector type denied\")         return detected_type     def name(self) -> str:  # type: ignore[override]         return f\"connector:{self.endpoint.destination_id}:{self.endpoint.endpoint_id}\"     def category(self) -> str:  # type: ignore[override]         return self.template.category     def key(self) -> str:  # type: ignore[override]         return self.template.input.key     @classmethod     def documentation(cls) -> str:         return \"Registry-backed enrichment connector.\"     async def async_init(self) -> None:         \"\"\"Do not resolve credentials before per-input policy validation.\"\"\"     def _reject_unknown_input_fields(self, value: Any) -> None:         if not isinstance(value, dict):             return         allowed_fields = set(self.InputType.model_fields)         if set(value) - allowed_fields:             raise ConnectorValidationError(\"connector input field invalid\")     def _validated_request_values(self, input_obj: Any) -> dict[str, Any]:         values: dict[str, Any] = {}         for field in self.endpoint.definition.request_fields:             value = getattr(input_obj, field.source_field, None)             if value is None:                 if field.required:                     raise ConnectorValidationError(\"connector input field invalid\")                 continue             if field.value_type == \"string\":                 if not isinstance(value, str) or len(value) > field.max_length:                     raise ConnectorValidationError(\"connector input field invalid\")             elif field.value_type == \"integer\":                 if isinstance(value, bool) or not isinstance(value, int):                     raise ConnectorValidationError(\"connector input field invalid\")             elif field.value_type == \"number\":                 if isinstance(value, bool) or not isinstance(value, (int, float)):                     raise ConnectorValidationError(\"connector input field invalid\")             elif field.value_type == \"boolean\" and not isinstance(value, bool):                 raise ConnectorValidationError(\"connector input field invalid\")             values[field.name] = value         return values     def _request_parts(         self, input_obj: Any     ) -> tuple[str, dict[str, str], dict[str, Any], dict[str, Any] | None]:         values = self._validated_request_values(input_obj)         definition = self.endpoint.definition         path = definition.path         query: dict[str, Any] = dict(definition.fixed_query)         json_body: dict[str, Any] = {}         for field in definition.request_fields:             if field.name not in values:                 continue             value = values[field.name]             if field.location == \"path\":                 path = path.replace(\"{\" + field.name + \"}\", quote(str(value), safe=\"\"))             elif field.location == \"query\":                 if field.name in query:                     raise ConnectorPolicyError(\"connector query field denied\")                 query[field.name] = value             else:                 json_body[field.name] = value         url = f\"{self.endpoint.base_url}{path}\"         parsed = httpx.URL(url)         base = httpx.URL(self.endpoint.base_url)         if ( ... [truncated]"
        }
    ],
    "edges": [
        {
            "from": "Method:flowsint-core/src/flowsint_core/core/template_enricher.py:TemplateEnricher._process_single_input#3",
            "to": "Function:flowsint-core/src/flowsint_execution/artifacts.py:capture_source",
            "type": "CALLS",
            "confidence": 0.85
        },
        {
            "from": "Function:flowsint-core/src/flowsint_execution/fetch.py:process",
            "to": "Function:flowsint-core/src/flowsint_execution/artifacts.py:capture_source",
            "type": "CALLS",
            "confidence": 0.85
        },
        {
            "from": "Method:flowsint-core/src/flowsint_core/core/template_enricher.py:TemplateEnricher.execute_structured#1",
            "to": "Method:flowsint-core/src/flowsint_core/core/template_enricher.py:TemplateEnricher._process_single_input#3",
            "type": "CALLS",
            "confidence": 0.85
        },
        {
            "from": "Class:flowsint-core/src/flowsint_core/core/template_enricher.py:TemplateEnricher",
            "to": "Method:flowsint-core/src/flowsint_core/core/template_enricher.py:TemplateEnricher._process_single_input#3",
            "type": "HAS_METHOD",
            "confidence": 1
        },
        {
            "from": "Method:flowsint-core/src/flowsint_core/core/template_enricher.py:TemplateEnricher.scan#1",
            "to": "Method:flowsint-core/src/flowsint_core/core/template_enricher.py:TemplateEnricher.execute_structured#1",
            "type": "CALLS",
            "confidence": 0.85
        },
        {
            "from": "Method:flowsint-core/tests/templates/test_template_enricher.py:TestRegistryBackedTemplateEnricher.test_deployment_runtime_config_retains_resolvable_connector_proof#2",
            "to": "Method:flowsint-core/src/flowsint_core/core/template_enricher.py:TemplateEnricher.execute_structured#1",
            "type": "CALLS",
            "confidence": 0.85
        },
        {
            "from": "Method:flowsint-core/tests/templates/test_template_enricher.py:TestRegistryBackedTemplateEnricher.test_approved_enrichment_succeeds#2",
            "to": "Method:flowsint-core/src/flowsint_core/core/template_enricher.py:TemplateEnricher.execute_structured#1",
            "type": "CALLS",
            "confidence": 0.85
        },
        {
            "from": "Method:flowsint-core/tests/templates/test_template_enricher.py:TestRegistryBackedTemplateEnricher.test_template_source_rights_cannot_authorize_retention#1",
            "to": "Method:flowsint-core/src/flowsint_core/core/template_enricher.py:TemplateEnricher.execute_structured#1",
            "type": "CALLS",
            "confidence": 0.85
        },
        {
            "from": "Method:flowsint-core/tests/templates/test_template_enricher.py:TestRegistryBackedTemplateEnricher.test_unknown_supplied_input_field_never_reaches_http#1",
            "to": "Method:flowsint-core/src/flowsint_core/core/template_enricher.py:TemplateEnricher.execute_structured#1",
            "type": "CALLS",
            "confidence": 0.85
        },
        {
            "from": "Method:flowsint-core/tests/templates/test_template_enricher.py:TestRegistryBackedTemplateEnricher.test_redirect_is_not_followed#1",
            "to": "Method:flowsint-core/src/flowsint_core/core/template_enricher.py:TemplateEnricher.execute_structured#1",
            "type": "CALLS",
            "confidence": 0.85
        },
        {
            "from": "Method:flowsint-core/tests/templates/test_template_enricher.py:TestRegistryBackedTemplateEnricher.test_response_over_policy_limit_is_rejected#1",
            "to": "Method:flowsint-core/src/flowsint_core/core/template_enricher.py:TemplateEnricher.execute_structured#1",
            "type": "CALLS",
            "confidence": 0.85
        },
        {
            "from": "Method:flowsint-core/tests/templates/test_template_enricher.py:TestRegistryBackedTemplateEnricher.test_total_response_deadline_covers_full_streamed_body#1",
            "to": "Method:flowsint-core/src/flowsint_core/core/template_enricher.py:TemplateEnricher.execute_structured#1",
            "type": "CALLS",
            "confidence": 0.85
        },
        {
            "from": "Method:flowsint-core/tests/templates/test_template_enricher.py:TestRegistryBackedTemplateEnricher.test_secret_and_raw_response_are_not_in_diagnostics_or_logs#1",
            "to": "Method:flowsint-core/src/flowsint_core/core/template_enricher.py:TemplateEnricher.execute_structured#1",
            "type": "CALLS",
            "confidence": 0.85
        },
        {
            "from": "Class:flowsint-core/src/flowsint_core/core/template_enricher.py:TemplateEnricher",
            "to": "Method:flowsint-core/src/flowsint_core/core/template_enricher.py:TemplateEnricher.execute_structured#1",
            "type": "HAS_METHOD",
            "confidence": 1
        },
        {
            "from": "Function:flowsint-core/src/flowsint_core/tasks/enricher.py:run_connector_template",
            "to": "Method:flowsint-core/src/flowsint_core/core/template_enricher.py:TemplateEnricher.execute_structured#1",
            "type": "CALLS",
            "confidence": 0.85
        },
        {
            "from": "Function:flowsint-api/app/api/routes/enricher_templates.py:test_template",
            "to": "Method:flowsint-core/src/flowsint_core/core/template_enricher.py:TemplateEnricher.execute_structured#1",
            "type": "CALLS",
            "confidence": 0.85
        }
    ],
    "files": [
        {
            "filePath": "flowsint-core/src/flowsint_execution/artifacts.py",
            "count": 1,
            "symbols": [
                {
                    "id": "Function:flowsint-core/src/flowsint_execution/artifacts.py:capture_source",
                    "name": "capture_source",
                    "filePath": "flowsint-core/src/flowsint_execution/artifacts.py",
                    "nodeType": "Function",
                    "startLine": 273,
                    "endLine": 326,
                    "content": "def capture_source(store: FilesystemArtifactStore, context: ArtifactContext,                    decision: RetentionDecision | None, body: bytes | None, *, complete: bool = True,                    normalized: NormalizedSource | None = None, now: datetime | None = None,                    cancelled: Callable[[], bool] | None = None) -> CaptureResult:     current = now or datetime.now(timezone.utc)     if cancelled is not None and cancelled(): return CaptureResult(ArtifactState.HOLD, \"capture_cancelled\")     if body is None: return CaptureResult(ArtifactState.REVIEW, \"body_missing\")     if not complete: return CaptureResult(ArtifactState.REVIEW, \"truncated_body\")     if decision is None: return CaptureResult(ArtifactState.HOLD, \"retention_policy_unavailable\")     mismatch = _bound(context, decision, current)     if mismatch: return CaptureResult(ArtifactState.REVIEW, mismatch)     if normalized is not None and not decision.retain_normalized_text:         return CaptureResult(ArtifactState.HOLD, \"normalized_retention_prohibited\")     if normalized is not None:         try: normalized.reproduce(body)         except (ValueError, UnicodeDecodeError): return CaptureResult(ArtifactState.REVIEW, \"normalized_source_mismatch\")     if cancelled is not None and cancelled(): return CaptureResult(ArtifactState.HOLD, \"capture_cancelled\")     digest, snapshot_id = hashlib.sha256(body).hexdigest(), secrets.token_hex(16)     artifact = ArtifactReference(artifact_id=f\"artifact-{snapshot_id}\", snapshot_id=snapshot_id,         content_digest=digest, byte_length=len(body), locator=f\"sha256:{digest}\", source_family=context.source_family,         origin=context.origin, retrieved_at=context.retrieved_at, event_at=context.event_at,         requested_url=context.requested_url, final_url=context.final_url)     metadata = {\"snapshot_id\": snapshot_id, \"artifact_id\": artifact.artifact_id,         \"operation_id\": context.operation_id, \"occurrence_id\": context.occurrence_id,         \"caller_id\": context.caller_id, \"scope\": context.scope, \"source_family\": context.source_family,         \"origin\": context.origin, \"requested_url\": context.requested_url, \"final_url\": context.final_url,         \"retrieved_at\": context.retrieved_at.isoformat(), \"event_at\": context.event_at.isoformat() if context.event_at else None,         \"content_digest\": digest, \"byte_length\": len(body), \"policy_digest\": decision.policy_digest,         \"policy_id\": decision.policy_id, \"issuer_id\": decision.issuer_id, \"reviewer_id\": decision.reviewer_id,         \"issued_at\": decision.issued_at.isoformat(), \"expires_at\": decision.expires_at.isoformat(),         \"retain_body\": decision.retain_body, \"retain_normalized_text\": decision.retain_normalized_text,         \"normalized\": ({\"text\": normalized.text, \"spans\": [asdict(s) for s in normalized.spans],                         \"source_digest\": normalized.source_digest} if normalized else None)}     if normalized is not None:         wire_spans = [SourceProofSpanReference(             span_id=f\"span-{snapshot_id}-{index}\", artifact_id=artifact.artifact_id,             byte_start=span.raw_start, byte_end=span.raw_end,             normalized_start=span.normalized_start, normalized_end=span.normalized_end,             raw_offset_unit=\"byte\", normalized_offset_unit=\"unicode_code_point\",             source_encoding=\"utf-8\",         ).model_dump(mode=\"json\") for index, span in enumerate(normalized.spans)]         proof_payload = {\"format_version\": \"source-proof/1.0\", \"input_ref\": \"0\" * 64,             \"context\": context.model_dump(mode=\"json\"), \"decision\": decision.model_dump(mode=\"json\"),             \"artifact\": artifact.model_dump(mode=\"json\"), \"spans\": wire_spans}         proof_raw = _canonical(proof_payload)         encoded_size = 4 + ((len(proof_raw) * 4 + 2) // 3)         if encoded_size > _MAX_EVIDENCE_PROOF_BYTES:             return CaptureResult(ArtifactState.REVIEW, \"source_proof_too_large\")     if cancelled is not None and cancelled(): return CaptureResult(ArtifactState.HOLD, \"capture_cancelled\")     try: store.write(body, metadata)     except (FileNotFoundError, PermissionError): return CaptureResult(ArtifactState.HOLD, \"artifact_store_unavailable\")     except (OSError, ValueError, TypeError): return CaptureResult(ArtifactState.REVIEW, \"artifact_store_invalid\")     if cancelled is not None and cancelled(): return CaptureResult(ArtifactState.HOLD, \"capture_cancelled\")     return CaptureResult(ArtifactState.AVAILABLE, \"retained\", artifact)"
                }
            ]
        },
        {
            "filePath": "flowsint-core/src/flowsint_core/tasks/enricher.py",
            "count": 1,
            "symbols": [
                {
                    "id": "Function:flowsint-core/src/flowsint_core/tasks/enricher.py:run_connector_template",
                    "name": "run_connector_template",
                    "filePath": "flowsint-core/src/flowsint_core/tasks/enricher.py",
                    "nodeType": "Function",
                    "startLine": 197,
                    "endLine": 380,
                    "content": "def run_connector_template(     self,     template_id: str,     template_digest: str,     serialized_objects: List[dict],     sketch_id: str | None,     owner_id: str,     idempotency_key: Optional[str] = None, ):     \"\"\"Run a registry-backed template with Stage 3 replay and lease fencing intact.\"\"\"     from flowsint_execution.models import RedactedDiagnostic, canonical_input_hash     from ..core.services.execution_service import (         FINAL_RUN_STATUSES,         RunLeaseLost,         create_execution_service,     )     session = SessionLocal()     scan = None     flow_run = None     lease = None     execution_service = None     safe_diagnostic = RedactedDiagnostic(         code=\"connector_execution_failed\",         safe_message=\"Connector execution could not be completed.\",         retryable=False,     )     try:         scan_id = uuid.UUID(self.request.id)         owner_uuid = uuid.UUID(owner_id)         template_uuid = uuid.UUID(template_id)         idempotency_key = idempotency_key or str(scan_id)         sketch_uuid = uuid.UUID(sketch_id) if sketch_id else None         input_digest = canonical_input_hash(serialized_objects)         operation_digest = hashlib.sha256(             f\"{template_uuid}:{template_digest}:{sketch_uuid or ''}\".encode(\"utf-8\")         ).hexdigest()         step_key = f\"connector-template:{template_uuid}:{template_digest}\"         execution_service = create_execution_service(session)         def canonical_scan(current_run):             return _get_or_create_scan(session, current_run.id, sketch_uuid)         def replay_or_attach():             session.expire_all()             current_run, _ = execution_service.create_or_reuse_run(                 owner_id=owner_uuid,                 idempotency_key=idempotency_key,                 input_digest=input_digest,                 input_count=len(serialized_objects),                 operation_digest=operation_digest,                 sketch_id=sketch_uuid,                 run_id=scan_id,             )             replayed_step = execution_service.get_step(current_run, step_key)             if current_run.status in FINAL_RUN_STATUSES:                 current_scan = canonical_scan(current_run)                 if (                     replayed_step is not None                     and replayed_step.status in FINAL_RUN_STATUSES                 ):                     current_scan.status = EventLevel.COMPLETED                     current_scan.error = None                     current_scan.details = _safe_connector_scan_details(                         execution_service.reconstruct_structured_result(replayed_step)                     )                 else:                     diagnostic = current_run.safe_error_diagnostic or {}                     current_scan.status = EventLevel.FAILED                     current_scan.error = diagnostic.get(                         \"safe_message\", safe_diagnostic.safe_message                     )                     current_scan.details = {                         \"status\": \"failed\",                         \"flow_run_id\": str(current_run.id),                         \"flow_run_reference\": f\"flow_run:{current_run.id}\",                         \"error_code\": diagnostic.get(\"code\", safe_diagnostic.code),                     }                 session.commit()                 return {\"result\": current_scan.details}             return {                 \"result\": {                     \"status\": \"in_progress\",                     \"flow_run_id\": str(current_run.id),                     \"flow_run_reference\": f\"flow_run:{current_run.id}\",                 }             }         flow_run, _ = execution_service.create_or_reuse_run(             owner_id=owner_uuid,             idempotency_key=idempotency_key,             input_digest=input_digest,             input_count=len(serialized_objects),             operation_digest=operation_digest,             sketch_id=sketch_uuid,             run_id=scan_id,         )         lease = execution_service.claim_run(flow_run, str(scan_id))         if lease is None:             return replay_or_attach()         scan = canonical_scan(flow_run)         template_service = create_enricher_template_service(session)         db_template = template_service.get_template(template_uuid, owner_uuid)         template = Template.model_validate(db_template.content)         projection_binding = projection_registry.resolve(template.projection)         if connector_template_digest(template) != template_digest:             raise ConnectorPolicyError(\"connector template digest denied\")         enricher = TemplateEnricher(             template=template,             registry=destination_registry,             runtime_authorizer=EgressAuthorizer.enrichment(),             sketch_id=sketch_id,             scan_id=str(flow_run.id),         )         step_run = execution_service.begin_or_resume_step(             flow_run, lease, step_key, len(serialized_objects)         )         execution_service.update_st ... [truncated]"
                }
            ]
        },
        {
            "filePath": "flowsint-core/src/flowsint_execution/fetch.py",
            "count": 1,
            "symbols": [
                {
                    "id": "Function:flowsint-core/src/flowsint_execution/fetch.py:process",
                    "name": "process",
                    "filePath": "flowsint-core/src/flowsint_execution/fetch.py",
                    "nodeType": "Function",
                    "startLine": 768,
                    "endLine": 814,
                    "content": "    def process() -> tuple[SourceProofOutcome, ...]:         outcomes = []         for item in fetched.outcomes:             if item.status is not FetchStatus.SUCCESS:                 outcomes.append(SourceProofOutcome(item.occurrence_id, item.input_ref, item.status, CaptureResult(ArtifactState.REVIEW, \"fetch_failed\"), None, item.diagnostic, item.actual_resources))                 continue             source = admitted[item.occurrence_id]             if expired():                 raise TimeoutError             context = ArtifactContext(                 operation_id=operation.operation_id, occurrence_id=item.occurrence_id,                 caller_id=operation.policy.caller_id, scope=operation.policy.scope,                 source_family=\"http\", origin=item.final_origin or item.requested_origin,                 requested_url=item.requested_url or _redacted_location(source.url),                 final_url=item.final_url or _redacted_location(source.url),                 retrieved_at=datetime.now(timezone.utc),             )             try:                 normalized = normalize_html(item.body or b\"\")             except ValueError:                 capture = CaptureResult(ArtifactState.REVIEW, \"unsupported_source_encoding\")                 normalized = None             else:                 if expired():                     raise TimeoutError                 if retention_decision is None:                     capture = CaptureResult(ArtifactState.HOLD, \"retention_policy_unavailable\")                 elif artifact_store is None:                     capture = CaptureResult(ArtifactState.HOLD, \"artifact_store_unavailable\")                 else:                     capture = capture_source(artifact_store, context, retention_decision,                                              item.body, normalized=normalized, cancelled=expired)                 if expired():                     raise TimeoutError                 if capture.state is not ArtifactState.AVAILABLE:                     normalized = None             spans = ()             if capture.artifact is not None and normalized is not None:                 spans = tuple(SourceProofSpanReference(                     span_id=f\"span-{capture.artifact.snapshot_id}-{index}\", artifact_id=capture.artifact.artifact_id,                     byte_start=span.raw_start, byte_end=span.raw_end,                     normalized_start=span.normalized_start, normalized_end=span.normalized_end,                     raw_offset_unit=\"byte\", normalized_offset_unit=\"unicode_code_point\", source_encoding=\"utf-8\",                 ) for index, span in enumerate(normalized.spans))             outcomes.append(SourceProofOutcome(item.occurrence_id, item.input_ref, item.status,                                                capture, normalized, item.diagnostic, item.actual_resources, spans))         return tuple(outcomes)"
                }
            ]
        },
        {
            "filePath": "flowsint-api/app/api/routes/enricher_templates.py",
            "count": 1,
            "symbols": [
                {
                    "id": "Function:flowsint-api/app/api/routes/enricher_templates.py:test_template",
                    "name": "test_template",
                    "filePath": "flowsint-api/app/api/routes/enricher_templates.py",
                    "nodeType": "Function",
                    "startLine": 181,
                    "endLine": 229,
                    "content": "async def test_template(     template_id: UUID,     test_request: EnricherTemplateTestRequest,     db: Session = Depends(get_db),     current_user: Profile = Depends(get_current_user), ):     \"\"\"Return only redacted status and policy provenance for a connector test.\"\"\"     service = create_enricher_template_service(db)     try:         db_template = service.get_template(template_id, current_user.id)     except NotFoundError as error:         raise HTTPException(             status_code=status.HTTP_404_NOT_FOUND,             detail={\"code\": \"enricher_template_not_found\"},         ) from error     template = _deserialize_template(db_template.content)     enricher = TemplateEnricher(         template=template,         registry=destination_registry,         runtime_authorizer=EgressAuthorizer.enrichment(),     )     enricher.vault = Vault(db=db, owner_id=current_user.id)     result = await enricher.execute_structured([test_request.input_value])     outcomes = [         ConnectorTestOutcome(             status=outcome.status.value,             visible_outputs=len(outcome.outputs),             diagnostic=outcome.diagnostic,             evidence=[                 ConnectorTestEvidenceMetadata(                     destination_id=evidence.destination_id,                     endpoint_id=evidence.endpoint_id,                     capability=evidence.capability,                     policy_version=evidence.policy_version,                     artifact_sha256=evidence.artifact_sha256,                     artifact_reference=evidence.artifact_reference,                 )                 for evidence in outcome.evidence             ],         )         for outcome in result.outcomes     ]     return EnricherTemplateTestResponse(         success=all(outcome.status.value == \"success\" for outcome in result.outcomes),         destination_id=enricher.endpoint.destination_id,         endpoint_id=enricher.endpoint.endpoint_id,         capability=enricher.endpoint.capability,         outcomes=outcomes,     )"
                }
            ]
        },
        {
            "filePath": "flowsint-core/src/flowsint_core/core/template_enricher.py",
            "count": 4,
            "symbols": [
                {
                    "id": "Method:flowsint-core/src/flowsint_core/core/template_enricher.py:TemplateEnricher._process_single_input#3",
                    "name": "_process_single_input",
                    "filePath": "flowsint-core/src/flowsint_core/core/template_enricher.py",
                    "nodeType": "Method",
                    "startLine": 251,
                    "endLine": 326,
                    "content": "    async def _process_single_input(         self, client: httpx.AsyncClient, input_obj: Any, input_ref: str | None = None     ) -> List[Any]:         self._last_response_artifact_sha256 = None         self._last_artifact_reference = None         self._last_capture_state = None         self._last_capture_reason = None         self._last_http_status_class = None         url, fixed_headers, query, json_body = self._request_parts(input_obj)         headers = self._resolved_headers(fixed_headers)         try:             async with asyncio.timeout(self.endpoint.definition.timeout_seconds):                 async with client.stream(                     self.endpoint.definition.method,                     url,                     headers=headers,                     params=query,                     json=json_body,                     timeout=self.endpoint.definition.timeout_seconds,                 ) as response:                     if 300 <= response.status_code < 400:                         raise ConnectorRedirectDenied(\"connector redirect denied\")                     self._last_http_status_class = response.status_code // 100                     response.raise_for_status()                     response_bytes = await self._read_response(response)         except TimeoutError as error:             raise httpx.ReadTimeout(\"connector deadline exceeded\") from error         operation_id = f\"connector-{uuid.uuid4().hex}\"         occurrence_id = f\"input-{uuid.uuid4().hex}\"         caller_id = f\"connector:{self.endpoint.destination_id}:{self.endpoint.endpoint_id}\"         runtime = None         if self._artifact_store is None or self._retention_authority is None:             runtime = load_artifact_runtime(                 caller_id=caller_id,                 scope=self.endpoint.capability,                 source_family=\"connector\",             )         store = self._artifact_store or (runtime.store if runtime else None)         authority = self._retention_authority or (runtime.authority if runtime else None)         decision = authority.issue(operation_id) if authority else None         retrieved_at = datetime.now(timezone.utc)         context = ArtifactContext(             operation_id=operation_id,             occurrence_id=occurrence_id,             caller_id=caller_id,             scope=self.endpoint.capability,             source_family=\"connector\",             origin=self.endpoint.base_url,             requested_url=f\"{self.endpoint.base_url}{self.endpoint.definition.path}\",             final_url=f\"{self.endpoint.base_url}{self.endpoint.definition.path}\",             retrieved_at=retrieved_at,         )         if decision is None:             self._last_capture_state = ArtifactState.HOLD             self._last_capture_reason = \"retention_policy_unavailable\"             return []         if store is None:             self._last_capture_state = ArtifactState.HOLD             self._last_capture_reason = \"artifact_store_unavailable\"             return []         captured = capture_source(store, context, decision, response_bytes)         self._last_capture_state = captured.state         self._last_capture_reason = captured.reason         if captured.state is not ArtifactState.AVAILABLE or captured.artifact is None:             return []         self._last_response_artifact_sha256 = captured.artifact.content_digest         self._last_retrieved_at = captured.artifact.retrieved_at         self._last_artifact_reference = encode_source_proof(PersistedSourceProof(             format_version=\"source-proof/1.0\",             input_ref=input_ref or canonical_input_hash(input_obj),             context=context,             decision=decision,             artifact=captured.artifact,             spans=(),         ))         return self._map_response(response_bytes)"
                },
                {
                    "id": "Method:flowsint-core/src/flowsint_core/core/template_enricher.py:TemplateEnricher.execute_structured#1",
                    "name": "execute_structured",
                    "filePath": "flowsint-core/src/flowsint_core/core/template_enricher.py",
                    "nodeType": "Method",
                    "startLine": 422,
                    "endLine": 486,
                    "content": "    async def execute_structured(self, values: List[Any]) -> StructuredExecutionResult:         \"\"\"Execute inputs independently without logging, retaining, or returning raw egress data.\"\"\"         outcomes: list[InputOutcome] = []         try:             async with self._structured_execution_context() as client:                 for original_input in values:                     input_ref = canonical_input_hash(original_input)                     self._last_response_artifact_sha256 = None                     self._last_artifact_reference = None                     self._last_capture_state = None                     self._last_capture_reason = None                     self._last_http_status_class = None                     self._last_retrieved_at = None                     try:                         self._reject_unknown_input_fields(original_input)                         input_obj = self._validate_single_input(original_input)                         processed = await self._process_single_input(client, input_obj, input_ref)                         evidence = self._build_structured_evidence(input_obj, input_ref)                         status, diagnostic = self._classify_structured_success(                             tuple(processed), evidence                         )                         outcomes.append(                             InputOutcome(                                 input_ref=input_ref,                                 status=status,                                 outputs=tuple(processed)                                 if status is OutcomeStatus.SUCCESS                                 else (),                                 diagnostic=diagnostic,                                 evidence=evidence,                             )                         )                     except Exception as error:                         outcomes.append(                             InputOutcome(                                 input_ref=input_ref,                                 status=OutcomeStatus.FAILURE,                                 diagnostic=self._classify_structured_exception(error),                                 evidence=self._build_structured_evidence(                                     original_input, input_ref                                 ),                             )                         )         finally:             try:                 self._graph_service.flush()             except Exception:                 pass         Logger.info(             self.sketch_id,             {                 \"event\": \"connector_completed\",                 \"destination_id\": self.endpoint.destination_id,                 \"endpoint_id\": self.endpoint.endpoint_id,                 \"capability\": self.endpoint.capability,                 \"outcome_counts\": {                     status.value: sum(                         outcome.status is status for outcome in outcomes                     )                     for status in OutcomeStatus                 },                 \"http_status_class\": self._last_http_status_class,             },         )         return StructuredExecutionResult(enricher_name=self.name(), outcomes=tuple(outcomes))"
                },
                {
                    "id": "Method:flowsint-core/src/flowsint_core/core/template_enricher.py:TemplateEnricher.scan#1",
                    "name": "scan",
                    "filePath": "flowsint-core/src/flowsint_core/core/template_enricher.py",
                    "nodeType": "Method",
                    "startLine": 488,
                    "endLine": 495,
                    "content": "    async def scan(self, values: List[Any]) -> List[Any]:         result = await self.execute_structured(values)         return [             output             for outcome in result.outcomes             if outcome.status is OutcomeStatus.SUCCESS             for output in outcome.outputs         ]"
                },
                {
                    "id": "Class:flowsint-core/src/flowsint_core/core/template_enricher.py:TemplateEnricher",
                    "name": "TemplateEnricher",
                    "filePath": "flowsint-core/src/flowsint_core/core/template_enricher.py",
                    "nodeType": "Class",
                    "startLine": 53,
                    "endLine": 503,
                    "content": "class TemplateEnricher(Enricher):     \"\"\"Execute a template only through a resolved deployment-owned endpoint.\"\"\"     InputType = FlowsintType     OutputType = FlowsintType     def __init__(         self,         template: Template,         registry: DestinationRegistry,         runtime_authorizer: EgressAuthorizer,         sketch_id: Optional[str] = None,         scan_id: Optional[str] = None,         vault=None,         artifact_store: FilesystemArtifactStore | None = None,         retention_authority: RetentionAuthority | None = None,     ):         self.template = template         self.InputType = self._detect_type(template.input.type)         self.OutputType = self._detect_type(template.output.type)         self.endpoint = registry.resolve(             template.connector, template.input.type, template.output.type         )         runtime_authorizer.require(self.endpoint.capability)         super().__init__(             sketch_id=sketch_id,             scan_id=scan_id,             vault=vault,             params_schema=[],             params={},         )         self._last_response_artifact_sha256: str | None = None         self._last_artifact_reference: str | None = None         self._last_capture_state: ArtifactState | None = None         self._last_capture_reason: str | None = None         self._last_http_status_class: int | None = None         self._artifact_store = artifact_store         self._retention_authority = retention_authority         self._last_retrieved_at: datetime | None = None     @staticmethod     def _detect_type(type_name: str) -> type[FlowsintType]:         load_all_types()         detected_type = get_type(type_name, case_sensitive=True)         if detected_type is None:             raise ConnectorPolicyError(\"connector type denied\")         return detected_type     def name(self) -> str:  # type: ignore[override]         return f\"connector:{self.endpoint.destination_id}:{self.endpoint.endpoint_id}\"     def category(self) -> str:  # type: ignore[override]         return self.template.category     def key(self) -> str:  # type: ignore[override]         return self.template.input.key     @classmethod     def documentation(cls) -> str:         return \"Registry-backed enrichment connector.\"     async def async_init(self) -> None:         \"\"\"Do not resolve credentials before per-input policy validation.\"\"\"     def _reject_unknown_input_fields(self, value: Any) -> None:         if not isinstance(value, dict):             return         allowed_fields = set(self.InputType.model_fields)         if set(value) - allowed_fields:             raise ConnectorValidationError(\"connector input field invalid\")     def _validated_request_values(self, input_obj: Any) -> dict[str, Any]:         values: dict[str, Any] = {}         for field in self.endpoint.definition.request_fields:             value = getattr(input_obj, field.source_field, None)             if value is None:                 if field.required:                     raise ConnectorValidationError(\"connector input field invalid\")                 continue             if field.value_type == \"string\":                 if not isinstance(value, str) or len(value) > field.max_length:                     raise ConnectorValidationError(\"connector input field invalid\")             elif field.value_type == \"integer\":                 if isinstance(value, bool) or not isinstance(value, int):                     raise ConnectorValidationError(\"connector input field invalid\")             elif field.value_type == \"number\":                 if isinstance(value, bool) or not isinstance(value, (int, float)):                     raise ConnectorValidationError(\"connector input field invalid\")             elif field.value_type == \"boolean\" and not isinstance(value, bool):                 raise ConnectorValidationError(\"connector input field invalid\")             values[field.name] = value         return values     def _request_parts(         self, input_obj: Any     ) -> tuple[str, dict[str, str], dict[str, Any], dict[str, Any] | None]:         values = self._validated_request_values(input_obj)         definition = self.endpoint.definition         path = definition.path         query: dict[str, Any] = dict(definition.fixed_query)         json_body: dict[str, Any] = {}         for field in definition.request_fields:             if field.name not in values:                 continue             value = values[field.name]             if field.location == \"path\":                 path = path.replace(\"{\" + field.name + \"}\", quote(str(value), safe=\"\"))             elif field.location == \"query\":                 if field.name in query:                     raise ConnectorPolicyError(\"connector query field denied\")                 query[field.name] = value             else:                 json_body[field.name] = value         url = f\"{self.endpoint.base_url}{path}\"         parsed = httpx.URL(url)         base = httpx.URL(self.endpoint.base_url)         if ( ... [truncated]"
                }
            ]
        },
        {
            "filePath": "flowsint-core/tests/templates/test_template_enricher.py",
            "count": 8,
            "symbols": [
                {
                    "id": "Method:flowsint-core/tests/templates/test_template_enricher.py:TestRegistryBackedTemplateEnricher.test_deployment_runtime_config_retains_resolvable_connector_proof#2",
                    "name": "test_deployment_runtime_config_retains_resolvable_connector_proof",
                    "filePath": "flowsint-core/tests/templates/test_template_enricher.py",
                    "nodeType": "Method",
                    "startLine": 143,
                    "endLine": 182,
                    "content": "    async def test_deployment_runtime_config_retains_resolvable_connector_proof(self, monkeypatch, tmp_path):         now = datetime.now(timezone.utc)         policy = {             \"issuer_id\": \"deployment\", \"reviewer_id\": \"operator-reviewer\",             \"policy_id\": \"connector-runtime-v1\",             \"caller_id\": \"connector:approved_directory:lookup\", \"scope\": \"enrich.read\",             \"source_family\": \"connector\", \"issued_at\": (now - timedelta(hours=1)).isoformat(),             \"expires_at\": (now + timedelta(hours=1)).isoformat(),             \"retain_normalized_text\": True,         }         canonical = json.dumps(policy, ensure_ascii=True, sort_keys=True, separators=(\",\", \":\"))         policy[\"content_digest\"] = hashlib.sha256(canonical.encode()).hexdigest()         config = tmp_path / \"artifact-runtime.json\"         config.write_text(json.dumps({             \"format_version\": \"1.0\", \"store_root\": str(tmp_path / \"artifact-store\"),             \"policies\": [policy],         }))         monkeypatch.setenv(\"FLOWSINT_ARTIFACT_RUNTIME_CONFIG\", str(config))         response_body = {\"normalized\": \"Approved address\", \"city\": \"Test City\", \"country\": \"US\", \"zip\": \"00000\"}         patch_client(monkeypatch, lambda _request: httpx.Response(200, json=response_body))         enricher = TemplateEnricher(             template=template(), registry=registry(),             runtime_authorizer=EgressAuthorizer.enrichment(),         )         enricher._graph_service = MagicMock()         result = await enricher.execute_structured([location()])         evidence = result.outcomes[0].evidence[0]         proof = decode_source_proof(evidence.artifact_reference)         assert result.outcomes[0].status is OutcomeStatus.SUCCESS         resolved = resolve_persisted_source_proof(             evidence.artifact_reference,             caller_id=\"connector:approved_directory:lookup\", scope=\"enrich.read\",             source_family=\"connector\", operation_id=proof.context.operation_id,             occurrence_id=proof.context.occurrence_id, config_path=config,         )         assert resolved.state.value == \"available\"         assert json.loads(resolved.body) == response_body         serialized = result.model_dump_json()         assert \"input%20address\" not in serialized         assert str(tmp_path / \"artifact-store\") not in serialized"
                },
                {
                    "id": "Method:flowsint-core/tests/templates/test_template_enricher.py:TestRegistryBackedTemplateEnricher.test_approved_enrichment_succeeds#2",
                    "name": "test_approved_enrichment_succeeds",
                    "filePath": "flowsint-core/tests/templates/test_template_enricher.py",
                    "nodeType": "Method",
                    "startLine": 185,
                    "endLine": 221,
                    "content": "    async def test_approved_enrichment_succeeds(self, monkeypatch, tmp_path):         requests = []         def handler(request):             requests.append(request)             return httpx.Response(                 200,                 json={                     \"normalized\": \"Approved address\",                     \"city\": \"Test City\",                     \"country\": \"US\",                     \"zip\": \"00000\",                 },             )         patch_client(monkeypatch, handler)         enricher = TemplateEnricher(             template=template(),             registry=registry(),             runtime_authorizer=EgressAuthorizer.enrichment(),             sketch_id=\"safe-sketch\",             artifact_store=FilesystemArtifactStore(tmp_path / \"artifacts\"),             retention_authority=RetentionAuthority(                 issuer_id=\"deployment\", reviewer_id=\"reviewer\", policy_id=\"connector-policy\",                 policy_digest=hashlib.sha256(b\"reviewed connector policy\").hexdigest(),                 caller_id=\"connector:approved_directory:lookup\", scope=\"enrich.read\",                 source_family=\"connector\", expires_at=datetime.now(timezone.utc) + timedelta(hours=1),             ),         )         enricher._graph_service = MagicMock()         result = await enricher.execute_structured([location()])         assert result.outcomes[0].status is OutcomeStatus.SUCCESS         assert result.outcomes[0].outputs[0].address == \"Approved address\"         assert requests[0].url.host == \"approved.example\"         assert str(requests[0].url).endswith(\"/lookup/input%20address\")"
                },
                {
                    "id": "Method:flowsint-core/tests/templates/test_template_enricher.py:TestRegistryBackedTemplateEnricher.test_template_source_rights_cannot_authorize_retention#1",
                    "name": "test_template_source_rights_cannot_authorize_retention",
                    "filePath": "flowsint-core/tests/templates/test_template_enricher.py",
                    "nodeType": "Method",
                    "startLine": 224,
                    "endLine": 231,
                    "content": "    async def test_template_source_rights_cannot_authorize_retention(self, monkeypatch):         patch_client(monkeypatch, lambda _request: httpx.Response(200, json={\"normalized\": \"held\", \"city\": \"x\", \"country\": \"US\", \"zip\": \"0\"}))         enricher = TemplateEnricher(template=template(), registry=registry(), runtime_authorizer=EgressAuthorizer.enrichment())         enricher._graph_service = MagicMock()         result = await enricher.execute_structured([location()])         assert result.outcomes[0].status is OutcomeStatus.HOLD         assert result.outcomes[0].outputs == ()         assert result.outcomes[0].evidence[0].artifact_reference is None"
                },
                {
                    "id": "Method:flowsint-core/tests/templates/test_template_enricher.py:TestRegistryBackedTemplateEnricher.test_unknown_supplied_input_field_never_reaches_http#1",
                    "name": "test_unknown_supplied_input_field_never_reaches_http",
                    "filePath": "flowsint-core/tests/templates/test_template_enricher.py",
                    "nodeType": "Method",
                    "startLine": 333,
                    "endLine": 354,
                    "content": "    async def test_unknown_supplied_input_field_never_reaches_http(self, monkeypatch):         requests = []         def handler(request):             requests.append(request)             return httpx.Response(200, json={\"normalized\": \"unused\"})         patch_client(monkeypatch, handler)         enricher = TemplateEnricher(             template=template(),             registry=registry(),             runtime_authorizer=EgressAuthorizer.enrichment(),         )         enricher._graph_service = MagicMock()         result = await enricher.execute_structured(             [{\"address\": \"approved\", \"unapproved\": \"denied\"}]         )         assert result.outcomes[0].status is OutcomeStatus.FAILURE         assert result.outcomes[0].diagnostic.code == \"connector_validation_failed\"         assert requests == []"
                },
                {
                    "id": "Method:flowsint-core/tests/templates/test_template_enricher.py:TestRegistryBackedTemplateEnricher.test_redirect_is_not_followed#1",
                    "name": "test_redirect_is_not_followed",
                    "filePath": "flowsint-core/tests/templates/test_template_enricher.py",
                    "nodeType": "Method",
                    "startLine": 378,
                    "endLine": 401,
                    "content": "    async def test_redirect_is_not_followed(self, monkeypatch):         requests = []         def handler(request):             requests.append(request)             return httpx.Response(                 302,                 headers={\"location\": \"https://unapproved.example/redirected\"},             )         patch_client(monkeypatch, handler)         enricher = TemplateEnricher(             template=template(),             registry=registry(),             runtime_authorizer=EgressAuthorizer.enrichment(),         )         enricher._graph_service = MagicMock()         result = await enricher.execute_structured([location()])         assert len(requests) == 1         assert result.outcomes[0].status is OutcomeStatus.FAILURE         assert result.outcomes[0].diagnostic.code == \"connector_response_invalid\"         assert \"unapproved.example\" not in result.model_dump_json()"
                },
                {
                    "id": "Method:flowsint-core/tests/templates/test_template_enricher.py:TestRegistryBackedTemplateEnricher.test_response_over_policy_limit_is_rejected#1",
                    "name": "test_response_over_policy_limit_is_rejected",
                    "filePath": "flowsint-core/tests/templates/test_template_enricher.py",
                    "nodeType": "Method",
                    "startLine": 404,
                    "endLine": 419,
                    "content": "    async def test_response_over_policy_limit_is_rejected(self, monkeypatch):         def handler(_request):             return httpx.Response(200, content=b\"x\" * 129)         patch_client(monkeypatch, handler)         enricher = TemplateEnricher(             template=template(),             registry=registry(),             runtime_authorizer=EgressAuthorizer.enrichment(),         )         enricher._graph_service = MagicMock()         result = await enricher.execute_structured([location()])         assert result.outcomes[0].status is OutcomeStatus.FAILURE         assert result.outcomes[0].diagnostic.code == \"connector_response_invalid\""
                },
                {
                    "id": "Method:flowsint-core/tests/templates/test_template_enricher.py:TestRegistryBackedTemplateEnricher.test_total_response_deadline_covers_full_streamed_body#1",
                    "name": "test_total_response_deadline_covers_full_streamed_body",
                    "filePath": "flowsint-core/tests/templates/test_template_enricher.py",
                    "nodeType": "Method",
                    "startLine": 423,
                    "endLine": 455,
                    "content": "    async def test_total_response_deadline_covers_full_streamed_body(self, monkeypatch):         class SlowDripStream(httpx.AsyncByteStream):             async def __aiter__(self):                 payload = (                     b'{\"normalized\":\"untrusted-body-material\",\"city\":\"Test City\",'                     b'\"country\":\"US\",\"zip\":\"00000\"}'                 )                 for chunk in (payload[:40], payload[40:]):                     await asyncio.sleep(0.06)                     yield chunk             async def aclose(self):                 return None         def handler(_request):             return httpx.Response(200, stream=SlowDripStream())         patch_client(monkeypatch, handler)         enricher = TemplateEnricher(             template=template(),             registry=registry(timeout_seconds=0.1),             runtime_authorizer=EgressAuthorizer.enrichment(),         )         enricher._graph_service = MagicMock()         result = await enricher.execute_structured([location()])         outcome = result.outcomes[0]         assert outcome.status is OutcomeStatus.FAILURE         assert outcome.diagnostic is not None         assert outcome.diagnostic.code == \"connector_timeout\"         assert outcome.diagnostic.retryable is True         assert \"untrusted-body-material\" not in result.model_dump_json()"
                },
                {
                    "id": "Method:flowsint-core/tests/templates/test_template_enricher.py:TestRegistryBackedTemplateEnricher.test_secret_and_raw_response_are_not_in_diagnostics_or_logs#1",
                    "name": "test_secret_and_raw_response_are_not_in_diagnostics_or_logs",
                    "filePath": "flowsint-core/tests/templates/test_template_enricher.py",
                    "nodeType": "Method",
                    "startLine": 457,
                    "endLine": 496,
                    "content": "    async def test_secret_and_raw_response_are_not_in_diagnostics_or_logs(         self, monkeypatch     ):         logger = MagicMock()         monkeypatch.setattr(\"flowsint_core.core.template_enricher.Logger\", logger)         def handler(request):             assert request.headers[\"Authorization\"] == \"header-secret\"             return httpx.Response(                 200,                 json={                     \"normalized\": \"safe mapped output\",                     \"city\": \"Test City\",                     \"country\": \"US\",                     \"zip\": \"00000\",                     \"document\": \"raw document and personal material\",                 },             )         patch_client(monkeypatch, handler)         vault = RecordingVault()         enricher = TemplateEnricher(             template=template(),             registry=registry(secret_headers={\"Authorization\": \"connector-token\"}),             runtime_authorizer=EgressAuthorizer.enrichment(),             vault=vault,             sketch_id=\"safe-sketch\",         )         enricher._graph_service = MagicMock()         result = await enricher.execute_structured([location()])         serialized = result.model_dump_json()         logged = str(logger.info.call_args)         assert vault.calls == 1         assert \"header-secret\" not in serialized         assert \"raw document and personal material\" not in serialized         assert \"input address\" not in logged         assert \"header-secret\" not in logged         assert \"raw document and personal material\" not in logged"
                }
            ]
        }
    ],
    "affected_modules": [
        {
            "name": "flowsint-core",
            "direct": true,
            "symbolCount": 14
        },
        {
            "name": "flowsint-api",
            "direct": false,
            "symbolCount": 1
        }
    ],
    "affected_processes": [],
    "byDepth": {
        "d=1": {
            "depth": 1,
            "label": "WILL BREAK",
            "symbols": [
                {
                    "id": "Method:flowsint-core/src/flowsint_core/core/template_enricher.py:TemplateEnricher._process_single_input#3",
                    "name": "_process_single_input",
                    "filePath": "flowsint-core/src/flowsint_core/core/template_enricher.py",
                    "nodeType": "Method",
                    "startLine": 251,
                    "endLine": 326,
                    "content": "    async def _process_single_input(         self, client: httpx.AsyncClient, input_obj: Any, input_ref: str | None = None     ) -> List[Any]:         self._last_response_artifact_sha256 = None         self._last_artifact_reference = None         self._last_capture_state = None         self._last_capture_reason = None         self._last_http_status_class = None         url, fixed_headers, query, json_body = self._request_parts(input_obj)         headers = self._resolved_headers(fixed_headers)         try:             async with asyncio.timeout(self.endpoint.definition.timeout_seconds):                 async with client.stream(                     self.endpoint.definition.method,                     url,                     headers=headers,                     params=query,                     json=json_body,                     timeout=self.endpoint.definition.timeout_seconds,                 ) as response:                     if 300 <= response.status_code < 400:                         raise ConnectorRedirectDenied(\"connector redirect denied\")                     self._last_http_status_class = response.status_code // 100                     response.raise_for_status()                     response_bytes = await self._read_response(response)         except TimeoutError as error:             raise httpx.ReadTimeout(\"connector deadline exceeded\") from error         operation_id = f\"connector-{uuid.uuid4().hex}\"         occurrence_id = f\"input-{uuid.uuid4().hex}\"         caller_id = f\"connector:{self.endpoint.destination_id}:{self.endpoint.endpoint_id}\"         runtime = None         if self._artifact_store is None or self._retention_authority is None:             runtime = load_artifact_runtime(                 caller_id=caller_id,                 scope=self.endpoint.capability,                 source_family=\"connector\",             )         store = self._artifact_store or (runtime.store if runtime else None)         authority = self._retention_authority or (runtime.authority if runtime else None)         decision = authority.issue(operation_id) if authority else None         retrieved_at = datetime.now(timezone.utc)         context = ArtifactContext(             operation_id=operation_id,             occurrence_id=occurrence_id,             caller_id=caller_id,             scope=self.endpoint.capability,             source_family=\"connector\",             origin=self.endpoint.base_url,             requested_url=f\"{self.endpoint.base_url}{self.endpoint.definition.path}\",             final_url=f\"{self.endpoint.base_url}{self.endpoint.definition.path}\",             retrieved_at=retrieved_at,         )         if decision is None:             self._last_capture_state = ArtifactState.HOLD             self._last_capture_reason = \"retention_policy_unavailable\"             return []         if store is None:             self._last_capture_state = ArtifactState.HOLD             self._last_capture_reason = \"artifact_store_unavailable\"             return []         captured = capture_source(store, context, decision, response_bytes)         self._last_capture_state = captured.state         self._last_capture_reason = captured.reason         if captured.state is not ArtifactState.AVAILABLE or captured.artifact is None:             return []         self._last_response_artifact_sha256 = captured.artifact.content_digest         self._last_retrieved_at = captured.artifact.retrieved_at         self._last_artifact_reference = encode_source_proof(PersistedSourceProof(             format_version=\"source-proof/1.0\",             input_ref=input_ref or canonical_input_hash(input_obj),             context=context,             decision=decision,             artifact=captured.artifact,             spans=(),         ))         return self._map_response(response_bytes)"
                },
                {
                    "id": "Function:flowsint-core/src/flowsint_execution/fetch.py:process",
                    "name": "process",
                    "filePath": "flowsint-core/src/flowsint_execution/fetch.py",
                    "nodeType": "Function",
                    "startLine": 768,
                    "endLine": 814,
                    "content": "    def process() -> tuple[SourceProofOutcome, ...]:         outcomes = []         for item in fetched.outcomes:             if item.status is not FetchStatus.SUCCESS:                 outcomes.append(SourceProofOutcome(item.occurrence_id, item.input_ref, item.status, CaptureResult(ArtifactState.REVIEW, \"fetch_failed\"), None, item.diagnostic, item.actual_resources))                 continue             source = admitted[item.occurrence_id]             if expired():                 raise TimeoutError             context = ArtifactContext(                 operation_id=operation.operation_id, occurrence_id=item.occurrence_id,                 caller_id=operation.policy.caller_id, scope=operation.policy.scope,                 source_family=\"http\", origin=item.final_origin or item.requested_origin,                 requested_url=item.requested_url or _redacted_location(source.url),                 final_url=item.final_url or _redacted_location(source.url),                 retrieved_at=datetime.now(timezone.utc),             )             try:                 normalized = normalize_html(item.body or b\"\")             except ValueError:                 capture = CaptureResult(ArtifactState.REVIEW, \"unsupported_source_encoding\")                 normalized = None             else:                 if expired():                     raise TimeoutError                 if retention_decision is None:                     capture = CaptureResult(ArtifactState.HOLD, \"retention_policy_unavailable\")                 elif artifact_store is None:                     capture = CaptureResult(ArtifactState.HOLD, \"artifact_store_unavailable\")                 else:                     capture = capture_source(artifact_store, context, retention_decision,                                              item.body, normalized=normalized, cancelled=expired)                 if expired():                     raise TimeoutError                 if capture.state is not ArtifactState.AVAILABLE:                     normalized = None             spans = ()             if capture.artifact is not None and normalized is not None:                 spans = tuple(SourceProofSpanReference(                     span_id=f\"span-{capture.artifact.snapshot_id}-{index}\", artifact_id=capture.artifact.artifact_id,                     byte_start=span.raw_start, byte_end=span.raw_end,                     normalized_start=span.normalized_start, normalized_end=span.normalized_end,                     raw_offset_unit=\"byte\", normalized_offset_unit=\"unicode_code_point\", source_encoding=\"utf-8\",                 ) for index, span in enumerate(normalized.spans))             outcomes.append(SourceProofOutcome(item.occurrence_id, item.input_ref, item.status,                                                capture, normalized, item.diagnostic, item.actual_resources, spans))         return tuple(outcomes)"
                }
            ]
        },
        "d=2": {
            "depth": 2,
            "label": "LIKELY AFFECTED",
            "symbols": [
                {
                    "id": "Method:flowsint-core/src/flowsint_core/core/template_enricher.py:TemplateEnricher.execute_structured#1",
                    "name": "execute_structured",
                    "filePath": "flowsint-core/src/flowsint_core/core/template_enricher.py",
                    "nodeType": "Method",
                    "startLine": 422,
                    "endLine": 486,
                    "content": "    async def execute_structured(self, values: List[Any]) -> StructuredExecutionResult:         \"\"\"Execute inputs independently without logging, retaining, or returning raw egress data.\"\"\"         outcomes: list[InputOutcome] = []         try:             async with self._structured_execution_context() as client:                 for original_input in values:                     input_ref = canonical_input_hash(original_input)                     self._last_response_artifact_sha256 = None                     self._last_artifact_reference = None                     self._last_capture_state = None                     self._last_capture_reason = None                     self._last_http_status_class = None                     self._last_retrieved_at = None                     try:                         self._reject_unknown_input_fields(original_input)                         input_obj = self._validate_single_input(original_input)                         processed = await self._process_single_input(client, input_obj, input_ref)                         evidence = self._build_structured_evidence(input_obj, input_ref)                         status, diagnostic = self._classify_structured_success(                             tuple(processed), evidence                         )                         outcomes.append(                             InputOutcome(                                 input_ref=input_ref,                                 status=status,                                 outputs=tuple(processed)                                 if status is OutcomeStatus.SUCCESS                                 else (),                                 diagnostic=diagnostic,                                 evidence=evidence,                             )                         )                     except Exception as error:                         outcomes.append(                             InputOutcome(                                 input_ref=input_ref,                                 status=OutcomeStatus.FAILURE,                                 diagnostic=self._classify_structured_exception(error),                                 evidence=self._build_structured_evidence(                                     original_input, input_ref                                 ),                             )                         )         finally:             try:                 self._graph_service.flush()             except Exception:                 pass         Logger.info(             self.sketch_id,             {                 \"event\": \"connector_completed\",                 \"destination_id\": self.endpoint.destination_id,                 \"endpoint_id\": self.endpoint.endpoint_id,                 \"capability\": self.endpoint.capability,                 \"outcome_counts\": {                     status.value: sum(                         outcome.status is status for outcome in outcomes                     )                     for status in OutcomeStatus                 },                 \"http_status_class\": self._last_http_status_class,             },         )         return StructuredExecutionResult(enricher_name=self.name(), outcomes=tuple(outcomes))"
                },
                {
                    "id": "Class:flowsint-core/src/flowsint_core/core/template_enricher.py:TemplateEnricher",
                    "name": "TemplateEnricher",
                    "filePath": "flowsint-core/src/flowsint_core/core/template_enricher.py",
                    "nodeType": "Class",
                    "startLine": 53,
                    "endLine": 503,
                    "content": "class TemplateEnricher(Enricher):     \"\"\"Execute a template only through a resolved deployment-owned endpoint.\"\"\"     InputType = FlowsintType     OutputType = FlowsintType     def __init__(         self,         template: Template,         registry: DestinationRegistry,         runtime_authorizer: EgressAuthorizer,         sketch_id: Optional[str] = None,         scan_id: Optional[str] = None,         vault=None,         artifact_store: FilesystemArtifactStore | None = None,         retention_authority: RetentionAuthority | None = None,     ):         self.template = template         self.InputType = self._detect_type(template.input.type)         self.OutputType = self._detect_type(template.output.type)         self.endpoint = registry.resolve(             template.connector, template.input.type, template.output.type         )         runtime_authorizer.require(self.endpoint.capability)         super().__init__(             sketch_id=sketch_id,             scan_id=scan_id,             vault=vault,             params_schema=[],             params={},         )         self._last_response_artifact_sha256: str | None = None         self._last_artifact_reference: str | None = None         self._last_capture_state: ArtifactState | None = None         self._last_capture_reason: str | None = None         self._last_http_status_class: int | None = None         self._artifact_store = artifact_store         self._retention_authority = retention_authority         self._last_retrieved_at: datetime | None = None     @staticmethod     def _detect_type(type_name: str) -> type[FlowsintType]:         load_all_types()         detected_type = get_type(type_name, case_sensitive=True)         if detected_type is None:             raise ConnectorPolicyError(\"connector type denied\")         return detected_type     def name(self) -> str:  # type: ignore[override]         return f\"connector:{self.endpoint.destination_id}:{self.endpoint.endpoint_id}\"     def category(self) -> str:  # type: ignore[override]         return self.template.category     def key(self) -> str:  # type: ignore[override]         return self.template.input.key     @classmethod     def documentation(cls) -> str:         return \"Registry-backed enrichment connector.\"     async def async_init(self) -> None:         \"\"\"Do not resolve credentials before per-input policy validation.\"\"\"     def _reject_unknown_input_fields(self, value: Any) -> None:         if not isinstance(value, dict):             return         allowed_fields = set(self.InputType.model_fields)         if set(value) - allowed_fields:             raise ConnectorValidationError(\"connector input field invalid\")     def _validated_request_values(self, input_obj: Any) -> dict[str, Any]:         values: dict[str, Any] = {}         for field in self.endpoint.definition.request_fields:             value = getattr(input_obj, field.source_field, None)             if value is None:                 if field.required:                     raise ConnectorValidationError(\"connector input field invalid\")                 continue             if field.value_type == \"string\":                 if not isinstance(value, str) or len(value) > field.max_length:                     raise ConnectorValidationError(\"connector input field invalid\")             elif field.value_type == \"integer\":                 if isinstance(value, bool) or not isinstance(value, int):                     raise ConnectorValidationError(\"connector input field invalid\")             elif field.value_type == \"number\":                 if isinstance(value, bool) or not isinstance(value, (int, float)):                     raise ConnectorValidationError(\"connector input field invalid\")             elif field.value_type == \"boolean\" and not isinstance(value, bool):                 raise ConnectorValidationError(\"connector input field invalid\")             values[field.name] = value         return values     def _request_parts(         self, input_obj: Any     ) -> tuple[str, dict[str, str], dict[str, Any], dict[str, Any] | None]:         values = self._validated_request_values(input_obj)         definition = self.endpoint.definition         path = definition.path         query: dict[str, Any] = dict(definition.fixed_query)         json_body: dict[str, Any] = {}         for field in definition.request_fields:             if field.name not in values:                 continue             value = values[field.name]             if field.location == \"path\":                 path = path.replace(\"{\" + field.name + \"}\", quote(str(value), safe=\"\"))             elif field.location == \"query\":                 if field.name in query:                     raise ConnectorPolicyError(\"connector query field denied\")                 query[field.name] = value             else:                 json_body[field.name] = value         url = f\"{self.endpoint.base_url}{path}\"         parsed = httpx.URL(url)         base = httpx.URL(self.endpoint.base_url)         if ( ... [truncated]"
                }
            ]
        },
        "d=3": {
            "depth": 3,
            "label": "MAY NEED TESTING",
            "symbols": [
                {
                    "id": "Method:flowsint-core/src/flowsint_core/core/template_enricher.py:TemplateEnricher.scan#1",
                    "name": "scan",
                    "filePath": "flowsint-core/src/flowsint_core/core/template_enricher.py",
                    "nodeType": "Method",
                    "startLine": 488,
                    "endLine": 495,
                    "content": "    async def scan(self, values: List[Any]) -> List[Any]:         result = await self.execute_structured(values)         return [             output             for outcome in result.outcomes             if outcome.status is OutcomeStatus.SUCCESS             for output in outcome.outputs         ]"
                },
                {
                    "id": "Method:flowsint-core/tests/templates/test_template_enricher.py:TestRegistryBackedTemplateEnricher.test_deployment_runtime_config_retains_resolvable_connector_proof#2",
                    "name": "test_deployment_runtime_config_retains_resolvable_connector_proof",
                    "filePath": "flowsint-core/tests/templates/test_template_enricher.py",
                    "nodeType": "Method",
                    "startLine": 143,
                    "endLine": 182,
                    "content": "    async def test_deployment_runtime_config_retains_resolvable_connector_proof(self, monkeypatch, tmp_path):         now = datetime.now(timezone.utc)         policy = {             \"issuer_id\": \"deployment\", \"reviewer_id\": \"operator-reviewer\",             \"policy_id\": \"connector-runtime-v1\",             \"caller_id\": \"connector:approved_directory:lookup\", \"scope\": \"enrich.read\",             \"source_family\": \"connector\", \"issued_at\": (now - timedelta(hours=1)).isoformat(),             \"expires_at\": (now + timedelta(hours=1)).isoformat(),             \"retain_normalized_text\": True,         }         canonical = json.dumps(policy, ensure_ascii=True, sort_keys=True, separators=(\",\", \":\"))         policy[\"content_digest\"] = hashlib.sha256(canonical.encode()).hexdigest()         config = tmp_path / \"artifact-runtime.json\"         config.write_text(json.dumps({             \"format_version\": \"1.0\", \"store_root\": str(tmp_path / \"artifact-store\"),             \"policies\": [policy],         }))         monkeypatch.setenv(\"FLOWSINT_ARTIFACT_RUNTIME_CONFIG\", str(config))         response_body = {\"normalized\": \"Approved address\", \"city\": \"Test City\", \"country\": \"US\", \"zip\": \"00000\"}         patch_client(monkeypatch, lambda _request: httpx.Response(200, json=response_body))         enricher = TemplateEnricher(             template=template(), registry=registry(),             runtime_authorizer=EgressAuthorizer.enrichment(),         )         enricher._graph_service = MagicMock()         result = await enricher.execute_structured([location()])         evidence = result.outcomes[0].evidence[0]         proof = decode_source_proof(evidence.artifact_reference)         assert result.outcomes[0].status is OutcomeStatus.SUCCESS         resolved = resolve_persisted_source_proof(             evidence.artifact_reference,             caller_id=\"connector:approved_directory:lookup\", scope=\"enrich.read\",             source_family=\"connector\", operation_id=proof.context.operation_id,             occurrence_id=proof.context.occurrence_id, config_path=config,         )         assert resolved.state.value == \"available\"         assert json.loads(resolved.body) == response_body         serialized = result.model_dump_json()         assert \"input%20address\" not in serialized         assert str(tmp_path / \"artifact-store\") not in serialized"
                },
                {
                    "id": "Method:flowsint-core/tests/templates/test_template_enricher.py:TestRegistryBackedTemplateEnricher.test_approved_enrichment_succeeds#2",
                    "name": "test_approved_enrichment_succeeds",
                    "filePath": "flowsint-core/tests/templates/test_template_enricher.py",
                    "nodeType": "Method",
                    "startLine": 185,
                    "endLine": 221,
                    "content": "    async def test_approved_enrichment_succeeds(self, monkeypatch, tmp_path):         requests = []         def handler(request):             requests.append(request)             return httpx.Response(                 200,                 json={                     \"normalized\": \"Approved address\",                     \"city\": \"Test City\",                     \"country\": \"US\",                     \"zip\": \"00000\",                 },             )         patch_client(monkeypatch, handler)         enricher = TemplateEnricher(             template=template(),             registry=registry(),             runtime_authorizer=EgressAuthorizer.enrichment(),             sketch_id=\"safe-sketch\",             artifact_store=FilesystemArtifactStore(tmp_path / \"artifacts\"),             retention_authority=RetentionAuthority(                 issuer_id=\"deployment\", reviewer_id=\"reviewer\", policy_id=\"connector-policy\",                 policy_digest=hashlib.sha256(b\"reviewed connector policy\").hexdigest(),                 caller_id=\"connector:approved_directory:lookup\", scope=\"enrich.read\",                 source_family=\"connector\", expires_at=datetime.now(timezone.utc) + timedelta(hours=1),             ),         )         enricher._graph_service = MagicMock()         result = await enricher.execute_structured([location()])         assert result.outcomes[0].status is OutcomeStatus.SUCCESS         assert result.outcomes[0].outputs[0].address == \"Approved address\"         assert requests[0].url.host == \"approved.example\"         assert str(requests[0].url).endswith(\"/lookup/input%20address\")"
                },
                {
                    "id": "Method:flowsint-core/tests/templates/test_template_enricher.py:TestRegistryBackedTemplateEnricher.test_template_source_rights_cannot_authorize_retention#1",
                    "name": "test_template_source_rights_cannot_authorize_retention",
                    "filePath": "flowsint-core/tests/templates/test_template_enricher.py",
                    "nodeType": "Method",
                    "startLine": 224,
                    "endLine": 231,
                    "content": "    async def test_template_source_rights_cannot_authorize_retention(self, monkeypatch):         patch_client(monkeypatch, lambda _request: httpx.Response(200, json={\"normalized\": \"held\", \"city\": \"x\", \"country\": \"US\", \"zip\": \"0\"}))         enricher = TemplateEnricher(template=template(), registry=registry(), runtime_authorizer=EgressAuthorizer.enrichment())         enricher._graph_service = MagicMock()         result = await enricher.execute_structured([location()])         assert result.outcomes[0].status is OutcomeStatus.HOLD         assert result.outcomes[0].outputs == ()         assert result.outcomes[0].evidence[0].artifact_reference is None"
                },
                {
                    "id": "Method:flowsint-core/tests/templates/test_template_enricher.py:TestRegistryBackedTemplateEnricher.test_unknown_supplied_input_field_never_reaches_http#1",
                    "name": "test_unknown_supplied_input_field_never_reaches_http",
                    "filePath": "flowsint-core/tests/templates/test_template_enricher.py",
                    "nodeType": "Method",
                    "startLine": 333,
                    "endLine": 354,
                    "content": "    async def test_unknown_supplied_input_field_never_reaches_http(self, monkeypatch):         requests = []         def handler(request):             requests.append(request)             return httpx.Response(200, json={\"normalized\": \"unused\"})         patch_client(monkeypatch, handler)         enricher = TemplateEnricher(             template=template(),             registry=registry(),             runtime_authorizer=EgressAuthorizer.enrichment(),         )         enricher._graph_service = MagicMock()         result = await enricher.execute_structured(             [{\"address\": \"approved\", \"unapproved\": \"denied\"}]         )         assert result.outcomes[0].status is OutcomeStatus.FAILURE         assert result.outcomes[0].diagnostic.code == \"connector_validation_failed\"         assert requests == []"
                },
                {
                    "id": "Method:flowsint-core/tests/templates/test_template_enricher.py:TestRegistryBackedTemplateEnricher.test_redirect_is_not_followed#1",
                    "name": "test_redirect_is_not_followed",
                    "filePath": "flowsint-core/tests/templates/test_template_enricher.py",
                    "nodeType": "Method",
                    "startLine": 378,
                    "endLine": 401,
                    "content": "    async def test_redirect_is_not_followed(self, monkeypatch):         requests = []         def handler(request):             requests.append(request)             return httpx.Response(                 302,                 headers={\"location\": \"https://unapproved.example/redirected\"},             )         patch_client(monkeypatch, handler)         enricher = TemplateEnricher(             template=template(),             registry=registry(),             runtime_authorizer=EgressAuthorizer.enrichment(),         )         enricher._graph_service = MagicMock()         result = await enricher.execute_structured([location()])         assert len(requests) == 1         assert result.outcomes[0].status is OutcomeStatus.FAILURE         assert result.outcomes[0].diagnostic.code == \"connector_response_invalid\"         assert \"unapproved.example\" not in result.model_dump_json()"
                },
                {
                    "id": "Method:flowsint-core/tests/templates/test_template_enricher.py:TestRegistryBackedTemplateEnricher.test_response_over_policy_limit_is_rejected#1",
                    "name": "test_response_over_policy_limit_is_rejected",
                    "filePath": "flowsint-core/tests/templates/test_template_enricher.py",
                    "nodeType": "Method",
                    "startLine": 404,
                    "endLine": 419,
                    "content": "    async def test_response_over_policy_limit_is_rejected(self, monkeypatch):         def handler(_request):             return httpx.Response(200, content=b\"x\" * 129)         patch_client(monkeypatch, handler)         enricher = TemplateEnricher(             template=template(),             registry=registry(),             runtime_authorizer=EgressAuthorizer.enrichment(),         )         enricher._graph_service = MagicMock()         result = await enricher.execute_structured([location()])         assert result.outcomes[0].status is OutcomeStatus.FAILURE         assert result.outcomes[0].diagnostic.code == \"connector_response_invalid\""
                },
                {
                    "id": "Method:flowsint-core/tests/templates/test_template_enricher.py:TestRegistryBackedTemplateEnricher.test_total_response_deadline_covers_full_streamed_body#1",
                    "name": "test_total_response_deadline_covers_full_streamed_body",
                    "filePath": "flowsint-core/tests/templates/test_template_enricher.py",
                    "nodeType": "Method",
                    "startLine": 423,
                    "endLine": 455,
                    "content": "    async def test_total_response_deadline_covers_full_streamed_body(self, monkeypatch):         class SlowDripStream(httpx.AsyncByteStream):             async def __aiter__(self):                 payload = (                     b'{\"normalized\":\"untrusted-body-material\",\"city\":\"Test City\",'                     b'\"country\":\"US\",\"zip\":\"00000\"}'                 )                 for chunk in (payload[:40], payload[40:]):                     await asyncio.sleep(0.06)                     yield chunk             async def aclose(self):                 return None         def handler(_request):             return httpx.Response(200, stream=SlowDripStream())         patch_client(monkeypatch, handler)         enricher = TemplateEnricher(             template=template(),             registry=registry(timeout_seconds=0.1),             runtime_authorizer=EgressAuthorizer.enrichment(),         )         enricher._graph_service = MagicMock()         result = await enricher.execute_structured([location()])         outcome = result.outcomes[0]         assert outcome.status is OutcomeStatus.FAILURE         assert outcome.diagnostic is not None         assert outcome.diagnostic.code == \"connector_timeout\"         assert outcome.diagnostic.retryable is True         assert \"untrusted-body-material\" not in result.model_dump_json()"
                },
                {
                    "id": "Method:flowsint-core/tests/templates/test_template_enricher.py:TestRegistryBackedTemplateEnricher.test_secret_and_raw_response_are_not_in_diagnostics_or_logs#1",
                    "name": "test_secret_and_raw_response_are_not_in_diagnostics_or_logs",
                    "filePath": "flowsint-core/tests/templates/test_template_enricher.py",
                    "nodeType": "Method",
                    "startLine": 457,
                    "endLine": 496,
                    "content": "    async def test_secret_and_raw_response_are_not_in_diagnostics_or_logs(         self, monkeypatch     ):         logger = MagicMock()         monkeypatch.setattr(\"flowsint_core.core.template_enricher.Logger\", logger)         def handler(request):             assert request.headers[\"Authorization\"] == \"header-secret\"             return httpx.Response(                 200,                 json={                     \"normalized\": \"safe mapped output\",                     \"city\": \"Test City\",                     \"country\": \"US\",                     \"zip\": \"00000\",                     \"document\": \"raw document and personal material\",                 },             )         patch_client(monkeypatch, handler)         vault = RecordingVault()         enricher = TemplateEnricher(             template=template(),             registry=registry(secret_headers={\"Authorization\": \"connector-token\"}),             runtime_authorizer=EgressAuthorizer.enrichment(),             vault=vault,             sketch_id=\"safe-sketch\",         )         enricher._graph_service = MagicMock()         result = await enricher.execute_structured([location()])         serialized = result.model_dump_json()         logged = str(logger.info.call_args)         assert vault.calls == 1         assert \"header-secret\" not in serialized         assert \"raw document and personal material\" not in serialized         assert \"input address\" not in logged         assert \"header-secret\" not in logged         assert \"raw document and personal material\" not in logged"
                },
                {
                    "id": "Function:flowsint-core/src/flowsint_core/tasks/enricher.py:run_connector_template",
                    "name": "run_connector_template",
                    "filePath": "flowsint-core/src/flowsint_core/tasks/enricher.py",
                    "nodeType": "Function",
                    "startLine": 197,
                    "endLine": 380,
                    "content": "def run_connector_template(     self,     template_id: str,     template_digest: str,     serialized_objects: List[dict],     sketch_id: str | None,     owner_id: str,     idempotency_key: Optional[str] = None, ):     \"\"\"Run a registry-backed template with Stage 3 replay and lease fencing intact.\"\"\"     from flowsint_execution.models import RedactedDiagnostic, canonical_input_hash     from ..core.services.execution_service import (         FINAL_RUN_STATUSES,         RunLeaseLost,         create_execution_service,     )     session = SessionLocal()     scan = None     flow_run = None     lease = None     execution_service = None     safe_diagnostic = RedactedDiagnostic(         code=\"connector_execution_failed\",         safe_message=\"Connector execution could not be completed.\",         retryable=False,     )     try:         scan_id = uuid.UUID(self.request.id)         owner_uuid = uuid.UUID(owner_id)         template_uuid = uuid.UUID(template_id)         idempotency_key = idempotency_key or str(scan_id)         sketch_uuid = uuid.UUID(sketch_id) if sketch_id else None         input_digest = canonical_input_hash(serialized_objects)         operation_digest = hashlib.sha256(             f\"{template_uuid}:{template_digest}:{sketch_uuid or ''}\".encode(\"utf-8\")         ).hexdigest()         step_key = f\"connector-template:{template_uuid}:{template_digest}\"         execution_service = create_execution_service(session)         def canonical_scan(current_run):             return _get_or_create_scan(session, current_run.id, sketch_uuid)         def replay_or_attach():             session.expire_all()             current_run, _ = execution_service.create_or_reuse_run(                 owner_id=owner_uuid,                 idempotency_key=idempotency_key,                 input_digest=input_digest,                 input_count=len(serialized_objects),                 operation_digest=operation_digest,                 sketch_id=sketch_uuid,                 run_id=scan_id,             )             replayed_step = execution_service.get_step(current_run, step_key)             if current_run.status in FINAL_RUN_STATUSES:                 current_scan = canonical_scan(current_run)                 if (                     replayed_step is not None                     and replayed_step.status in FINAL_RUN_STATUSES                 ):                     current_scan.status = EventLevel.COMPLETED                     current_scan.error = None                     current_scan.details = _safe_connector_scan_details(                         execution_service.reconstruct_structured_result(replayed_step)                     )                 else:                     diagnostic = current_run.safe_error_diagnostic or {}                     current_scan.status = EventLevel.FAILED                     current_scan.error = diagnostic.get(                         \"safe_message\", safe_diagnostic.safe_message                     )                     current_scan.details = {                         \"status\": \"failed\",                         \"flow_run_id\": str(current_run.id),                         \"flow_run_reference\": f\"flow_run:{current_run.id}\",                         \"error_code\": diagnostic.get(\"code\", safe_diagnostic.code),                     }                 session.commit()                 return {\"result\": current_scan.details}             return {                 \"result\": {                     \"status\": \"in_progress\",                     \"flow_run_id\": str(current_run.id),                     \"flow_run_reference\": f\"flow_run:{current_run.id}\",                 }             }         flow_run, _ = execution_service.create_or_reuse_run(             owner_id=owner_uuid,             idempotency_key=idempotency_key,             input_digest=input_digest,             input_count=len(serialized_objects),             operation_digest=operation_digest,             sketch_id=sketch_uuid,             run_id=scan_id,         )         lease = execution_service.claim_run(flow_run, str(scan_id))         if lease is None:             return replay_or_attach()         scan = canonical_scan(flow_run)         template_service = create_enricher_template_service(session)         db_template = template_service.get_template(template_uuid, owner_uuid)         template = Template.model_validate(db_template.content)         projection_binding = projection_registry.resolve(template.projection)         if connector_template_digest(template) != template_digest:             raise ConnectorPolicyError(\"connector template digest denied\")         enricher = TemplateEnricher(             template=template,             registry=destination_registry,             runtime_authorizer=EgressAuthorizer.enrichment(),             sketch_id=sketch_id,             scan_id=str(flow_run.id),         )         step_run = execution_service.begin_or_resume_step(             flow_run, lease, step_key, len(serialized_objects)         )         execution_service.update_st ... [truncated]"
                },
                {
                    "id": "Function:flowsint-api/app/api/routes/enricher_templates.py:test_template",
                    "name": "test_template",
                    "filePath": "flowsint-api/app/api/routes/enricher_templates.py",
                    "nodeType": "Function",
                    "startLine": 181,
                    "endLine": 229,
                    "content": "async def test_template(     template_id: UUID,     test_request: EnricherTemplateTestRequest,     db: Session = Depends(get_db),     current_user: Profile = Depends(get_current_user), ):     \"\"\"Return only redacted status and policy provenance for a connector test.\"\"\"     service = create_enricher_template_service(db)     try:         db_template = service.get_template(template_id, current_user.id)     except NotFoundError as error:         raise HTTPException(             status_code=status.HTTP_404_NOT_FOUND,             detail={\"code\": \"enricher_template_not_found\"},         ) from error     template = _deserialize_template(db_template.content)     enricher = TemplateEnricher(         template=template,         registry=destination_registry,         runtime_authorizer=EgressAuthorizer.enrichment(),     )     enricher.vault = Vault(db=db, owner_id=current_user.id)     result = await enricher.execute_structured([test_request.input_value])     outcomes = [         ConnectorTestOutcome(             status=outcome.status.value,             visible_outputs=len(outcome.outputs),             diagnostic=outcome.diagnostic,             evidence=[                 ConnectorTestEvidenceMetadata(                     destination_id=evidence.destination_id,                     endpoint_id=evidence.endpoint_id,                     capability=evidence.capability,                     policy_version=evidence.policy_version,                     artifact_sha256=evidence.artifact_sha256,                     artifact_reference=evidence.artifact_reference,                 )                 for evidence in outcome.evidence             ],         )         for outcome in result.outcomes     ]     return EnricherTemplateTestResponse(         success=all(outcome.status.value == \"success\" for outcome in result.outcomes),         destination_id=enricher.endpoint.destination_id,         endpoint_id=enricher.endpoint.endpoint_id,         capability=enricher.endpoint.capability,         outcomes=outcomes,     )"
                }
            ]
        }
    },
    "summary": {
        "cwd": "/home/n4s5ti/Documents/dev/fl0sint-def44-source",
        "rootPath": "/home/n4s5ti/Documents/dev/fl0sint-def44-source",
        "repo": "fl0sint-def44-source",
        "lbugPath": "/home/n4s5ti/Documents/dev/fl0sint-def44-source/.gitnexus/lbug",
        "symbol": "flowsint-core/src/flowsint_execution/artifacts.py:capture_source",
        "rootSymbols": 1,
        "totalSymbols": 16,
        "totalEdges": 16,
        "filesMatched": 6,
        "truncated": false,
        "direct": 2,
        "processes": 0,
        "modules": 2
    },
    "warnings": [],
    "completeness": "complete",
    "completenessReasons": [],
    "indexStatus": "ready"
}
