{
    "symbol": "flowsint-core/src/flowsint_core/core/template_enricher.py:TemplateEnricher",
    "repo": "fl0sint-def44-source",
    "lbugPath": "/home/n4s5ti/Documents/dev/fl0sint-def44-source/.gitnexus/lbug",
    "rootPath": "/home/n4s5ti/Documents/dev/fl0sint-def44-source",
    "direction": "downstream",
    "risk": "CRITICAL",
    "target": {
        "id": "Class:flowsint-core/src/flowsint_core/core/template_enricher.py:TemplateEnricher",
        "name": "TemplateEnricher",
        "filePath": "flowsint-core/src/flowsint_core/core/template_enricher.py",
        "nodeType": "Class",
        "startLine": 53,
        "endLine": 503,
        "content": "class TemplateEnricher(Enricher):     \"\"\"Execute a template only through a resolved deployment-owned endpoint.\"\"\"     InputType = FlowsintType     OutputType = FlowsintType     def __init__(         self,         template: Template,         registry: DestinationRegistry,         runtime_authorizer: EgressAuthorizer,         sketch_id: Optional[str] = None,         scan_id: Optional[str] = None,         vault=None,         artifact_store: FilesystemArtifactStore | None = None,         retention_authority: RetentionAuthority | None = None,     ):         self.template = template         self.InputType = self._detect_type(template.input.type)         self.OutputType = self._detect_type(template.output.type)         self.endpoint = registry.resolve(             template.connector, template.input.type, template.output.type         )         runtime_authorizer.require(self.endpoint.capability)         super().__init__(             sketch_id=sketch_id,             scan_id=scan_id,             vault=vault,             params_schema=[],             params={},         )         self._last_response_artifact_sha256: str | None = None         self._last_artifact_reference: str | None = None         self._last_capture_state: ArtifactState | None = None         self._last_capture_reason: str | None = None         self._last_http_status_class: int | None = None         self._artifact_store = artifact_store         self._retention_authority = retention_authority         self._last_retrieved_at: datetime | None = None     @staticmethod     def _detect_type(type_name: str) -> type[FlowsintType]:         load_all_types()         detected_type = get_type(type_name, case_sensitive=True)         if detected_type is None:             raise ConnectorPolicyError(\"connector type denied\")         return detected_type     def name(self) -> str:  # type: ignore[override]         return f\"connector:{self.endpoint.destination_id}:{self.endpoint.endpoint_id}\"     def category(self) -> str:  # type: ignore[override]         return self.template.category     def key(self) -> str:  # type: ignore[override]         return self.template.input.key     @classmethod     def documentation(cls) -> str:         return \"Registry-backed enrichment connector.\"     async def async_init(self) -> None:         \"\"\"Do not resolve credentials before per-input policy validation.\"\"\"     def _reject_unknown_input_fields(self, value: Any) -> None:         if not isinstance(value, dict):             return         allowed_fields = set(self.InputType.model_fields)         if set(value) - allowed_fields:             raise ConnectorValidationError(\"connector input field invalid\")     def _validated_request_values(self, input_obj: Any) -> dict[str, Any]:         values: dict[str, Any] = {}         for field in self.endpoint.definition.request_fields:             value = getattr(input_obj, field.source_field, None)             if value is None:                 if field.required:                     raise ConnectorValidationError(\"connector input field invalid\")                 continue             if field.value_type == \"string\":                 if not isinstance(value, str) or len(value) > field.max_length:                     raise ConnectorValidationError(\"connector input field invalid\")             elif field.value_type == \"integer\":                 if isinstance(value, bool) or not isinstance(value, int):                     raise ConnectorValidationError(\"connector input field invalid\")             elif field.value_type == \"number\":                 if isinstance(value, bool) or not isinstance(value, (int, float)):                     raise ConnectorValidationError(\"connector input field invalid\")             elif field.value_type == \"boolean\" and not isinstance(value, bool):                 raise ConnectorValidationError(\"connector input field invalid\")             values[field.name] = value         return values     def _request_parts(         self, input_obj: Any     ) -> tuple[str, dict[str, str], dict[str, Any], dict[str, Any] | None]:         values = self._validated_request_values(input_obj)         definition = self.endpoint.definition         path = definition.path         query: dict[str, Any] = dict(definition.fixed_query)         json_body: dict[str, Any] = {}         for field in definition.request_fields:             if field.name not in values:                 continue             value = values[field.name]             if field.location == \"path\":                 path = path.replace(\"{\" + field.name + \"}\", quote(str(value), safe=\"\"))             elif field.location == \"query\":                 if field.name in query:                     raise ConnectorPolicyError(\"connector query field denied\")                 query[field.name] = value             else:                 json_body[field.name] = value         url = f\"{self.endpoint.base_url}{path}\"         parsed = httpx.URL(url)         base = httpx.URL(self.endpoint.base_url)         if ( ... [truncated]"
    },
    "symbols": [
        {
            "id": "Class:flowsint-core/src/flowsint_core/core/template_enricher.py:TemplateEnricher",
            "name": "TemplateEnricher",
            "filePath": "flowsint-core/src/flowsint_core/core/template_enricher.py",
            "nodeType": "Class",
            "startLine": 53,
            "endLine": 503,
            "content": "class TemplateEnricher(Enricher):     \"\"\"Execute a template only through a resolved deployment-owned endpoint.\"\"\"     InputType = FlowsintType     OutputType = FlowsintType     def __init__(         self,         template: Template,         registry: DestinationRegistry,         runtime_authorizer: EgressAuthorizer,         sketch_id: Optional[str] = None,         scan_id: Optional[str] = None,         vault=None,         artifact_store: FilesystemArtifactStore | None = None,         retention_authority: RetentionAuthority | None = None,     ):         self.template = template         self.InputType = self._detect_type(template.input.type)         self.OutputType = self._detect_type(template.output.type)         self.endpoint = registry.resolve(             template.connector, template.input.type, template.output.type         )         runtime_authorizer.require(self.endpoint.capability)         super().__init__(             sketch_id=sketch_id,             scan_id=scan_id,             vault=vault,             params_schema=[],             params={},         )         self._last_response_artifact_sha256: str | None = None         self._last_artifact_reference: str | None = None         self._last_capture_state: ArtifactState | None = None         self._last_capture_reason: str | None = None         self._last_http_status_class: int | None = None         self._artifact_store = artifact_store         self._retention_authority = retention_authority         self._last_retrieved_at: datetime | None = None     @staticmethod     def _detect_type(type_name: str) -> type[FlowsintType]:         load_all_types()         detected_type = get_type(type_name, case_sensitive=True)         if detected_type is None:             raise ConnectorPolicyError(\"connector type denied\")         return detected_type     def name(self) -> str:  # type: ignore[override]         return f\"connector:{self.endpoint.destination_id}:{self.endpoint.endpoint_id}\"     def category(self) -> str:  # type: ignore[override]         return self.template.category     def key(self) -> str:  # type: ignore[override]         return self.template.input.key     @classmethod     def documentation(cls) -> str:         return \"Registry-backed enrichment connector.\"     async def async_init(self) -> None:         \"\"\"Do not resolve credentials before per-input policy validation.\"\"\"     def _reject_unknown_input_fields(self, value: Any) -> None:         if not isinstance(value, dict):             return         allowed_fields = set(self.InputType.model_fields)         if set(value) - allowed_fields:             raise ConnectorValidationError(\"connector input field invalid\")     def _validated_request_values(self, input_obj: Any) -> dict[str, Any]:         values: dict[str, Any] = {}         for field in self.endpoint.definition.request_fields:             value = getattr(input_obj, field.source_field, None)             if value is None:                 if field.required:                     raise ConnectorValidationError(\"connector input field invalid\")                 continue             if field.value_type == \"string\":                 if not isinstance(value, str) or len(value) > field.max_length:                     raise ConnectorValidationError(\"connector input field invalid\")             elif field.value_type == \"integer\":                 if isinstance(value, bool) or not isinstance(value, int):                     raise ConnectorValidationError(\"connector input field invalid\")             elif field.value_type == \"number\":                 if isinstance(value, bool) or not isinstance(value, (int, float)):                     raise ConnectorValidationError(\"connector input field invalid\")             elif field.value_type == \"boolean\" and not isinstance(value, bool):                 raise ConnectorValidationError(\"connector input field invalid\")             values[field.name] = value         return values     def _request_parts(         self, input_obj: Any     ) -> tuple[str, dict[str, str], dict[str, Any], dict[str, Any] | None]:         values = self._validated_request_values(input_obj)         definition = self.endpoint.definition         path = definition.path         query: dict[str, Any] = dict(definition.fixed_query)         json_body: dict[str, Any] = {}         for field in definition.request_fields:             if field.name not in values:                 continue             value = values[field.name]             if field.location == \"path\":                 path = path.replace(\"{\" + field.name + \"}\", quote(str(value), safe=\"\"))             elif field.location == \"query\":                 if field.name in query:                     raise ConnectorPolicyError(\"connector query field denied\")                 query[field.name] = value             else:                 json_body[field.name] = value         url = f\"{self.endpoint.base_url}{path}\"         parsed = httpx.URL(url)         base = httpx.URL(self.endpoint.base_url)         if ( ... [truncated]"
        },
        {
            "id": "Method:flowsint-core/src/flowsint_core/core/connector_egress.py:EgressAuthorizer.require#1",
            "name": "require",
            "filePath": "flowsint-core/src/flowsint_core/core/connector_egress.py",
            "nodeType": "Method",
            "startLine": 185,
            "endLine": 187,
            "content": "    def require(self, capability: ConnectorCapability) -> None:         if capability not in self.allowed_capabilities:             raise ConnectorPolicyError(\"connector runtime authority denied\")"
        },
        {
            "id": "Method:flowsint-core/src/flowsint_core/core/connector_egress.py:DestinationRegistry.resolve#3",
            "name": "resolve",
            "filePath": "flowsint-core/src/flowsint_core/core/connector_egress.py",
            "nodeType": "Method",
            "startLine": 208,
            "endLine": 260,
            "content": "    def resolve(         self,         connector: TemplateConnector,         input_type: str,         output_type: str,     ) -> ResolvedEndpoint:         \"\"\"Resolve and validate a template reference before any Vault or HTTP work.\"\"\"         destination = self._destinations.get(connector.destination_id)         if destination is None or not destination.enabled:             raise ConnectorPolicyError(\"connector destination denied\")         endpoint = next(             (                 candidate                 for candidate in destination.endpoints                 if candidate.endpoint_id == connector.endpoint_id             ),             None,         )         if endpoint is None or not endpoint.enabled:             raise ConnectorPolicyError(\"connector endpoint denied\")         if connector.capability != \"enrich.read\" or endpoint.capability != connector.capability:             raise ConnectorPolicyError(\"connector capability denied\")         if endpoint.input_type != input_type or endpoint.output_type != output_type:             raise ConnectorPolicyError(\"connector type denied\")         load_all_types()         input_model = get_type(input_type, case_sensitive=True)         output_model = get_type(output_type, case_sensitive=True)         if input_model is None or output_model is None:             raise ConnectorPolicyError(\"connector type denied\")         input_fields = input_model.model_fields         output_fields = output_model.model_fields         required_output_fields = {             field_name             for field_name, field in output_fields.items()             if field.is_required()         }         if not required_output_fields.issubset(endpoint.response_mappings):             raise ConnectorPolicyError(\"connector response mapping denied\")         if any(field.source_field not in input_fields for field in endpoint.request_fields):             raise ConnectorPolicyError(\"connector request field denied\")         if any(field_name not in output_fields for field_name in endpoint.response_mappings):             raise ConnectorPolicyError(\"connector response field denied\")         if not endpoint.response_mappings:             raise ConnectorPolicyError(\"connector response mapping denied\")         return ResolvedEndpoint(             destination_id=destination.destination_id,             endpoint_id=endpoint.endpoint_id,             capability=endpoint.capability,             policy_version=self.policy_version,             base_url=destination.base_url,             definition=endpoint,         )"
        },
        {
            "id": "Method:flowsint-core/src/flowsint_core/core/enricher_base.py:Enricher.__init__#6",
            "name": "__init__",
            "filePath": "flowsint-core/src/flowsint_core/core/enricher_base.py",
            "nodeType": "Method",
            "startLine": 123,
            "endLine": 150,
            "content": "    def __init__(         self,         sketch_id: Optional[str] = None,         scan_id: Optional[str] = None,         params_schema: Optional[List[Dict[str, Any]]] = None,         vault: Optional[VaultProtocol] = None,         params: Optional[Dict[str, Any]] = None,         graph_service: Optional[GraphService] = None,     ):         self.scan_id = scan_id or \"default\"         self.sketch_id = sketch_id or \"system\"         self.vault = vault         self.params_schema = params_schema or []         self.ParamsModel = build_params_model(self.params_schema)         self.params: Dict[str, Any] = params or {}         # Initialize graph service (uses singleton connection by default)         if graph_service:             self._graph_service = graph_service         else:             self._graph_service = create_graph_service(                 sketch_id=self.sketch_id,                 enable_batching=True,             )         # Params is filled synchronously by the constructor. This params is generally constructed of         # vaultSecret references, not the key directly. The idea is that the real key values are resolved after calling         # async_init(), right before the execution."
        },
        {
            "id": "Method:flowsint-core/src/flowsint_core/core/enricher_base.py:Enricher.async_init#0",
            "name": "async_init",
            "filePath": "flowsint-core/src/flowsint_core/core/enricher_base.py",
            "nodeType": "Method",
            "startLine": 152,
            "endLine": 166,
            "content": "    async def async_init(self):         self.ParamsModel = build_params_model(self.params_schema)         # Always resolve parameters, even if self.params is empty         # This allows vault secrets to be fetched by name from params_schema         resolved_params = self.resolve_params()         # Strict validation after resolution         try:             validated = self.ParamsModel(**resolved_params)             self.params = validated.model_dump()         except ValidationError as e:             raise InvalidEnricherParams(                 f\"Enricher '{self.name()}' received invalid parameters: {e}\"             )"
        },
        {
            "id": "Method:flowsint-core/src/flowsint_core/core/enricher_base.py:Enricher.resolve_params#0",
            "name": "resolve_params",
            "filePath": "flowsint-core/src/flowsint_core/core/enricher_base.py",
            "nodeType": "Method",
            "startLine": 168,
            "endLine": 203,
            "content": "    def resolve_params(self) -> Dict[str, Any]:         resolved = {}         for param in self.params_schema:             param_name = param[\"name\"]             param_type = param.get(\"type\", \"string\")             if param_type == \"vaultSecret\":                 # For vault secrets, try to get from vault by name or ID                 secret = None                 if self.vault is not None:                     # First, check if user provided a specific vault ID in params                     if param_name in self.params and self.params[param_name]:                         secret = self.vault.get_secret(self.params[param_name])                     # Otherwise, try to get the secret by the param name itself                     if secret is None:                         secret = self.vault.get_secret(param_name)                     if secret is not None:                         resolved[param_name] = secret                     elif param.get(\"required\", False):                         raise Exception(                             f\"Required vault secret '{param_name}' is missing. Please go to the Vault settings and create a '{param_name}' key.\"                         )                 # If no vault or no secret found, use default if available                 if param_name not in resolved and param.get(\"default\") is not None:                     resolved[param_name] = param[\"default\"]             else:                 # For non-vault params, use the provided value or default                 if param_name in self.params and self.params[param_name] is not None:                     resolved[param_name] = self.params[param_name]                 elif param.get(\"default\") is not None:                     resolved[param_name] = param[\"default\"]         return resolved"
        },
        {
            "id": "Method:flowsint-core/src/flowsint_core/core/enricher_base.py:Enricher.required_params#0",
            "name": "required_params",
            "filePath": "flowsint-core/src/flowsint_core/core/enricher_base.py",
            "nodeType": "Method",
            "startLine": 206,
            "endLine": 207,
            "content": "    def required_params(self) -> bool:         return False"
        },
        {
            "id": "Method:flowsint-core/src/flowsint_core/core/enricher_base.py:Enricher.name#0",
            "name": "name",
            "filePath": "flowsint-core/src/flowsint_core/core/enricher_base.py",
            "nodeType": "Method",
            "startLine": 211,
            "endLine": 212,
            "content": "    def name(cls) -> str:         pass"
        },
        {
            "id": "Method:flowsint-core/src/flowsint_core/core/enricher_base.py:Enricher.icon#0",
            "name": "icon",
            "filePath": "flowsint-core/src/flowsint_core/core/enricher_base.py",
            "nodeType": "Method",
            "startLine": 215,
            "endLine": 216,
            "content": "    def icon(cls) -> str | None:         return None"
        },
        {
            "id": "Method:flowsint-core/src/flowsint_core/core/enricher_base.py:Enricher.category#0",
            "name": "category",
            "filePath": "flowsint-core/src/flowsint_core/core/enricher_base.py",
            "nodeType": "Method",
            "startLine": 220,
            "endLine": 221,
            "content": "    def category(cls) -> str:         pass"
        },
        {
            "id": "Method:flowsint-core/src/flowsint_core/core/enricher_base.py:Enricher.key#0",
            "name": "key",
            "filePath": "flowsint-core/src/flowsint_core/core/enricher_base.py",
            "nodeType": "Method",
            "startLine": 225,
            "endLine": 227,
            "content": "    def key(cls) -> str:         \"\"\"Primary key on which the enricher operates (e.g. domain, IP, etc.)\"\"\"         pass"
        },
        {
            "id": "Method:flowsint-core/src/flowsint_core/core/enricher_base.py:Enricher.documentation#0",
            "name": "documentation",
            "filePath": "flowsint-core/src/flowsint_core/core/enricher_base.py",
            "nodeType": "Method",
            "startLine": 230,
            "endLine": 238,
            "content": "    def documentation(cls) -> str:         \"\"\"         Return formatted markdown documentation for this enricher.         Override this method to provide custom documentation.         Falls back to cleaned docstring if not overridden.         \"\"\"         import inspect         return inspect.cleandoc(cls.__doc__ or \"No documentation available.\")"
        },
        {
            "id": "Method:flowsint-core/src/flowsint_core/core/enricher_base.py:Enricher.input_schema#0",
            "name": "input_schema",
            "filePath": "flowsint-core/src/flowsint_core/core/enricher_base.py",
            "nodeType": "Method",
            "startLine": 241,
            "endLine": 246,
            "content": "    def input_schema(cls) -> Dict[str, Any]:         \"\"\"         Generate input schema from InputType class attribute.         Subclasses don't need to override this unless they have special requirements.         \"\"\"         return cls.generate_input_schema()"
        },
        {
            "id": "Method:flowsint-core/src/flowsint_core/core/enricher_base.py:Enricher.get_params_schema#0",
            "name": "get_params_schema",
            "filePath": "flowsint-core/src/flowsint_core/core/enricher_base.py",
            "nodeType": "Method",
            "startLine": 249,
            "endLine": 251,
            "content": "    def get_params_schema(cls) -> List[Dict[str, Any]]:         \"\"\"Can be overridden in subclasses to declare required parameters\"\"\"         return []"
        },
        {
            "id": "Method:flowsint-core/src/flowsint_core/core/enricher_base.py:Enricher.output_schema#0",
            "name": "output_schema",
            "filePath": "flowsint-core/src/flowsint_core/core/enricher_base.py",
            "nodeType": "Method",
            "startLine": 254,
            "endLine": 259,
            "content": "    def output_schema(cls) -> Dict[str, Any]:         \"\"\"         Generate output schema from OutputType class attribute.         Subclasses don't need to override this unless they have special requirements.         \"\"\"         return cls.generate_output_schema()"
        },
        {
            "id": "Method:flowsint-core/src/flowsint_core/core/enricher_base.py:Enricher.generate_input_schema#0",
            "name": "generate_input_schema",
            "filePath": "flowsint-core/src/flowsint_core/core/enricher_base.py",
            "nodeType": "Method",
            "startLine": 262,
            "endLine": 302,
            "content": "    def generate_input_schema(cls) -> Dict[str, Any]:         \"\"\"         Helper method to generate input schema from InputType class attribute.         Raises:             NotImplementedError: If InputType is not defined in the subclass         \"\"\"         if cls.InputType is NotImplemented:             raise NotImplementedError(f\"InputType must be defined in {cls.__name__}\")         adapter = TypeAdapter(cls.InputType)         schema = adapter.json_schema()         # Handle different schema structures         # Check for direct properties first (even if $defs exists for nested types)         if \"properties\" in schema and \"title\" in schema:             # Direct type definition (e.g., Domain, Ip, Website)             return {                 \"type\": schema.get(\"title\", \"Any\"),                 \"properties\": [                     {\"name\": prop, \"type\": resolve_type(info, schema)}                     for prop, info in schema[\"properties\"].items()                 ],             }         elif \"$defs\" in schema and schema[\"$defs\"] and \"$ref\" in schema:             # Reference to a type in $defs             type_name = schema[\"$ref\"].split(\"/\")[-1]             details = schema[\"$defs\"][type_name]             return {                 \"type\": type_name,                 \"properties\": [                     {\"name\": prop, \"type\": resolve_type(info, schema)}                     for prop, info in details[\"properties\"].items()                 ],             }         else:             # Fallback for unknown schema structures             return {                 \"type\": schema.get(\"title\", \"Any\"),                 \"properties\": [{\"name\": \"value\", \"type\": \"object\"}],             }"
        },
        {
            "id": "Method:flowsint-core/src/flowsint_core/core/enricher_base.py:Enricher.generate_output_schema#0",
            "name": "generate_output_schema",
            "filePath": "flowsint-core/src/flowsint_core/core/enricher_base.py",
            "nodeType": "Method",
            "startLine": 305,
            "endLine": 345,
            "content": "    def generate_output_schema(cls) -> Dict[str, Any]:         \"\"\"         Helper method to generate output schema from OutputType class attribute.         Raises:             NotImplementedError: If OutputType is not defined in the subclass         \"\"\"         if cls.OutputType is NotImplemented:             raise NotImplementedError(f\"OutputType must be defined in {cls.__name__}\")         adapter = TypeAdapter(cls.OutputType)         schema = adapter.json_schema()         # Handle different schema structures         # Check for direct properties first (even if $defs exists for nested types)         if \"properties\" in schema and \"title\" in schema:             # Direct type definition (e.g., Domain, Ip, Website)             return {                 \"type\": schema.get(\"title\", \"Any\"),                 \"properties\": [                     {\"name\": prop, \"type\": resolve_type(info, schema)}                     for prop, info in schema[\"properties\"].items()                 ],             }         elif \"$defs\" in schema and schema[\"$defs\"] and \"$ref\" in schema:             # Reference to a type in $defs             type_name = schema[\"$ref\"].split(\"/\")[-1]             details = schema[\"$defs\"][type_name]             return {                 \"type\": type_name,                 \"properties\": [                     {\"name\": prop, \"type\": resolve_type(info, schema)}                     for prop, info in details[\"properties\"].items()                 ],             }         else:             # Fallback for unknown schema structures             return {                 \"type\": schema.get(\"title\", \"Any\"),                 \"properties\": [{\"name\": \"value\", \"type\": \"object\"}],             }"
        },
        {
            "id": "Method:flowsint-core/src/flowsint_core/core/enricher_base.py:Enricher.scan#1",
            "name": "scan",
            "filePath": "flowsint-core/src/flowsint_core/core/enricher_base.py",
            "nodeType": "Method",
            "startLine": 348,
            "endLine": 349,
            "content": "    async def scan(self, values: List[str]) -> List[Dict[str, Any]]:         pass"
        },
        {
            "id": "Method:flowsint-core/src/flowsint_core/core/enricher_base.py:Enricher.set_params#1",
            "name": "set_params",
            "filePath": "flowsint-core/src/flowsint_core/core/enricher_base.py",
            "nodeType": "Method",
            "startLine": 351,
            "endLine": 352,
            "content": "    def set_params(self, params: Dict[str, Any]) -> None:         self.params = params"
        },
        {
            "id": "Method:flowsint-core/src/flowsint_core/core/enricher_base.py:Enricher.get_params#0",
            "name": "get_params",
            "filePath": "flowsint-core/src/flowsint_core/core/enricher_base.py",
            "nodeType": "Method",
            "startLine": 354,
            "endLine": 355,
            "content": "    def get_params(self) -> Dict[str, Any]:         return self.params"
        },
        {
            "id": "Method:flowsint-core/src/flowsint_core/core/enricher_base.py:Enricher.get_secret#2",
            "name": "get_secret",
            "filePath": "flowsint-core/src/flowsint_core/core/enricher_base.py",
            "nodeType": "Method",
            "startLine": 357,
            "endLine": 371,
            "content": "    def get_secret(self, key_name: str, default: Any = None) -> Any:         \"\"\"         Get a secret value by key name.         The secret is automatically resolved from the vault during async_init.         Args:             key_name: The name of the secret parameter (e.g., \"WHOXY_API_KEY\")             default: Default value if secret is not found         Returns:             The secret value from the vault, or default if not found         \"\"\"         value = self.params.get(key_name, default)         # If the value is None, return the default instead (allows fallback to env vars)         return value if value is not None else default"
        },
        {
            "id": "Method:flowsint-core/src/flowsint_core/core/enricher_base.py:Enricher._input_validation_context#0",
            "name": "_input_validation_context",
            "filePath": "flowsint-core/src/flowsint_core/core/enricher_base.py",
            "nodeType": "Method",
            "startLine": 373,
            "endLine": 392,
            "content": "    def _input_validation_context(self) -> tuple[TypeAdapter | None, str | None]:         if self.InputType is NotImplemented:             return None, None         base_type = self.InputType         adapter = TypeAdapter(base_type)         primary_field = None         if issubclass(base_type, BaseModel):             for name, field in base_type.model_fields.items():                 if field.json_schema_extra and field.json_schema_extra.get(\"primary\"):                     primary_field = name                     break             if primary_field is None:                 for name, field in base_type.model_fields.items():                     if field.is_required():                         primary_field = name                         break                 if primary_field is None:                     primary_field = next(iter(base_type.model_fields.keys()))         return adapter, primary_field"
        },
        {
            "id": "Method:flowsint-core/src/flowsint_core/core/enricher_base.py:Enricher._validate_single_input#3",
            "name": "_validate_single_input",
            "filePath": "flowsint-core/src/flowsint_core/core/enricher_base.py",
            "nodeType": "Method",
            "startLine": 394,
            "endLine": 408,
            "content": "    def _validate_single_input(         self,         item: Any,         *,         adapter: TypeAdapter | None = None,         primary_field: str | None = None,     ) -> Any:         \"\"\"Validate one input using the same conversion rules as ``preprocess``.\"\"\"         if self.InputType is NotImplemented:             return item         if adapter is None:             adapter, primary_field = self._input_validation_context()         if isinstance(item, str) and primary_field:             item = {primary_field: item}         return adapter.validate_python(item)"
        },
        {
            "id": "Method:flowsint-core/src/flowsint_core/core/enricher_base.py:Enricher.preprocess#1",
            "name": "preprocess",
            "filePath": "flowsint-core/src/flowsint_core/core/enricher_base.py",
            "nodeType": "Method",
            "startLine": 410,
            "endLine": 444,
            "content": "    def preprocess(self, values: List) -> List:         \"\"\"         Generic preprocess that validates and converts input using InputType.         Automatically handles dicts, objects, and strings (using the model's primary field).         Invalid items are skipped silently.         Note: InputType should be defined as the base type (e.g., Ip, Domain),         not as a List (e.g., List[Ip]). The preprocess method expects a list of values         and returns a list of validated InputType instances.         \"\"\"         if self.InputType is NotImplemented:             return values         adapter, primary_field = self._input_validation_context()         cleaned = []         for item in values:             try:                 cleaned.append(                     self._validate_single_input(                         item, adapter=adapter, primary_field=primary_field                     )                 )             except Exception:                 continue         if len(cleaned) == 0:             Logger.warn(                 self.sketch_id,                 {                     \"message\": f\"No valid input were provided to enricher '{self.name()}'.\"                 },             )             return values         return cleaned"
        },
        {
            "id": "Method:flowsint-core/src/flowsint_core/core/enricher_base.py:Enricher._structured_execution_context#0",
            "name": "_structured_execution_context",
            "filePath": "flowsint-core/src/flowsint_core/core/enricher_base.py",
            "nodeType": "Method",
            "startLine": 447,
            "endLine": 449,
            "content": "    async def _structured_execution_context(self) -> AsyncIterator[Any]:         \"\"\"Provide optional shared resources for structured per-input processing.\"\"\"         yield None"
        },
        {
            "id": "Method:flowsint-core/src/flowsint_core/core/enricher_base.py:Enricher._process_single_input_structured#2",
            "name": "_process_single_input_structured",
            "filePath": "flowsint-core/src/flowsint_core/core/enricher_base.py",
            "nodeType": "Method",
            "startLine": 451,
            "endLine": 455,
            "content": "    async def _process_single_input_structured(         self, input_obj: Any, context: Any     ) -> List[Any]:         \"\"\"Process one validated input; subclasses can preserve richer grouping.\"\"\"         return await self.scan([input_obj])"
        },
        {
            "id": "Method:flowsint-core/src/flowsint_core/core/enricher_base.py:Enricher._build_structured_evidence#2",
            "name": "_build_structured_evidence",
            "filePath": "flowsint-core/src/flowsint_core/core/enricher_base.py",
            "nodeType": "Method",
            "startLine": 457,
            "endLine": 461,
            "content": "    def _build_structured_evidence(         self, input_obj: Any, input_ref: str     ) -> tuple[EvidenceEnvelope, ...]:         \"\"\"Return retainable evidence captured while processing one input.\"\"\"         return ()"
        },
        {
            "id": "Method:flowsint-core/src/flowsint_core/core/enricher_base.py:Enricher._classify_structured_exception#1",
            "name": "_classify_structured_exception",
            "filePath": "flowsint-core/src/flowsint_core/core/enricher_base.py",
            "nodeType": "Method",
            "startLine": 463,
            "endLine": 506,
            "content": "    def _classify_structured_exception(self, error: Exception) -> RedactedDiagnostic:         \"\"\"Classify failures without retaining exception text or request data.\"\"\"         if isinstance(error, (InvalidEnricherParams, ValidationError)):             return RedactedDiagnostic(                 code=\"validation_error\",                 safe_message=\"Input validation failed.\",                 retryable=False,             )         if isinstance(error, httpx.TimeoutException):             return RedactedDiagnostic(                 code=\"timeout\",                 safe_message=\"The operation timed out.\",                 retryable=True,             )         if isinstance(error, httpx.HTTPStatusError):             status_code = error.response.status_code             if status_code == 429:                 return RedactedDiagnostic(                     code=\"http_rate_limited\",                     safe_message=\"The remote service rate limited the request.\",                     retryable=True,                 )             if 500 <= status_code < 600:                 return RedactedDiagnostic(                     code=\"http_server_error\",                     safe_message=\"The remote service failed.\",                     retryable=True,                 )             if 400 <= status_code < 500:                 return RedactedDiagnostic(                     code=\"http_client_error\",                     safe_message=\"The remote service rejected the request.\",                     retryable=False,                 )             return RedactedDiagnostic(                 code=\"http_error\",                 safe_message=\"The remote service returned an HTTP error.\",                 retryable=False,             )         return RedactedDiagnostic(             code=\"unexpected_error\",             safe_message=\"Unexpected processing failure.\",             retryable=False,         )"
        },
        {
            "id": "Method:flowsint-core/src/flowsint_core/core/enricher_base.py:Enricher._classify_structured_success#2",
            "name": "_classify_structured_success",
            "filePath": "flowsint-core/src/flowsint_core/core/enricher_base.py",
            "nodeType": "Method",
            "startLine": 508,
            "endLine": 513,
            "content": "    def _classify_structured_success(         self,         outputs: tuple[Any, ...],         evidence: tuple[EvidenceEnvelope, ...],     ) -> tuple[OutcomeStatus, RedactedDiagnostic | None]:         return OutcomeStatus.SUCCESS, None"
        },
        {
            "id": "Method:flowsint-core/src/flowsint_core/core/enricher_base.py:Enricher._execute_structured_input#4",
            "name": "_execute_structured_input",
            "filePath": "flowsint-core/src/flowsint_core/core/enricher_base.py",
            "nodeType": "Method",
            "startLine": 515,
            "endLine": 563,
            "content": "    async def _execute_structured_input(         self,         original_input: Any,         context: Any,         *,         adapter: TypeAdapter | None = None,         primary_field: str | None = None,     ) -> InputOutcome:         input_ref = canonical_input_hash(original_input)         try:             input_obj = self._validate_single_input(                 original_input, adapter=adapter, primary_field=primary_field             )         except Exception as error:             return InputOutcome(                 input_ref=input_ref,                 status=OutcomeStatus.FAILURE,                 diagnostic=self._classify_structured_exception(error),             )         outputs: tuple[Any, ...] = ()         diagnostic: RedactedDiagnostic | None = None         status = OutcomeStatus.SUCCESS         try:             processed = await self._process_single_input_structured(input_obj, context)             outputs = tuple(self.postprocess(processed, [input_obj]))         except Exception as error:             status = OutcomeStatus.FAILURE             diagnostic = self._classify_structured_exception(error)         try:             evidence = self._build_structured_evidence(input_obj, input_ref)         except Exception as error:             evidence = ()             status = OutcomeStatus.FAILURE             diagnostic = self._classify_structured_exception(error)         if status is OutcomeStatus.SUCCESS:             status, diagnostic = self._classify_structured_success(outputs, evidence)         if status is not OutcomeStatus.SUCCESS:             outputs = ()         return InputOutcome(             input_ref=input_ref,             status=status,             outputs=outputs,             diagnostic=diagnostic,             evidence=evidence,         )"
        },
        {
            "id": "Method:flowsint-core/src/flowsint_core/core/enricher_base.py:Enricher.execute_structured#1",
            "name": "execute_structured",
            "filePath": "flowsint-core/src/flowsint_core/core/enricher_base.py",
            "nodeType": "Method",
            "startLine": 565,
            "endLine": 622,
            "content": "    async def execute_structured(self, values: List[Any]) -> StructuredExecutionResult:         \"\"\"Execute independently per original input without flattening outputs.\"\"\"         outcomes: list[InputOutcome] = []         if self.name() != \"enricher_orchestrator\":             Logger.info(self.sketch_id, {\"message\": f\"Enricher {self.name()} started.\"})         try:             await self.async_init()         except Exception as error:             diagnostic = self._classify_structured_exception(error)             outcomes = [                 InputOutcome(                     input_ref=canonical_input_hash(value),                     status=OutcomeStatus.FAILURE,                     diagnostic=diagnostic,                 )                 for value in values             ]         else:             try:                 adapter, primary_field = self._input_validation_context()                 async with self._structured_execution_context() as context:                     for value in values:                         outcomes.append(                             await self._execute_structured_input(                                 value,                                 context,                                 adapter=adapter,                                 primary_field=primary_field,                             )                         )             except Exception as error:                 diagnostic = self._classify_structured_exception(error)                 for value in values[len(outcomes) :]:                     outcomes.append(                         InputOutcome(                             input_ref=canonical_input_hash(value),                             status=OutcomeStatus.FAILURE,                             diagnostic=diagnostic,                         )                     )         finally:             try:                 self._graph_service.flush()             except Exception:                 Logger.error(                     self.sketch_id,                     {\"message\": f\"Enricher {self.name()} graph flush failed.\"},                 )         if self.name() != \"enricher_orchestrator\":             Logger.completed(                 self.sketch_id, {\"message\": f\"Enricher {self.name()} finished.\"}             )         return StructuredExecutionResult(             enricher_name=self.name(),             outcomes=tuple(outcomes),         )"
        },
        {
            "id": "Method:flowsint-core/src/flowsint_core/core/enricher_base.py:Enricher.postprocess#2",
            "name": "postprocess",
            "filePath": "flowsint-core/src/flowsint_core/core/enricher_base.py",
            "nodeType": "Method",
            "startLine": 624,
            "endLine": 627,
            "content": "    def postprocess(         self, results: List[Dict[str, Any]], input_data: List[str] = None     ) -> List[Dict[str, Any]]:         return results"
        },
        {
            "id": "Method:flowsint-core/src/flowsint_core/core/enricher_base.py:Enricher.execute#1",
            "name": "execute",
            "filePath": "flowsint-core/src/flowsint_core/core/enricher_base.py",
            "nodeType": "Method",
            "startLine": 630,
            "endLine": 655,
            "content": "    async def execute(self, values: List[Any]) -> List[Dict[str, Any]]:         if self.name() != \"enricher_orchestrator\":             Logger.info(self.sketch_id, {\"message\": f\"Enricher {self.name()} started.\"})         try:             await self.async_init()             preprocessed = self.preprocess(values)             results = await self.scan(preprocessed)             processed = self.postprocess(results, preprocessed)             # Flush any pending batch operations             self._graph_service.flush()             if self.name() != \"enricher_orchestrator\":                 Logger.completed(                     self.sketch_id, {\"message\": f\"Enricher {self.name()} finished.\"}                 )             return processed         except Exception:             if self.name() != \"enricher_orchestrator\":                 Logger.error(                     self.sketch_id,                     {\"message\": f\"Enricher {self.name()} errored.\"},                 )             return []"
        },
        {
            "id": "Method:flowsint-core/src/flowsint_core/core/enricher_base.py:Enricher.create_node#1",
            "name": "create_node",
            "filePath": "flowsint-core/src/flowsint_core/core/enricher_base.py",
            "nodeType": "Method",
            "startLine": 657,
            "endLine": 676,
            "content": "    def create_node(self, node_obj) -> None:         \"\"\"         Create a single Neo4j node.         The following properties are automatically added to every node:         - type: Lowercase version of node_type         - sketch_id: Current sketch ID from enricher context         - label: Automatically computed by FlowsintType, or defaults to key_value if not provided         - created_at: ISO 8601 UTC timestamp (only on creation, not updates)         Use Pydantic object directly:             ```python             self.create_node(ip)             ```         Args:             node_obj: Either a Pydantic object or node label string             **properties: Additional node properties or overrides         \"\"\"         self._graph_service.create_node_from_flowsint_type(node_obj=node_obj)"
        },
        {
            "id": "Method:flowsint-core/src/flowsint_core/core/enricher_base.py:Enricher.create_relationship#3",
            "name": "create_relationship",
            "filePath": "flowsint-core/src/flowsint_core/core/enricher_base.py",
            "nodeType": "Method",
            "startLine": 678,
            "endLine": 700,
            "content": "    def create_relationship(         self,         from_obj,         to_obj,         rel_label=\"IS_RELATED_TO\",     ) -> None:         \"\"\"         Create a relationship between two nodes.         Best Practice - Use Pydantic objects directly:             ```python             self.create_relationship(individual, domain, \"HAS_DOMAIN\")             self.create_relationship(email, breach, \"FOUND_IN_BREACH\")             ```         Args:             from_obj: Either a Pydantic object (source) or source node label             to_obj: Either a Pydantic object (target) or source node key property             rel_label: Either relationship type (Pydantic) or source node key value         \"\"\"         self._graph_service.create_relationship(             from_obj=from_obj, to_obj=to_obj, rel_label=rel_label         )"
        },
        {
            "id": "Method:flowsint-core/src/flowsint_core/core/enricher_base.py:Enricher.log_graph_message#1",
            "name": "log_graph_message",
            "filePath": "flowsint-core/src/flowsint_core/core/enricher_base.py",
            "nodeType": "Method",
            "startLine": 702,
            "endLine": 709,
            "content": "    def log_graph_message(self, message: str) -> None:         \"\"\"         Log a graph operation message.         Args:             message: Message to log         \"\"\"         self._graph_service.log_graph_message(message)"
        },
        {
            "id": "Method:flowsint-core/src/flowsint_core/core/enricher_base.py:Enricher.graph_service#0",
            "name": "graph_service",
            "filePath": "flowsint-core/src/flowsint_core/core/enricher_base.py",
            "nodeType": "Method",
            "startLine": 712,
            "endLine": 719,
            "content": "    def graph_service(self) -> GraphService:         \"\"\"         Get the graph service instance.         Returns:             GraphService instance for advanced operations         \"\"\"         return self._graph_service"
        },
        {
            "id": "Method:flowsint-core/src/flowsint_core/core/logger.py:LoggerSingleton._log#3",
            "name": "_log",
            "filePath": "flowsint-core/src/flowsint_core/core/logger.py",
            "nodeType": "Method",
            "startLine": 201,
            "endLine": 235,
            "content": "    def _log(         self, sketch_id: Union[str, UUID], level: EventLevel, content: Dict     ) -> None:         \"\"\"         Internal logging method.         Process:         1. Capture timestamp and sequence number immediately         2. Emit event immediately (real-time UI)         3. Queue for batch insertion with ordering info (performance)         Args:             sketch_id: Sketch ID for log routing             level: Log level             content: Log content/message         \"\"\"         # Capture timestamp and sequence at the time of logging (not insertion)         sequence = self._get_next_sequence()         timestamp = datetime.now(timezone.utc)         # Generate a temporary ID for immediate event emission         import uuid         temp_log_id = str(uuid.uuid4())         # 1. IMMEDIATE: Emit event for real-time display         self._emit_event(temp_log_id, str(sketch_id), level, content)         # 2. BATCHED: Queue for database insertion with ordering info         # Format: (sequence, timestamp, sketch_id, level, content)         self._log_queue.put((sequence, timestamp, str(sketch_id), level, content))         # 3. Check if we should flush immediately (batch size reached)         if self._log_queue.qsize() >= self._batch_size:             self._flush_batch()"
        },
        {
            "id": "Method:flowsint-core/src/flowsint_core/core/logger.py:LoggerSingleton.info#2",
            "name": "info",
            "filePath": "flowsint-core/src/flowsint_core/core/logger.py",
            "nodeType": "Method",
            "startLine": 239,
            "endLine": 241,
            "content": "    def info(self, sketch_id: Union[str, UUID], message: Dict) -> None:         \"\"\"Log an info message.\"\"\"         self._log(sketch_id, EventLevel.INFO, message)"
        },
        {
            "id": "Method:flowsint-core/src/flowsint_core/core/logger.py:LoggerSingleton.error#2",
            "name": "error",
            "filePath": "flowsint-core/src/flowsint_core/core/logger.py",
            "nodeType": "Method",
            "startLine": 243,
            "endLine": 245,
            "content": "    def error(self, sketch_id: Union[str, UUID], message: Dict) -> None:         \"\"\"Log an error message.\"\"\"         self._log(sketch_id, EventLevel.FAILED, message)"
        },
        {
            "id": "Method:flowsint-core/src/flowsint_core/core/logger.py:LoggerSingleton.warn#2",
            "name": "warn",
            "filePath": "flowsint-core/src/flowsint_core/core/logger.py",
            "nodeType": "Method",
            "startLine": 247,
            "endLine": 249,
            "content": "    def warn(self, sketch_id: Union[str, UUID], message: Dict) -> None:         \"\"\"Log a warning message.\"\"\"         self._log(sketch_id, EventLevel.WARNING, message)"
        },
        {
            "id": "Method:flowsint-core/src/flowsint_core/core/logger.py:LoggerSingleton.completed#2",
            "name": "completed",
            "filePath": "flowsint-core/src/flowsint_core/core/logger.py",
            "nodeType": "Method",
            "startLine": 259,
            "endLine": 276,
            "content": "    def completed(self, sketch_id: Union[str, UUID], message: Dict) -> None:         \"\"\"Log a completed message.\"\"\"         self._log(sketch_id, EventLevel.COMPLETED, message)         # Also publish to status channel for graph refresh         try:             import uuid             temp_log_id = str(uuid.uuid4())             from ..tasks.event import emit_status_event_task             emit_status_event_task.apply(                 args=[temp_log_id, str(sketch_id), EventLevel.COMPLETED, message]             )         except Exception as e:             import logging             logging.error(f\"Failed to emit status event: {e}\")"
        },
        {
            "id": "Method:flowsint-core/src/flowsint_core/core/template_enricher.py:TemplateEnricher.__init__#8",
            "name": "__init__",
            "filePath": "flowsint-core/src/flowsint_core/core/template_enricher.py",
            "nodeType": "Method",
            "startLine": 59,
            "endLine": 91,
            "content": "    def __init__(         self,         template: Template,         registry: DestinationRegistry,         runtime_authorizer: EgressAuthorizer,         sketch_id: Optional[str] = None,         scan_id: Optional[str] = None,         vault=None,         artifact_store: FilesystemArtifactStore | None = None,         retention_authority: RetentionAuthority | None = None,     ):         self.template = template         self.InputType = self._detect_type(template.input.type)         self.OutputType = self._detect_type(template.output.type)         self.endpoint = registry.resolve(             template.connector, template.input.type, template.output.type         )         runtime_authorizer.require(self.endpoint.capability)         super().__init__(             sketch_id=sketch_id,             scan_id=scan_id,             vault=vault,             params_schema=[],             params={},         )         self._last_response_artifact_sha256: str | None = None         self._last_artifact_reference: str | None = None         self._last_capture_state: ArtifactState | None = None         self._last_capture_reason: str | None = None         self._last_http_status_class: int | None = None         self._artifact_store = artifact_store         self._retention_authority = retention_authority         self._last_retrieved_at: datetime | None = None"
        },
        {
            "id": "Method:flowsint-core/src/flowsint_core/core/template_enricher.py:TemplateEnricher._detect_type#1",
            "name": "_detect_type",
            "filePath": "flowsint-core/src/flowsint_core/core/template_enricher.py",
            "nodeType": "Method",
            "startLine": 94,
            "endLine": 99,
            "content": "    def _detect_type(type_name: str) -> type[FlowsintType]:         load_all_types()         detected_type = get_type(type_name, case_sensitive=True)         if detected_type is None:             raise ConnectorPolicyError(\"connector type denied\")         return detected_type"
        },
        {
            "id": "Method:flowsint-core/src/flowsint_core/core/template_enricher.py:TemplateEnricher.name#0",
            "name": "name",
            "filePath": "flowsint-core/src/flowsint_core/core/template_enricher.py",
            "nodeType": "Method",
            "startLine": 101,
            "endLine": 102,
            "content": "    def name(self) -> str:  # type: ignore[override]         return f\"connector:{self.endpoint.destination_id}:{self.endpoint.endpoint_id}\""
        },
        {
            "id": "Method:flowsint-core/src/flowsint_core/core/template_enricher.py:TemplateEnricher.category#0",
            "name": "category",
            "filePath": "flowsint-core/src/flowsint_core/core/template_enricher.py",
            "nodeType": "Method",
            "startLine": 104,
            "endLine": 105,
            "content": "    def category(self) -> str:  # type: ignore[override]         return self.template.category"
        },
        {
            "id": "Method:flowsint-core/src/flowsint_core/core/template_enricher.py:TemplateEnricher.key#0",
            "name": "key",
            "filePath": "flowsint-core/src/flowsint_core/core/template_enricher.py",
            "nodeType": "Method",
            "startLine": 107,
            "endLine": 108,
            "content": "    def key(self) -> str:  # type: ignore[override]         return self.template.input.key"
        },
        {
            "id": "Method:flowsint-core/src/flowsint_core/core/template_enricher.py:TemplateEnricher.documentation#0",
            "name": "documentation",
            "filePath": "flowsint-core/src/flowsint_core/core/template_enricher.py",
            "nodeType": "Method",
            "startLine": 111,
            "endLine": 112,
            "content": "    def documentation(cls) -> str:         return \"Registry-backed enrichment connector.\""
        },
        {
            "id": "Method:flowsint-core/src/flowsint_core/core/template_enricher.py:TemplateEnricher.async_init#0",
            "name": "async_init",
            "filePath": "flowsint-core/src/flowsint_core/core/template_enricher.py",
            "nodeType": "Method",
            "startLine": 114,
            "endLine": 115,
            "content": "    async def async_init(self) -> None:         \"\"\"Do not resolve credentials before per-input policy validation.\"\"\""
        },
        {
            "id": "Method:flowsint-core/src/flowsint_core/core/template_enricher.py:TemplateEnricher._reject_unknown_input_fields#1",
            "name": "_reject_unknown_input_fields",
            "filePath": "flowsint-core/src/flowsint_core/core/template_enricher.py",
            "nodeType": "Method",
            "startLine": 118,
            "endLine": 123,
            "content": "    def _reject_unknown_input_fields(self, value: Any) -> None:         if not isinstance(value, dict):             return         allowed_fields = set(self.InputType.model_fields)         if set(value) - allowed_fields:             raise ConnectorValidationError(\"connector input field invalid\")"
        },
        {
            "id": "Method:flowsint-core/src/flowsint_core/core/template_enricher.py:TemplateEnricher._validated_request_values#1",
            "name": "_validated_request_values",
            "filePath": "flowsint-core/src/flowsint_core/core/template_enricher.py",
            "nodeType": "Method",
            "startLine": 125,
            "endLine": 145,
            "content": "    def _validated_request_values(self, input_obj: Any) -> dict[str, Any]:         values: dict[str, Any] = {}         for field in self.endpoint.definition.request_fields:             value = getattr(input_obj, field.source_field, None)             if value is None:                 if field.required:                     raise ConnectorValidationError(\"connector input field invalid\")                 continue             if field.value_type == \"string\":                 if not isinstance(value, str) or len(value) > field.max_length:                     raise ConnectorValidationError(\"connector input field invalid\")             elif field.value_type == \"integer\":                 if isinstance(value, bool) or not isinstance(value, int):                     raise ConnectorValidationError(\"connector input field invalid\")             elif field.value_type == \"number\":                 if isinstance(value, bool) or not isinstance(value, (int, float)):                     raise ConnectorValidationError(\"connector input field invalid\")             elif field.value_type == \"boolean\" and not isinstance(value, bool):                 raise ConnectorValidationError(\"connector input field invalid\")             values[field.name] = value         return values"
        },
        {
            "id": "Method:flowsint-core/src/flowsint_core/core/template_enricher.py:TemplateEnricher._request_parts#1",
            "name": "_request_parts",
            "filePath": "flowsint-core/src/flowsint_core/core/template_enricher.py",
            "nodeType": "Method",
            "startLine": 147,
            "endLine": 183,
            "content": "    def _request_parts(         self, input_obj: Any     ) -> tuple[str, dict[str, str], dict[str, Any], dict[str, Any] | None]:         values = self._validated_request_values(input_obj)         definition = self.endpoint.definition         path = definition.path         query: dict[str, Any] = dict(definition.fixed_query)         json_body: dict[str, Any] = {}         for field in definition.request_fields:             if field.name not in values:                 continue             value = values[field.name]             if field.location == \"path\":                 path = path.replace(\"{\" + field.name + \"}\", quote(str(value), safe=\"\"))             elif field.location == \"query\":                 if field.name in query:                     raise ConnectorPolicyError(\"connector query field denied\")                 query[field.name] = value             else:                 json_body[field.name] = value         url = f\"{self.endpoint.base_url}{path}\"         parsed = httpx.URL(url)         base = httpx.URL(self.endpoint.base_url)         if (             parsed.scheme != \"https\"             or parsed.scheme != base.scheme             or parsed.host != base.host             or parsed.port != base.port         ):             raise ConnectorPolicyError(\"connector origin denied\")         return (             url,             dict(definition.fixed_headers),             query,             json_body if definition.method == \"POST\" else None,         )"
        },
        {
            "id": "Method:flowsint-core/src/flowsint_core/core/template_enricher.py:TemplateEnricher._resolved_headers#1",
            "name": "_resolved_headers",
            "filePath": "flowsint-core/src/flowsint_core/core/template_enricher.py",
            "nodeType": "Method",
            "startLine": 185,
            "endLine": 192,
            "content": "    def _resolved_headers(self, fixed_headers: dict[str, str]) -> dict[str, str]:         headers = dict(fixed_headers)         for header_name, secret_name in self.endpoint.definition.secret_headers.items():             value = self.vault.get_secret(secret_name) if self.vault is not None else None             if not value:                 raise ConnectorCredentialUnavailable(\"connector credential unavailable\")             headers[header_name] = value         return headers"
        },
        {
            "id": "Method:flowsint-core/src/flowsint_core/core/template_enricher.py:TemplateEnricher._read_response#1",
            "name": "_read_response",
            "filePath": "flowsint-core/src/flowsint_core/core/template_enricher.py",
            "nodeType": "Method",
            "startLine": 194,
            "endLine": 208,
            "content": "    async def _read_response(self, response: httpx.Response) -> bytes:         limit = self.endpoint.definition.max_response_bytes         content_length = response.headers.get(\"content-length\")         if content_length is not None:             try:                 if int(content_length) > limit:                     raise ConnectorResponseTooLarge(\"connector response too large\")             except ValueError:                 raise ConnectorResponseTooLarge(\"connector response too large\") from None         content = bytearray()         async for chunk in response.aiter_bytes(chunk_size=min(65_536, limit)):             if len(chunk) > limit - len(content):                 raise ConnectorResponseTooLarge(\"connector response too large\")             content.extend(chunk)         return bytes(content)"
        },
        {
            "id": "Method:flowsint-core/src/flowsint_core/core/template_enricher.py:TemplateEnricher._extract_path#2",
            "name": "_extract_path",
            "filePath": "flowsint-core/src/flowsint_core/core/template_enricher.py",
            "nodeType": "Method",
            "startLine": 211,
            "endLine": 223,
            "content": "    def _extract_path(value: Any, path: str) -> Any:         current = value         for part in path.split(\".\"):             if isinstance(current, list):                 try:                     current = current[int(part)]                 except (ValueError, IndexError) as error:                     raise TemplateEnricherError(\"connector response mapping failed\") from error             elif isinstance(current, dict) and part in current:                 current = current[part]             else:                 raise TemplateEnricherError(\"connector response mapping failed\")         return current"
        },
        {
            "id": "Method:flowsint-core/src/flowsint_core/core/template_enricher.py:TemplateEnricher._map_response#1",
            "name": "_map_response",
            "filePath": "flowsint-core/src/flowsint_core/core/template_enricher.py",
            "nodeType": "Method",
            "startLine": 225,
            "endLine": 249,
            "content": "    def _map_response(self, response_bytes: bytes) -> List[Any]:         try:             response_data = json.loads(response_bytes)         except (TypeError, ValueError) as error:             raise TemplateEnricherError(\"connector response was invalid\") from error         items = response_data         if self.endpoint.definition.response_array_path is not None:             items = self._extract_path(                 response_data, self.endpoint.definition.response_array_path             )             if not isinstance(items, list):                 raise TemplateEnricherError(\"connector response array was invalid\")         if not isinstance(items, list):             items = [items]         results = []         for item in items:             mapped = {                 output_field: self._extract_path(item, source_path)                 for output_field, source_path in self.endpoint.definition.response_mappings.items()             }             try:                 results.append(self.OutputType(**mapped))             except Exception as error:                 raise TemplateEnricherError(\"connector output was invalid\") from error         return results"
        },
        {
            "id": "Method:flowsint-core/src/flowsint_core/core/template_enricher.py:TemplateEnricher._process_single_input#3",
            "name": "_process_single_input",
            "filePath": "flowsint-core/src/flowsint_core/core/template_enricher.py",
            "nodeType": "Method",
            "startLine": 251,
            "endLine": 326,
            "content": "    async def _process_single_input(         self, client: httpx.AsyncClient, input_obj: Any, input_ref: str | None = None     ) -> List[Any]:         self._last_response_artifact_sha256 = None         self._last_artifact_reference = None         self._last_capture_state = None         self._last_capture_reason = None         self._last_http_status_class = None         url, fixed_headers, query, json_body = self._request_parts(input_obj)         headers = self._resolved_headers(fixed_headers)         try:             async with asyncio.timeout(self.endpoint.definition.timeout_seconds):                 async with client.stream(                     self.endpoint.definition.method,                     url,                     headers=headers,                     params=query,                     json=json_body,                     timeout=self.endpoint.definition.timeout_seconds,                 ) as response:                     if 300 <= response.status_code < 400:                         raise ConnectorRedirectDenied(\"connector redirect denied\")                     self._last_http_status_class = response.status_code // 100                     response.raise_for_status()                     response_bytes = await self._read_response(response)         except TimeoutError as error:             raise httpx.ReadTimeout(\"connector deadline exceeded\") from error         operation_id = f\"connector-{uuid.uuid4().hex}\"         occurrence_id = f\"input-{uuid.uuid4().hex}\"         caller_id = f\"connector:{self.endpoint.destination_id}:{self.endpoint.endpoint_id}\"         runtime = None         if self._artifact_store is None or self._retention_authority is None:             runtime = load_artifact_runtime(                 caller_id=caller_id,                 scope=self.endpoint.capability,                 source_family=\"connector\",             )         store = self._artifact_store or (runtime.store if runtime else None)         authority = self._retention_authority or (runtime.authority if runtime else None)         decision = authority.issue(operation_id) if authority else None         retrieved_at = datetime.now(timezone.utc)         context = ArtifactContext(             operation_id=operation_id,             occurrence_id=occurrence_id,             caller_id=caller_id,             scope=self.endpoint.capability,             source_family=\"connector\",             origin=self.endpoint.base_url,             requested_url=f\"{self.endpoint.base_url}{self.endpoint.definition.path}\",             final_url=f\"{self.endpoint.base_url}{self.endpoint.definition.path}\",             retrieved_at=retrieved_at,         )         if decision is None:             self._last_capture_state = ArtifactState.HOLD             self._last_capture_reason = \"retention_policy_unavailable\"             return []         if store is None:             self._last_capture_state = ArtifactState.HOLD             self._last_capture_reason = \"artifact_store_unavailable\"             return []         captured = capture_source(store, context, decision, response_bytes)         self._last_capture_state = captured.state         self._last_capture_reason = captured.reason         if captured.state is not ArtifactState.AVAILABLE or captured.artifact is None:             return []         self._last_response_artifact_sha256 = captured.artifact.content_digest         self._last_retrieved_at = captured.artifact.retrieved_at         self._last_artifact_reference = encode_source_proof(PersistedSourceProof(             format_version=\"source-proof/1.0\",             input_ref=input_ref or canonical_input_hash(input_obj),             context=context,             decision=decision,             artifact=captured.artifact,             spans=(),         ))         return self._map_response(response_bytes)"
        },
        {
            "id": "Method:flowsint-core/src/flowsint_core/core/template_enricher.py:TemplateEnricher._structured_execution_context#0",
            "name": "_structured_execution_context",
            "filePath": "flowsint-core/src/flowsint_core/core/template_enricher.py",
            "nodeType": "Method",
            "startLine": 329,
            "endLine": 331,
            "content": "    async def _structured_execution_context(self) -> AsyncIterator[httpx.AsyncClient]:         async with httpx.AsyncClient(follow_redirects=False, trust_env=False) as client:             yield client"
        },
        {
            "id": "Method:flowsint-core/src/flowsint_core/core/template_enricher.py:TemplateEnricher._build_structured_evidence#2",
            "name": "_build_structured_evidence",
            "filePath": "flowsint-core/src/flowsint_core/core/template_enricher.py",
            "nodeType": "Method",
            "startLine": 333,
            "endLine": 357,
            "content": "    def _build_structured_evidence(         self, input_obj: Any, input_ref: str     ) -> tuple[EvidenceEnvelope, ...]:         evidence = self.template.evidence         artifact_sha256 = self._last_response_artifact_sha256         return (             EvidenceEnvelope(                 input_ref=input_ref,                 destination_id=self.endpoint.destination_id,                 endpoint_id=self.endpoint.endpoint_id,                 capability=self.endpoint.capability,                 policy_version=self.endpoint.policy_version,                 artifact_sha256=artifact_sha256,                 artifact_reference=(                     self._last_artifact_reference                 ),                 source_rights=evidence.source_rights,                 schema_version=evidence.schema_version,                 parser_version=evidence.parser_version,                 confidence=evidence.confidence,                 verification_state=evidence.verification_state,                 retrieved_at=self._last_retrieved_at or datetime.now(timezone.utc),                 ingested_at=self._last_retrieved_at or datetime.now(timezone.utc),             ),         )"
        },
        {
            "id": "Method:flowsint-core/src/flowsint_core/core/template_enricher.py:TemplateEnricher._classify_structured_exception#1",
            "name": "_classify_structured_exception",
            "filePath": "flowsint-core/src/flowsint_core/core/template_enricher.py",
            "nodeType": "Method",
            "startLine": 359,
            "endLine": 404,
            "content": "    def _classify_structured_exception(self, error: Exception) -> RedactedDiagnostic:         if isinstance(error, ConnectorPolicyError):             return RedactedDiagnostic(                 code=\"connector_policy_denied\",                 safe_message=\"Connector policy denied the request.\",                 retryable=False,             )         if isinstance(error, (ConnectorValidationError,)):             return RedactedDiagnostic(                 code=\"connector_validation_failed\",                 safe_message=\"Connector input validation failed.\",                 retryable=False,             )         if isinstance(error, ConnectorCredentialUnavailable):             return RedactedDiagnostic(                 code=\"connector_credential_unavailable\",                 safe_message=\"Connector credentials are unavailable.\",                 retryable=False,             )         if isinstance(error, httpx.TimeoutException):             return RedactedDiagnostic(                 code=\"connector_timeout\",                 safe_message=\"Connector request timed out.\",                 retryable=True,             )         if isinstance(error, httpx.HTTPStatusError):             return RedactedDiagnostic(                 code=\"connector_http_error\",                 safe_message=\"Connector request failed.\",                 retryable=error.response.status_code >= 500                 or error.response.status_code == 429,             )         if isinstance(             error,             (ConnectorRedirectDenied, ConnectorResponseTooLarge, TemplateEnricherError),         ):             return RedactedDiagnostic(                 code=\"connector_response_invalid\",                 safe_message=\"Connector response was rejected.\",                 retryable=False,             )         return RedactedDiagnostic(             code=\"connector_response_invalid\",             safe_message=\"Connector response was rejected.\",             retryable=False,         )"
        },
        {
            "id": "Method:flowsint-core/src/flowsint_core/core/template_enricher.py:TemplateEnricher._classify_structured_success#2",
            "name": "_classify_structured_success",
            "filePath": "flowsint-core/src/flowsint_core/core/template_enricher.py",
            "nodeType": "Method",
            "startLine": 406,
            "endLine": 420,
            "content": "    def _classify_structured_success(         self,         outputs: tuple[Any, ...],         evidence: tuple[EvidenceEnvelope, ...],     ) -> tuple[OutcomeStatus, RedactedDiagnostic | None]:         if self._last_capture_state is not ArtifactState.AVAILABLE:             return (                 OutcomeStatus.HOLD,                 RedactedDiagnostic(                     code=self._last_capture_reason or \"retention_policy_unavailable\",                     safe_message=\"Reviewed source retention is unavailable.\",                     retryable=False,                 ),             )         return OutcomeStatus.SUCCESS, None"
        },
        {
            "id": "Method:flowsint-core/src/flowsint_core/core/template_enricher.py:TemplateEnricher.execute_structured#1",
            "name": "execute_structured",
            "filePath": "flowsint-core/src/flowsint_core/core/template_enricher.py",
            "nodeType": "Method",
            "startLine": 422,
            "endLine": 486,
            "content": "    async def execute_structured(self, values: List[Any]) -> StructuredExecutionResult:         \"\"\"Execute inputs independently without logging, retaining, or returning raw egress data.\"\"\"         outcomes: list[InputOutcome] = []         try:             async with self._structured_execution_context() as client:                 for original_input in values:                     input_ref = canonical_input_hash(original_input)                     self._last_response_artifact_sha256 = None                     self._last_artifact_reference = None                     self._last_capture_state = None                     self._last_capture_reason = None                     self._last_http_status_class = None                     self._last_retrieved_at = None                     try:                         self._reject_unknown_input_fields(original_input)                         input_obj = self._validate_single_input(original_input)                         processed = await self._process_single_input(client, input_obj, input_ref)                         evidence = self._build_structured_evidence(input_obj, input_ref)                         status, diagnostic = self._classify_structured_success(                             tuple(processed), evidence                         )                         outcomes.append(                             InputOutcome(                                 input_ref=input_ref,                                 status=status,                                 outputs=tuple(processed)                                 if status is OutcomeStatus.SUCCESS                                 else (),                                 diagnostic=diagnostic,                                 evidence=evidence,                             )                         )                     except Exception as error:                         outcomes.append(                             InputOutcome(                                 input_ref=input_ref,                                 status=OutcomeStatus.FAILURE,                                 diagnostic=self._classify_structured_exception(error),                                 evidence=self._build_structured_evidence(                                     original_input, input_ref                                 ),                             )                         )         finally:             try:                 self._graph_service.flush()             except Exception:                 pass         Logger.info(             self.sketch_id,             {                 \"event\": \"connector_completed\",                 \"destination_id\": self.endpoint.destination_id,                 \"endpoint_id\": self.endpoint.endpoint_id,                 \"capability\": self.endpoint.capability,                 \"outcome_counts\": {                     status.value: sum(                         outcome.status is status for outcome in outcomes                     )                     for status in OutcomeStatus                 },                 \"http_status_class\": self._last_http_status_class,             },         )         return StructuredExecutionResult(enricher_name=self.name(), outcomes=tuple(outcomes))"
        },
        {
            "id": "Method:flowsint-core/src/flowsint_core/core/template_enricher.py:TemplateEnricher.scan#1",
            "name": "scan",
            "filePath": "flowsint-core/src/flowsint_core/core/template_enricher.py",
            "nodeType": "Method",
            "startLine": 488,
            "endLine": 495,
            "content": "    async def scan(self, values: List[Any]) -> List[Any]:         result = await self.execute_structured(values)         return [             output             for outcome in result.outcomes             if outcome.status is OutcomeStatus.SUCCESS             for output in outcome.outputs         ]"
        },
        {
            "id": "Method:flowsint-core/src/flowsint_core/core/template_enricher.py:TemplateEnricher.execute#1",
            "name": "execute",
            "filePath": "flowsint-core/src/flowsint_core/core/template_enricher.py",
            "nodeType": "Method",
            "startLine": 497,
            "endLine": 498,
            "content": "    async def execute(self, values: List[Any]) -> List[Any]:         return await self.scan(values)"
        },
        {
            "id": "Method:flowsint-core/src/flowsint_core/core/template_enricher.py:TemplateEnricher.postprocess#2",
            "name": "postprocess",
            "filePath": "flowsint-core/src/flowsint_core/core/template_enricher.py",
            "nodeType": "Method",
            "startLine": 500,
            "endLine": 503,
            "content": "    def postprocess(         self, results: List[Any], input_data: Optional[List[Any]] = None     ) -> List[Any]:         return results"
        },
        {
            "id": "Method:flowsint-core/src/flowsint_execution/artifacts.py:NormalizedSource.reproduce#1",
            "name": "reproduce",
            "filePath": "flowsint-core/src/flowsint_execution/artifacts.py",
            "nodeType": "Method",
            "startLine": 105,
            "endLine": 109,
            "content": "    def reproduce(self, body: bytes) -> str:         recomputed = normalize_html(body)         if self != recomputed:             raise ValueError(\"normalized_source_mismatch\")         return recomputed.text"
        },
        {
            "id": "Method:flowsint-core/src/flowsint_execution/artifacts.py:FilesystemArtifactStore.write#2",
            "name": "write",
            "filePath": "flowsint-core/src/flowsint_execution/artifacts.py",
            "nodeType": "Method",
            "startLine": 202,
            "endLine": 249,
            "content": "    def write(self, body: bytes, metadata: dict[str, Any]) -> None:         digest, snapshot_id = hashlib.sha256(body).hexdigest(), metadata.get(\"snapshot_id\")         if len(body) > _MAX_ARTIFACT_BYTES or not isinstance(snapshot_id, str) or not re.fullmatch(r\"[a-f0-9]{32}\", snapshot_id):             raise ValueError(\"invalid artifact\")         record_bytes = _canonical(metadata)         if len(record_bytes) > _MAX_METADATA_BYTES: raise ValueError(\"oversized metadata\")         root_fd = self._root_fd()         try:             objects_fd = self._dir(root_fd, \"objects\")             try:                 try: os.mkdir(digest[:2], 0o700, dir_fd=objects_fd)                 except FileExistsError: pass                 prefix_fd = self._dir(objects_fd, digest[:2])                 try:                     name = f\"{digest}.body\"                     temporary = f\".{digest}.{secrets.token_hex(8)}.tmp\"                     object_fd = os.open(temporary, os.O_WRONLY | os.O_CREAT | os.O_EXCL | os.O_NOFOLLOW, 0o600, dir_fd=prefix_fd)                     try:                         try:                             self._write_all(object_fd, body); os.fsync(object_fd)                         finally: os.close(object_fd)                         try: os.link(temporary, name, src_dir_fd=prefix_fd, dst_dir_fd=prefix_fd, follow_symlinks=False)                         except FileExistsError:                             object_fd = os.open(name, os.O_RDONLY | os.O_NOFOLLOW, dir_fd=prefix_fd)                             try:                                 if self._read_bounded(object_fd, len(body)) != body: raise OSError(\"artifact collision\")                             finally: os.close(object_fd)                     finally:                         os.unlink(temporary, dir_fd=prefix_fd)                 finally: os.close(prefix_fd)             finally: os.close(objects_fd)             records_fd = self._dir(root_fd, \"records\")             try:                 temporary = f\".{snapshot_id}.{secrets.token_hex(8)}.tmp\"                 fd = os.open(temporary, os.O_WRONLY | os.O_CREAT | os.O_EXCL | os.O_NOFOLLOW, 0o600, dir_fd=records_fd)                 try:                     try: self._write_all(fd, record_bytes); os.fsync(fd)                     finally: os.close(fd)                     os.link(temporary, f\"{snapshot_id}.json\", src_dir_fd=records_fd, dst_dir_fd=records_fd, follow_symlinks=False)                 finally:                     os.unlink(temporary, dir_fd=records_fd)             finally: os.close(records_fd)             fd = os.open(\"lineage.jsonl\", os.O_WRONLY | os.O_CREAT | os.O_APPEND | os.O_NOFOLLOW, 0o600, dir_fd=root_fd)             try:                 fcntl.flock(fd, fcntl.LOCK_EX)                 self._write_all(fd, record_bytes + b\"\\n\")             finally: os.close(fd)         finally: os.close(root_fd)"
        },
        {
            "id": "Function:flowsint-core/src/flowsint_core/core/enricher_base.py:build_params_model",
            "name": "build_params_model",
            "filePath": "flowsint-core/src/flowsint_core/core/enricher_base.py",
            "nodeType": "Function",
            "startLine": 29,
            "endLine": 59,
            "content": "def build_params_model(params_schema: list) -> BaseModel:     \"\"\"     Build a strict Pydantic model from a params_schema.     Unknown fields will raise a validation error.     Note: Vault secrets are always optional in the Pydantic model to allow     for deferred configuration. Required validation happens after vault resolution.     \"\"\"     fields: Dict[str, Any] = {}     for param in params_schema:         name = param[\"name\"]         param_type = param.get(\"type\", \"string\")         field_type = bool if param_type == \"bool\" else str         required = param.get(\"required\", False)         # Vault secrets are always optional in Pydantic validation         # Required validation happens after vault resolution         if param_type == \"vaultSecret\":             default = param.get(\"default\", None)         else:             default = ... if required else param.get(\"default\")         fields[name] = (             Optional[field_type],             Field(default=default, description=param.get(\"description\", \"\")),         )     model = create_model(\"ParamsModel\", __config__=ConfigDict(extra=\"forbid\"), **fields)     return model"
        },
        {
            "id": "Function:flowsint-core/src/flowsint_core/utils.py:resolve_type",
            "name": "resolve_type",
            "filePath": "flowsint-core/src/flowsint_core/utils.py",
            "nodeType": "Function",
            "startLine": 131,
            "endLine": 159,
            "content": "def resolve_type(details: dict, schema_context: dict = None) -> str:     if \"anyOf\" in details:         types = []         for option in details[\"anyOf\"]:             if \"$ref\" in option:                 ref = option[\"$ref\"].split(\"/\")[-1]                 types.append(ref)             elif option.get(\"type\") == \"array\":                 # Handle array types within anyOf                 item_type = resolve_type(option.get(\"items\", {}), schema_context)                 types.append(f\"{item_type}[]\")             else:                 types.append(option.get(\"type\", \"unknown\"))         return \" | \".join(types)     if \"type\" in details:         if details[\"type\"] == \"array\":             item_type = resolve_type(details.get(\"items\", {}), schema_context)             return f\"{item_type}[]\"         return details[\"type\"]     # Handle $ref in array items or other contexts     if \"$ref\" in details and schema_context:         ref_path = details[\"$ref\"]         if ref_path.startswith(\"#/$defs/\"):             ref_name = ref_path.split(\"/\")[-1]             return ref_name     return \"any\""
        },
        {
            "id": "Function:flowsint-core/src/flowsint_execution/artifact_runtime.py:_policy_digest",
            "name": "_policy_digest",
            "filePath": "flowsint-core/src/flowsint_execution/artifact_runtime.py",
            "nodeType": "Function",
            "startLine": 94,
            "endLine": 97,
            "content": "def _policy_digest(policy: dict[str, Any]) -> str:     content = {key: value for key, value in policy.items() if key != \"content_digest\"}     canonical = json.dumps(content, ensure_ascii=True, sort_keys=True, separators=(\",\", \":\"))     return hashlib.sha256(canonical.encode(\"utf-8\")).hexdigest()"
        },
        {
            "id": "Function:flowsint-core/src/flowsint_execution/artifact_runtime.py:load_artifact_runtime",
            "name": "load_artifact_runtime",
            "filePath": "flowsint-core/src/flowsint_execution/artifact_runtime.py",
            "nodeType": "Function",
            "startLine": 100,
            "endLine": 151,
            "content": "def load_artifact_runtime(     *,     caller_id: str,     scope: str,     source_family: str,     config_path: str | os.PathLike[str] | None = None,     now: datetime | None = None, ) -> ArtifactRuntime | None:     \"\"\"Load the current matching reviewed policy, or fail closed with ``None``.\"\"\"     selected_path = Path(config_path) if config_path is not None else None     if selected_path is None:         configured = os.environ.get(RUNTIME_CONFIG_ENV)         if not configured:             return None         selected_path = Path(configured)     try:         raw_bytes = selected_path.read_bytes()         raw = json.loads(raw_bytes)         config = ArtifactRuntimeConfig.model_validate_json(raw_bytes, strict=True)     except (OSError, ValueError, json.JSONDecodeError):         return None     current = now or datetime.now(timezone.utc)     matches = []     for raw_policy, policy in zip(raw.get(\"policies\", ()), config.policies, strict=True):         if _policy_digest(raw_policy) != policy.content_digest:             continue         if (             policy.caller_id == caller_id             and policy.scope == scope             and policy.source_family == source_family             and policy.issued_at <= current < policy.expires_at         ):             matches.append(policy)     if len(matches) != 1:         return None     policy = matches[0]     authority = RetentionAuthority(         issuer_id=policy.issuer_id,         reviewer_id=policy.reviewer_id,         policy_id=policy.policy_id,         policy_digest=policy.content_digest,         caller_id=policy.caller_id,         scope=policy.scope,         source_family=policy.source_family,         expires_at=policy.expires_at,         retain_normalized_text=policy.retain_normalized_text,     )     try:         store = FilesystemArtifactStore(config.store_root)     except OSError:         return None     return ArtifactRuntime(store=store, authority=authority)"
        },
        {
            "id": "Function:flowsint-core/src/flowsint_execution/artifact_runtime.py:encode_source_proof",
            "name": "encode_source_proof",
            "filePath": "flowsint-core/src/flowsint_execution/artifact_runtime.py",
            "nodeType": "Function",
            "startLine": 154,
            "endLine": 159,
            "content": "def encode_source_proof(proof: PersistedSourceProof) -> str:     raw = proof.model_dump_json(warnings=\"error\").encode(\"utf-8\")     encoded = \"sp1.\" + base64.urlsafe_b64encode(raw).rstrip(b\"=\").decode(\"ascii\")     if len(encoded) > 8 * 1024 * 1024:         raise ValueError(\"source_proof_too_large\")     return encoded"
        },
        {
            "id": "Function:flowsint-core/src/flowsint_execution/artifacts.py:_canonical",
            "name": "_canonical",
            "filePath": "flowsint-core/src/flowsint_execution/artifacts.py",
            "nodeType": "Function",
            "startLine": 132,
            "endLine": 133,
            "content": "def _canonical(value: Any) -> bytes:     return json.dumps(value, sort_keys=True, separators=(\",\", \":\"), ensure_ascii=True).encode()"
        },
        {
            "id": "Function:flowsint-core/src/flowsint_execution/artifacts.py:_bound",
            "name": "_bound",
            "filePath": "flowsint-core/src/flowsint_execution/artifacts.py",
            "nodeType": "Function",
            "startLine": 138,
            "endLine": 148,
            "content": "def _bound(context: ArtifactContext, decision: RetentionDecision, now: datetime) -> str | None:     if not _aware(now) or not _aware(decision.issued_at) or not _aware(decision.expires_at):         return \"malformed_policy_time\"     if now < decision.issued_at:         return \"policy_not_yet_valid\"     if now >= decision.expires_at:         return \"policy_expired\"     if (context.operation_id != decision.operation_id or context.caller_id != decision.caller_id             or context.scope != decision.scope or context.source_family != decision.source_family):         return \"authorization_mismatch\"     return None"
        },
        {
            "id": "Function:flowsint-core/src/flowsint_execution/artifacts.py:capture_source",
            "name": "capture_source",
            "filePath": "flowsint-core/src/flowsint_execution/artifacts.py",
            "nodeType": "Function",
            "startLine": 273,
            "endLine": 326,
            "content": "def capture_source(store: FilesystemArtifactStore, context: ArtifactContext,                    decision: RetentionDecision | None, body: bytes | None, *, complete: bool = True,                    normalized: NormalizedSource | None = None, now: datetime | None = None,                    cancelled: Callable[[], bool] | None = None) -> CaptureResult:     current = now or datetime.now(timezone.utc)     if cancelled is not None and cancelled(): return CaptureResult(ArtifactState.HOLD, \"capture_cancelled\")     if body is None: return CaptureResult(ArtifactState.REVIEW, \"body_missing\")     if not complete: return CaptureResult(ArtifactState.REVIEW, \"truncated_body\")     if decision is None: return CaptureResult(ArtifactState.HOLD, \"retention_policy_unavailable\")     mismatch = _bound(context, decision, current)     if mismatch: return CaptureResult(ArtifactState.REVIEW, mismatch)     if normalized is not None and not decision.retain_normalized_text:         return CaptureResult(ArtifactState.HOLD, \"normalized_retention_prohibited\")     if normalized is not None:         try: normalized.reproduce(body)         except (ValueError, UnicodeDecodeError): return CaptureResult(ArtifactState.REVIEW, \"normalized_source_mismatch\")     if cancelled is not None and cancelled(): return CaptureResult(ArtifactState.HOLD, \"capture_cancelled\")     digest, snapshot_id = hashlib.sha256(body).hexdigest(), secrets.token_hex(16)     artifact = ArtifactReference(artifact_id=f\"artifact-{snapshot_id}\", snapshot_id=snapshot_id,         content_digest=digest, byte_length=len(body), locator=f\"sha256:{digest}\", source_family=context.source_family,         origin=context.origin, retrieved_at=context.retrieved_at, event_at=context.event_at,         requested_url=context.requested_url, final_url=context.final_url)     metadata = {\"snapshot_id\": snapshot_id, \"artifact_id\": artifact.artifact_id,         \"operation_id\": context.operation_id, \"occurrence_id\": context.occurrence_id,         \"caller_id\": context.caller_id, \"scope\": context.scope, \"source_family\": context.source_family,         \"origin\": context.origin, \"requested_url\": context.requested_url, \"final_url\": context.final_url,         \"retrieved_at\": context.retrieved_at.isoformat(), \"event_at\": context.event_at.isoformat() if context.event_at else None,         \"content_digest\": digest, \"byte_length\": len(body), \"policy_digest\": decision.policy_digest,         \"policy_id\": decision.policy_id, \"issuer_id\": decision.issuer_id, \"reviewer_id\": decision.reviewer_id,         \"issued_at\": decision.issued_at.isoformat(), \"expires_at\": decision.expires_at.isoformat(),         \"retain_body\": decision.retain_body, \"retain_normalized_text\": decision.retain_normalized_text,         \"normalized\": ({\"text\": normalized.text, \"spans\": [asdict(s) for s in normalized.spans],                         \"source_digest\": normalized.source_digest} if normalized else None)}     if normalized is not None:         wire_spans = [SourceProofSpanReference(             span_id=f\"span-{snapshot_id}-{index}\", artifact_id=artifact.artifact_id,             byte_start=span.raw_start, byte_end=span.raw_end,             normalized_start=span.normalized_start, normalized_end=span.normalized_end,             raw_offset_unit=\"byte\", normalized_offset_unit=\"unicode_code_point\",             source_encoding=\"utf-8\",         ).model_dump(mode=\"json\") for index, span in enumerate(normalized.spans)]         proof_payload = {\"format_version\": \"source-proof/1.0\", \"input_ref\": \"0\" * 64,             \"context\": context.model_dump(mode=\"json\"), \"decision\": decision.model_dump(mode=\"json\"),             \"artifact\": artifact.model_dump(mode=\"json\"), \"spans\": wire_spans}         proof_raw = _canonical(proof_payload)         encoded_size = 4 + ((len(proof_raw) * 4 + 2) // 3)         if encoded_size > _MAX_EVIDENCE_PROOF_BYTES:             return CaptureResult(ArtifactState.REVIEW, \"source_proof_too_large\")     if cancelled is not None and cancelled(): return CaptureResult(ArtifactState.HOLD, \"capture_cancelled\")     try: store.write(body, metadata)     except (FileNotFoundError, PermissionError): return CaptureResult(ArtifactState.HOLD, \"artifact_store_unavailable\")     except (OSError, ValueError, TypeError): return CaptureResult(ArtifactState.REVIEW, \"artifact_store_invalid\")     if cancelled is not None and cancelled(): return CaptureResult(ArtifactState.HOLD, \"capture_cancelled\")     return CaptureResult(ArtifactState.AVAILABLE, \"retained\", artifact)"
        },
        {
            "id": "Function:flowsint-core/src/flowsint_execution/models.py:_canonicalize_input",
            "name": "_canonicalize_input",
            "filePath": "flowsint-core/src/flowsint_execution/models.py",
            "nodeType": "Function",
            "startLine": 96,
            "endLine": 136,
            "content": "def _canonicalize_input(value: Any) -> Any:     \"\"\"Convert supported input values to a deterministic JSON-compatible shape.\"\"\"     if isinstance(value, BaseModel):         return _canonicalize_input(             value.model_dump(mode=\"json\", by_alias=True, exclude_none=False)         )     if isinstance(value, Mapping):         return {             str(key): _canonicalize_input(item)             for key, item in sorted(value.items(), key=lambda item: str(item[0]))         }     if isinstance(value, (list, tuple)):         return [_canonicalize_input(item) for item in value]     if isinstance(value, (set, frozenset)):         canonical_items = [_canonicalize_input(item) for item in value]         return sorted(             canonical_items,             key=lambda item: json.dumps(                 item, ensure_ascii=False, separators=(\",\", \":\"), sort_keys=True             ),         )     if isinstance(value, float):         if math.isnan(value):             return {\"float\": \"nan\"}         if math.isinf(value):             return {\"float\": \"infinity\" if value > 0 else \"-infinity\"}         return value     if isinstance(value, Enum):         return _canonicalize_input(value.value)     if isinstance(value, datetime):         if value.tzinfo is not None and value.utcoffset() is not None:             value = value.astimezone(timezone.utc)         return value.isoformat()     if isinstance(value, bytes):         return {\"bytes_base64\": base64.b64encode(value).decode(\"ascii\")}     if value is None or isinstance(value, (bool, int, str)):         return value     if hasattr(value, \"model_dump\"):         return _canonicalize_input(value.model_dump(mode=\"json\"))     return {\"type\": f\"{type(value).__module__}.{type(value).__qualname__}\"}"
        },
        {
            "id": "Function:flowsint-core/src/flowsint_execution/models.py:canonical_input_hash",
            "name": "canonical_input_hash",
            "filePath": "flowsint-core/src/flowsint_execution/models.py",
            "nodeType": "Function",
            "startLine": 139,
            "endLine": 149,
            "content": "def canonical_input_hash(value: Any) -> str:     \"\"\"Return the stable SHA-256 reference for an input without retaining it.\"\"\"     canonical = json.dumps(         _canonicalize_input(value),         ensure_ascii=False,         separators=(\",\", \":\"),         sort_keys=True,         allow_nan=False,     )     return hashlib.sha256(canonical.encode(\"utf-8\")).hexdigest()"
        },
        {
            "id": "Class:flowsint-core/src/flowsint_core/core/enricher_base.py:Enricher",
            "name": "Enricher",
            "filePath": "flowsint-core/src/flowsint_core/core/enricher_base.py",
            "nodeType": "Class",
            "startLine": 62,
            "endLine": 719,
            "content": "class Enricher(ABC):     \"\"\"     Abstract base class for all enrichers.     ## InputType and OutputType Pattern     Enrichers only need to define InputType and OutputType as class attributes.     The base class automatically handles schema generation:     ```python     from typing import List     from flowsint_types import Domain     from flowsint_types import Ip     class MyEnricher(Enricher):         # Define types as class attributes (base types, not lists)         InputType = Domain         OutputType = Ip         @classmethod         def name(cls):             return \"my_enricher\"         @classmethod         def category(cls):             return \"Domain\"         @classmethod         def key(cls):             return \"domain\"         # preprocess receives a list and returns a list of validated InputType instances         def preprocess(self, data: List) -> List[InputType]:             # Generic implementation handles validation automatically             return super().preprocess(data)         # scan receives a list of InputType and returns a list of OutputType         async def scan(self, data: List[InputType]) -> List[OutputType]:             results: List[OutputType] = []             # ... implementation             return results     # Make types available at module level for easy access     InputType = MyEnricher.InputType     OutputType = MyEnricher.OutputType     ```     The base class automatically provides:     - Generic preprocess() that validates inputs using InputType     - input_schema() method using InputType     - output_schema() method using OutputType     - Error handling for missing type definitions     - Consistent schema generation across all enrichers     Subclasses can override input_schema() or output_schema() if needed for special cases.     \"\"\"     # Abstract type aliases that must be defined in subclasses for runtime use     InputType = NotImplemented     OutputType = NotImplemented     def __init__(         self,         sketch_id: Optional[str] = None,         scan_id: Optional[str] = None,         params_schema: Optional[List[Dict[str, Any]]] = None,         vault: Optional[VaultProtocol] = None,         params: Optional[Dict[str, Any]] = None,         graph_service: Optional[GraphService] = None,     ):         self.scan_id = scan_id or \"default\"         self.sketch_id = sketch_id or \"system\"         self.vault = vault         self.params_schema = params_schema or []         self.ParamsModel = build_params_model(self.params_schema)         self.params: Dict[str, Any] = params or {}         # Initialize graph service (uses singleton connection by default)         if graph_service:             self._graph_service = graph_service         else:             self._graph_service = create_graph_service(                 sketch_id=self.sketch_id,                 enable_batching=True,             )         # Params is filled synchronously by the constructor. This params is generally constructed of         # vaultSecret references, not the key directly. The idea is that the real key values are resolved after calling         # async_init(), right before the execution.     async def async_init(self):         self.ParamsModel = build_params_model(self.params_schema)         # Always resolve parameters, even if self.params is empty         # This allows vault secrets to be fetched by name from params_schema         resolved_params = self.resolve_params()         # Strict validation after resolution         try:             validated = self.ParamsModel(**resolved_params)             self.params = validated.model_dump()         except ValidationError as e:             raise InvalidEnricherParams(                 f\"Enricher '{self.name()}' received invalid parameters: {e}\"             )     def resolve_params(self) -> Dict[str, Any]:         resolved = {}         for param in self.params_schema:             param_name = param[\"name\"]             param_type = param.get(\"type\", \"string\")             if param_type == \"vaultSecret\":                 # For vault secrets, try to get from vault by name or ID                 secret = None                 if self.vault is not None:                     # First, check if user provided a specific vault ID in params                     if param_name in self.params and self.params[param_name]:                         secret = self.vault.get_secret(self.params[param_name])                     # Otherwise, try to get the secret by the param name itself                     if secret is None:                         secret = self.vault.get_secret(param_name)                     if secret is not None:                         resolved[param_name] = secret                     elif param.get(\"required\", False):                         raise Exception(                             f\"Required vault secret '{param_name}' is missing. Please go to the Vault settings and create a '{param_name}' key.\"                         )                 # If no ... [truncated]"
        }
    ],
    "edges": [
        {
            "from": "Class:flowsint-core/src/flowsint_core/core/template_enricher.py:TemplateEnricher",
            "to": "Method:flowsint-core/src/flowsint_core/core/enricher_base.py:Enricher.async_init#0",
            "type": "METHOD_OVERRIDES",
            "confidence": 0.9
        },
        {
            "from": "Class:flowsint-core/src/flowsint_core/core/template_enricher.py:TemplateEnricher",
            "to": "Method:flowsint-core/src/flowsint_core/core/enricher_base.py:Enricher.name#0",
            "type": "METHOD_OVERRIDES",
            "confidence": 0.9
        },
        {
            "from": "Class:flowsint-core/src/flowsint_core/core/template_enricher.py:TemplateEnricher",
            "to": "Method:flowsint-core/src/flowsint_core/core/enricher_base.py:Enricher.category#0",
            "type": "METHOD_OVERRIDES",
            "confidence": 0.9
        },
        {
            "from": "Class:flowsint-core/src/flowsint_core/core/template_enricher.py:TemplateEnricher",
            "to": "Method:flowsint-core/src/flowsint_core/core/enricher_base.py:Enricher.key#0",
            "type": "METHOD_OVERRIDES",
            "confidence": 0.9
        },
        {
            "from": "Class:flowsint-core/src/flowsint_core/core/template_enricher.py:TemplateEnricher",
            "to": "Method:flowsint-core/src/flowsint_core/core/enricher_base.py:Enricher.documentation#0",
            "type": "METHOD_OVERRIDES",
            "confidence": 0.9
        },
        {
            "from": "Class:flowsint-core/src/flowsint_core/core/template_enricher.py:TemplateEnricher",
            "to": "Method:flowsint-core/src/flowsint_core/core/enricher_base.py:Enricher.scan#1",
            "type": "METHOD_OVERRIDES",
            "confidence": 0.9
        },
        {
            "from": "Class:flowsint-core/src/flowsint_core/core/template_enricher.py:TemplateEnricher",
            "to": "Method:flowsint-core/src/flowsint_core/core/enricher_base.py:Enricher._structured_execution_context#0",
            "type": "METHOD_OVERRIDES",
            "confidence": 0.9
        },
        {
            "from": "Class:flowsint-core/src/flowsint_core/core/template_enricher.py:TemplateEnricher",
            "to": "Method:flowsint-core/src/flowsint_core/core/enricher_base.py:Enricher._build_structured_evidence#2",
            "type": "METHOD_OVERRIDES",
            "confidence": 0.9
        },
        {
            "from": "Class:flowsint-core/src/flowsint_core/core/template_enricher.py:TemplateEnricher",
            "to": "Method:flowsint-core/src/flowsint_core/core/enricher_base.py:Enricher._classify_structured_exception#1",
            "type": "METHOD_OVERRIDES",
            "confidence": 0.9
        },
        {
            "from": "Class:flowsint-core/src/flowsint_core/core/template_enricher.py:TemplateEnricher",
            "to": "Method:flowsint-core/src/flowsint_core/core/enricher_base.py:Enricher._classify_structured_success#2",
            "type": "METHOD_OVERRIDES",
            "confidence": 0.9
        },
        {
            "from": "Class:flowsint-core/src/flowsint_core/core/template_enricher.py:TemplateEnricher",
            "to": "Method:flowsint-core/src/flowsint_core/core/enricher_base.py:Enricher.execute_structured#1",
            "type": "METHOD_OVERRIDES",
            "confidence": 0.9
        },
        {
            "from": "Class:flowsint-core/src/flowsint_core/core/template_enricher.py:TemplateEnricher",
            "to": "Method:flowsint-core/src/flowsint_core/core/enricher_base.py:Enricher.execute#1",
            "type": "METHOD_OVERRIDES",
            "confidence": 0.9
        },
        {
            "from": "Class:flowsint-core/src/flowsint_core/core/template_enricher.py:TemplateEnricher",
            "to": "Method:flowsint-core/src/flowsint_core/core/template_enricher.py:TemplateEnricher.__init__#8",
            "type": "HAS_METHOD",
            "confidence": 1
        },
        {
            "from": "Class:flowsint-core/src/flowsint_core/core/template_enricher.py:TemplateEnricher",
            "to": "Method:flowsint-core/src/flowsint_core/core/template_enricher.py:TemplateEnricher._detect_type#1",
            "type": "HAS_METHOD",
            "confidence": 1
        },
        {
            "from": "Class:flowsint-core/src/flowsint_core/core/template_enricher.py:TemplateEnricher",
            "to": "Method:flowsint-core/src/flowsint_core/core/template_enricher.py:TemplateEnricher.name#0",
            "type": "HAS_METHOD",
            "confidence": 1
        },
        {
            "from": "Class:flowsint-core/src/flowsint_core/core/template_enricher.py:TemplateEnricher",
            "to": "Method:flowsint-core/src/flowsint_core/core/template_enricher.py:TemplateEnricher.category#0",
            "type": "HAS_METHOD",
            "confidence": 1
        },
        {
            "from": "Class:flowsint-core/src/flowsint_core/core/template_enricher.py:TemplateEnricher",
            "to": "Method:flowsint-core/src/flowsint_core/core/template_enricher.py:TemplateEnricher.key#0",
            "type": "HAS_METHOD",
            "confidence": 1
        },
        {
            "from": "Class:flowsint-core/src/flowsint_core/core/template_enricher.py:TemplateEnricher",
            "to": "Method:flowsint-core/src/flowsint_core/core/template_enricher.py:TemplateEnricher.documentation#0",
            "type": "HAS_METHOD",
            "confidence": 1
        },
        {
            "from": "Class:flowsint-core/src/flowsint_core/core/template_enricher.py:TemplateEnricher",
            "to": "Method:flowsint-core/src/flowsint_core/core/template_enricher.py:TemplateEnricher.async_init#0",
            "type": "HAS_METHOD",
            "confidence": 1
        },
        {
            "from": "Class:flowsint-core/src/flowsint_core/core/template_enricher.py:TemplateEnricher",
            "to": "Method:flowsint-core/src/flowsint_core/core/template_enricher.py:TemplateEnricher._reject_unknown_input_fields#1",
            "type": "HAS_METHOD",
            "confidence": 1
        },
        {
            "from": "Class:flowsint-core/src/flowsint_core/core/template_enricher.py:TemplateEnricher",
            "to": "Method:flowsint-core/src/flowsint_core/core/template_enricher.py:TemplateEnricher._validated_request_values#1",
            "type": "HAS_METHOD",
            "confidence": 1
        },
        {
            "from": "Class:flowsint-core/src/flowsint_core/core/template_enricher.py:TemplateEnricher",
            "to": "Method:flowsint-core/src/flowsint_core/core/template_enricher.py:TemplateEnricher._request_parts#1",
            "type": "HAS_METHOD",
            "confidence": 1
        },
        {
            "from": "Class:flowsint-core/src/flowsint_core/core/template_enricher.py:TemplateEnricher",
            "to": "Method:flowsint-core/src/flowsint_core/core/template_enricher.py:TemplateEnricher._resolved_headers#1",
            "type": "HAS_METHOD",
            "confidence": 1
        },
        {
            "from": "Class:flowsint-core/src/flowsint_core/core/template_enricher.py:TemplateEnricher",
            "to": "Method:flowsint-core/src/flowsint_core/core/template_enricher.py:TemplateEnricher._read_response#1",
            "type": "HAS_METHOD",
            "confidence": 1
        },
        {
            "from": "Class:flowsint-core/src/flowsint_core/core/template_enricher.py:TemplateEnricher",
            "to": "Method:flowsint-core/src/flowsint_core/core/template_enricher.py:TemplateEnricher._extract_path#2",
            "type": "HAS_METHOD",
            "confidence": 1
        },
        {
            "from": "Class:flowsint-core/src/flowsint_core/core/template_enricher.py:TemplateEnricher",
            "to": "Method:flowsint-core/src/flowsint_core/core/template_enricher.py:TemplateEnricher._map_response#1",
            "type": "HAS_METHOD",
            "confidence": 1
        },
        {
            "from": "Class:flowsint-core/src/flowsint_core/core/template_enricher.py:TemplateEnricher",
            "to": "Method:flowsint-core/src/flowsint_core/core/template_enricher.py:TemplateEnricher._process_single_input#3",
            "type": "HAS_METHOD",
            "confidence": 1
        },
        {
            "from": "Class:flowsint-core/src/flowsint_core/core/template_enricher.py:TemplateEnricher",
            "to": "Method:flowsint-core/src/flowsint_core/core/template_enricher.py:TemplateEnricher._structured_execution_context#0",
            "type": "HAS_METHOD",
            "confidence": 1
        },
        {
            "from": "Class:flowsint-core/src/flowsint_core/core/template_enricher.py:TemplateEnricher",
            "to": "Method:flowsint-core/src/flowsint_core/core/template_enricher.py:TemplateEnricher._build_structured_evidence#2",
            "type": "HAS_METHOD",
            "confidence": 1
        },
        {
            "from": "Class:flowsint-core/src/flowsint_core/core/template_enricher.py:TemplateEnricher",
            "to": "Method:flowsint-core/src/flowsint_core/core/template_enricher.py:TemplateEnricher._classify_structured_exception#1",
            "type": "HAS_METHOD",
            "confidence": 1
        },
        {
            "from": "Class:flowsint-core/src/flowsint_core/core/template_enricher.py:TemplateEnricher",
            "to": "Method:flowsint-core/src/flowsint_core/core/template_enricher.py:TemplateEnricher._classify_structured_success#2",
            "type": "HAS_METHOD",
            "confidence": 1
        },
        {
            "from": "Class:flowsint-core/src/flowsint_core/core/template_enricher.py:TemplateEnricher",
            "to": "Method:flowsint-core/src/flowsint_core/core/template_enricher.py:TemplateEnricher.execute_structured#1",
            "type": "HAS_METHOD",
            "confidence": 1
        },
        {
            "from": "Class:flowsint-core/src/flowsint_core/core/template_enricher.py:TemplateEnricher",
            "to": "Method:flowsint-core/src/flowsint_core/core/template_enricher.py:TemplateEnricher.scan#1",
            "type": "HAS_METHOD",
            "confidence": 1
        },
        {
            "from": "Class:flowsint-core/src/flowsint_core/core/template_enricher.py:TemplateEnricher",
            "to": "Method:flowsint-core/src/flowsint_core/core/template_enricher.py:TemplateEnricher.execute#1",
            "type": "HAS_METHOD",
            "confidence": 1
        },
        {
            "from": "Class:flowsint-core/src/flowsint_core/core/template_enricher.py:TemplateEnricher",
            "to": "Method:flowsint-core/src/flowsint_core/core/template_enricher.py:TemplateEnricher.postprocess#2",
            "type": "HAS_METHOD",
            "confidence": 1
        },
        {
            "from": "Class:flowsint-core/src/flowsint_core/core/template_enricher.py:TemplateEnricher",
            "to": "Class:flowsint-core/src/flowsint_core/core/enricher_base.py:Enricher",
            "type": "EXTENDS",
            "confidence": 0.85
        },
        {
            "from": "Method:flowsint-core/src/flowsint_core/core/template_enricher.py:TemplateEnricher.__init__#8",
            "to": "Method:flowsint-core/src/flowsint_core/core/connector_egress.py:EgressAuthorizer.require#1",
            "type": "CALLS",
            "confidence": 0.85
        },
        {
            "from": "Method:flowsint-core/src/flowsint_core/core/template_enricher.py:TemplateEnricher.__init__#8",
            "to": "Method:flowsint-core/src/flowsint_core/core/connector_egress.py:DestinationRegistry.resolve#3",
            "type": "CALLS",
            "confidence": 0.85
        },
        {
            "from": "Class:flowsint-core/src/flowsint_core/core/enricher_base.py:Enricher",
            "to": "Method:flowsint-core/src/flowsint_core/core/enricher_base.py:Enricher.__init__#6",
            "type": "HAS_METHOD",
            "confidence": 1
        },
        {
            "from": "Method:flowsint-core/src/flowsint_core/core/template_enricher.py:TemplateEnricher.__init__#8",
            "to": "Method:flowsint-core/src/flowsint_core/core/enricher_base.py:Enricher.__init__#6",
            "type": "CALLS",
            "confidence": 0.85
        },
        {
            "from": "Class:flowsint-core/src/flowsint_core/core/enricher_base.py:Enricher",
            "to": "Method:flowsint-core/src/flowsint_core/core/enricher_base.py:Enricher.async_init#0",
            "type": "HAS_METHOD",
            "confidence": 1
        },
        {
            "from": "Method:flowsint-core/src/flowsint_core/core/enricher_base.py:Enricher.execute#1",
            "to": "Method:flowsint-core/src/flowsint_core/core/enricher_base.py:Enricher.async_init#0",
            "type": "CALLS",
            "confidence": 0.85
        },
        {
            "from": "Method:flowsint-core/src/flowsint_core/core/enricher_base.py:Enricher.execute_structured#1",
            "to": "Method:flowsint-core/src/flowsint_core/core/enricher_base.py:Enricher.async_init#0",
            "type": "CALLS",
            "confidence": 0.85
        },
        {
            "from": "Class:flowsint-core/src/flowsint_core/core/enricher_base.py:Enricher",
            "to": "Method:flowsint-core/src/flowsint_core/core/enricher_base.py:Enricher.resolve_params#0",
            "type": "HAS_METHOD",
            "confidence": 1
        },
        {
            "from": "Method:flowsint-core/src/flowsint_core/core/enricher_base.py:Enricher.async_init#0",
            "to": "Method:flowsint-core/src/flowsint_core/core/enricher_base.py:Enricher.resolve_params#0",
            "type": "CALLS",
            "confidence": 0.85
        },
        {
            "from": "Class:flowsint-core/src/flowsint_core/core/enricher_base.py:Enricher",
            "to": "Method:flowsint-core/src/flowsint_core/core/enricher_base.py:Enricher.required_params#0",
            "type": "HAS_METHOD",
            "confidence": 1
        },
        {
            "from": "Class:flowsint-core/src/flowsint_core/core/enricher_base.py:Enricher",
            "to": "Method:flowsint-core/src/flowsint_core/core/enricher_base.py:Enricher.name#0",
            "type": "HAS_METHOD",
            "confidence": 1
        },
        {
            "from": "Method:flowsint-core/src/flowsint_core/core/enricher_base.py:Enricher.execute#1",
            "to": "Method:flowsint-core/src/flowsint_core/core/enricher_base.py:Enricher.name#0",
            "type": "CALLS",
            "confidence": 0.85
        },
        {
            "from": "Method:flowsint-core/src/flowsint_core/core/enricher_base.py:Enricher.execute_structured#1",
            "to": "Method:flowsint-core/src/flowsint_core/core/enricher_base.py:Enricher.name#0",
            "type": "CALLS",
            "confidence": 0.85
        },
        {
            "from": "Method:flowsint-core/src/flowsint_core/core/enricher_base.py:Enricher.async_init#0",
            "to": "Method:flowsint-core/src/flowsint_core/core/enricher_base.py:Enricher.name#0",
            "type": "CALLS",
            "confidence": 0.85
        },
        {
            "from": "Class:flowsint-core/src/flowsint_core/core/enricher_base.py:Enricher",
            "to": "Method:flowsint-core/src/flowsint_core/core/enricher_base.py:Enricher.icon#0",
            "type": "HAS_METHOD",
            "confidence": 1
        },
        {
            "from": "Class:flowsint-core/src/flowsint_core/core/enricher_base.py:Enricher",
            "to": "Method:flowsint-core/src/flowsint_core/core/enricher_base.py:Enricher.category#0",
            "type": "HAS_METHOD",
            "confidence": 1
        },
        {
            "from": "Class:flowsint-core/src/flowsint_core/core/enricher_base.py:Enricher",
            "to": "Method:flowsint-core/src/flowsint_core/core/enricher_base.py:Enricher.key#0",
            "type": "HAS_METHOD",
            "confidence": 1
        },
        {
            "from": "Class:flowsint-core/src/flowsint_core/core/enricher_base.py:Enricher",
            "to": "Method:flowsint-core/src/flowsint_core/core/enricher_base.py:Enricher.documentation#0",
            "type": "HAS_METHOD",
            "confidence": 1
        },
        {
            "from": "Class:flowsint-core/src/flowsint_core/core/enricher_base.py:Enricher",
            "to": "Method:flowsint-core/src/flowsint_core/core/enricher_base.py:Enricher.input_schema#0",
            "type": "HAS_METHOD",
            "confidence": 1
        },
        {
            "from": "Class:flowsint-core/src/flowsint_core/core/enricher_base.py:Enricher",
            "to": "Method:flowsint-core/src/flowsint_core/core/enricher_base.py:Enricher.get_params_schema#0",
            "type": "HAS_METHOD",
            "confidence": 1
        },
        {
            "from": "Class:flowsint-core/src/flowsint_core/core/enricher_base.py:Enricher",
            "to": "Method:flowsint-core/src/flowsint_core/core/enricher_base.py:Enricher.output_schema#0",
            "type": "HAS_METHOD",
            "confidence": 1
        },
        {
            "from": "Class:flowsint-core/src/flowsint_core/core/enricher_base.py:Enricher",
            "to": "Method:flowsint-core/src/flowsint_core/core/enricher_base.py:Enricher.generate_input_schema#0",
            "type": "HAS_METHOD",
            "confidence": 1
        },
        {
            "from": "Class:flowsint-core/src/flowsint_core/core/enricher_base.py:Enricher",
            "to": "Method:flowsint-core/src/flowsint_core/core/enricher_base.py:Enricher.generate_output_schema#0",
            "type": "HAS_METHOD",
            "confidence": 1
        },
        {
            "from": "Class:flowsint-core/src/flowsint_core/core/enricher_base.py:Enricher",
            "to": "Method:flowsint-core/src/flowsint_core/core/enricher_base.py:Enricher.scan#1",
            "type": "HAS_METHOD",
            "confidence": 1
        },
        {
            "from": "Method:flowsint-core/src/flowsint_core/core/enricher_base.py:Enricher.execute#1",
            "to": "Method:flowsint-core/src/flowsint_core/core/enricher_base.py:Enricher.scan#1",
            "type": "CALLS",
            "confidence": 0.85
        },
        {
            "from": "Class:flowsint-core/src/flowsint_core/core/enricher_base.py:Enricher",
            "to": "Method:flowsint-core/src/flowsint_core/core/enricher_base.py:Enricher.set_params#1",
            "type": "HAS_METHOD",
            "confidence": 1
        },
        {
            "from": "Class:flowsint-core/src/flowsint_core/core/enricher_base.py:Enricher",
            "to": "Method:flowsint-core/src/flowsint_core/core/enricher_base.py:Enricher.get_params#0",
            "type": "HAS_METHOD",
            "confidence": 1
        },
        {
            "from": "Class:flowsint-core/src/flowsint_core/core/enricher_base.py:Enricher",
            "to": "Method:flowsint-core/src/flowsint_core/core/enricher_base.py:Enricher.get_secret#2",
            "type": "HAS_METHOD",
            "confidence": 1
        },
        {
            "from": "Class:flowsint-core/src/flowsint_core/core/enricher_base.py:Enricher",
            "to": "Method:flowsint-core/src/flowsint_core/core/enricher_base.py:Enricher._input_validation_context#0",
            "type": "HAS_METHOD",
            "confidence": 1
        },
        {
            "from": "Method:flowsint-core/src/flowsint_core/core/enricher_base.py:Enricher.execute_structured#1",
            "to": "Method:flowsint-core/src/flowsint_core/core/enricher_base.py:Enricher._input_validation_context#0",
            "type": "CALLS",
            "confidence": 0.85
        },
        {
            "from": "Class:flowsint-core/src/flowsint_core/core/enricher_base.py:Enricher",
            "to": "Method:flowsint-core/src/flowsint_core/core/enricher_base.py:Enricher._validate_single_input#3",
            "type": "HAS_METHOD",
            "confidence": 1
        },
        {
            "from": "Method:flowsint-core/src/flowsint_core/core/template_enricher.py:TemplateEnricher.execute_structured#1",
            "to": "Method:flowsint-core/src/flowsint_core/core/enricher_base.py:Enricher._validate_single_input#3",
            "type": "CALLS",
            "confidence": 0.85
        },
        {
            "from": "Class:flowsint-core/src/flowsint_core/core/enricher_base.py:Enricher",
            "to": "Method:flowsint-core/src/flowsint_core/core/enricher_base.py:Enricher.preprocess#1",
            "type": "HAS_METHOD",
            "confidence": 1
        },
        {
            "from": "Method:flowsint-core/src/flowsint_core/core/enricher_base.py:Enricher.execute#1",
            "to": "Method:flowsint-core/src/flowsint_core/core/enricher_base.py:Enricher.preprocess#1",
            "type": "CALLS",
            "confidence": 0.85
        },
        {
            "from": "Class:flowsint-core/src/flowsint_core/core/enricher_base.py:Enricher",
            "to": "Method:flowsint-core/src/flowsint_core/core/enricher_base.py:Enricher._structured_execution_context#0",
            "type": "HAS_METHOD",
            "confidence": 1
        },
        {
            "from": "Method:flowsint-core/src/flowsint_core/core/enricher_base.py:Enricher.execute_structured#1",
            "to": "Method:flowsint-core/src/flowsint_core/core/enricher_base.py:Enricher._structured_execution_context#0",
            "type": "CALLS",
            "confidence": 0.85
        },
        {
            "from": "Class:flowsint-core/src/flowsint_core/core/enricher_base.py:Enricher",
            "to": "Method:flowsint-core/src/flowsint_core/core/enricher_base.py:Enricher._process_single_input_structured#2",
            "type": "HAS_METHOD",
            "confidence": 1
        },
        {
            "from": "Class:flowsint-core/src/flowsint_core/core/enricher_base.py:Enricher",
            "to": "Method:flowsint-core/src/flowsint_core/core/enricher_base.py:Enricher._build_structured_evidence#2",
            "type": "HAS_METHOD",
            "confidence": 1
        },
        {
            "from": "Class:flowsint-core/src/flowsint_core/core/enricher_base.py:Enricher",
            "to": "Method:flowsint-core/src/flowsint_core/core/enricher_base.py:Enricher._classify_structured_exception#1",
            "type": "HAS_METHOD",
            "confidence": 1
        },
        {
            "from": "Method:flowsint-core/src/flowsint_core/core/enricher_base.py:Enricher.execute_structured#1",
            "to": "Method:flowsint-core/src/flowsint_core/core/enricher_base.py:Enricher._classify_structured_exception#1",
            "type": "CALLS",
            "confidence": 0.85
        },
        {
            "from": "Class:flowsint-core/src/flowsint_core/core/enricher_base.py:Enricher",
            "to": "Method:flowsint-core/src/flowsint_core/core/enricher_base.py:Enricher._classify_structured_success#2",
            "type": "HAS_METHOD",
            "confidence": 1
        },
        {
            "from": "Class:flowsint-core/src/flowsint_core/core/enricher_base.py:Enricher",
            "to": "Method:flowsint-core/src/flowsint_core/core/enricher_base.py:Enricher._execute_structured_input#4",
            "type": "HAS_METHOD",
            "confidence": 1
        },
        {
            "from": "Method:flowsint-core/src/flowsint_core/core/enricher_base.py:Enricher.execute_structured#1",
            "to": "Method:flowsint-core/src/flowsint_core/core/enricher_base.py:Enricher._execute_structured_input#4",
            "type": "CALLS",
            "confidence": 0.85
        },
        {
            "from": "Class:flowsint-core/src/flowsint_core/core/enricher_base.py:Enricher",
            "to": "Method:flowsint-core/src/flowsint_core/core/enricher_base.py:Enricher.execute_structured#1",
            "type": "HAS_METHOD",
            "confidence": 1
        },
        {
            "from": "Class:flowsint-core/src/flowsint_core/core/enricher_base.py:Enricher",
            "to": "Method:flowsint-core/src/flowsint_core/core/enricher_base.py:Enricher.postprocess#2",
            "type": "HAS_METHOD",
            "confidence": 1
        },
        {
            "from": "Method:flowsint-core/src/flowsint_core/core/enricher_base.py:Enricher.execute#1",
            "to": "Method:flowsint-core/src/flowsint_core/core/enricher_base.py:Enricher.postprocess#2",
            "type": "CALLS",
            "confidence": 0.85
        },
        {
            "from": "Class:flowsint-core/src/flowsint_core/core/enricher_base.py:Enricher",
            "to": "Method:flowsint-core/src/flowsint_core/core/enricher_base.py:Enricher.execute#1",
            "type": "HAS_METHOD",
            "confidence": 1
        },
        {
            "from": "Class:flowsint-core/src/flowsint_core/core/enricher_base.py:Enricher",
            "to": "Method:flowsint-core/src/flowsint_core/core/enricher_base.py:Enricher.create_node#1",
            "type": "HAS_METHOD",
            "confidence": 1
        },
        {
            "from": "Class:flowsint-core/src/flowsint_core/core/enricher_base.py:Enricher",
            "to": "Method:flowsint-core/src/flowsint_core/core/enricher_base.py:Enricher.create_relationship#3",
            "type": "HAS_METHOD",
            "confidence": 1
        },
        {
            "from": "Class:flowsint-core/src/flowsint_core/core/enricher_base.py:Enricher",
            "to": "Method:flowsint-core/src/flowsint_core/core/enricher_base.py:Enricher.log_graph_message#1",
            "type": "HAS_METHOD",
            "confidence": 1
        },
        {
            "from": "Class:flowsint-core/src/flowsint_core/core/enricher_base.py:Enricher",
            "to": "Method:flowsint-core/src/flowsint_core/core/enricher_base.py:Enricher.graph_service#0",
            "type": "HAS_METHOD",
            "confidence": 1
        },
        {
            "from": "Method:flowsint-core/src/flowsint_core/core/template_enricher.py:TemplateEnricher.execute_structured#1",
            "to": "Method:flowsint-core/src/flowsint_core/core/logger.py:LoggerSingleton.info#2",
            "type": "CALLS",
            "confidence": 0.85
        },
        {
            "from": "Method:flowsint-core/src/flowsint_core/core/enricher_base.py:Enricher.execute#1",
            "to": "Method:flowsint-core/src/flowsint_core/core/logger.py:LoggerSingleton.info#2",
            "type": "CALLS",
            "confidence": 0.85
        },
        {
            "from": "Method:flowsint-core/src/flowsint_core/core/enricher_base.py:Enricher.execute_structured#1",
            "to": "Method:flowsint-core/src/flowsint_core/core/logger.py:LoggerSingleton.info#2",
            "type": "CALLS",
            "confidence": 0.85
        },
        {
            "from": "Method:flowsint-core/src/flowsint_core/core/enricher_base.py:Enricher.execute#1",
            "to": "Method:flowsint-core/src/flowsint_core/core/logger.py:LoggerSingleton.error#2",
            "type": "CALLS",
            "confidence": 0.85
        },
        {
            "from": "Method:flowsint-core/src/flowsint_core/core/enricher_base.py:Enricher.execute_structured#1",
            "to": "Method:flowsint-core/src/flowsint_core/core/logger.py:LoggerSingleton.error#2",
            "type": "CALLS",
            "confidence": 0.85
        },
        {
            "from": "Method:flowsint-core/src/flowsint_core/core/enricher_base.py:Enricher.execute#1",
            "to": "Method:flowsint-core/src/flowsint_core/core/logger.py:LoggerSingleton.completed#2",
            "type": "CALLS",
            "confidence": 0.85
        },
        {
            "from": "Method:flowsint-core/src/flowsint_core/core/enricher_base.py:Enricher.execute_structured#1",
            "to": "Method:flowsint-core/src/flowsint_core/core/logger.py:LoggerSingleton.completed#2",
            "type": "CALLS",
            "confidence": 0.85
        },
        {
            "from": "Method:flowsint-core/src/flowsint_core/core/template_enricher.py:TemplateEnricher.__init__#8",
            "to": "Method:flowsint-core/src/flowsint_core/core/template_enricher.py:TemplateEnricher._detect_type#1",
            "type": "CALLS",
            "confidence": 0.85
        },
        {
            "from": "Method:flowsint-core/src/flowsint_core/core/template_enricher.py:TemplateEnricher.execute_structured#1",
            "to": "Method:flowsint-core/src/flowsint_core/core/template_enricher.py:TemplateEnricher.name#0",
            "type": "CALLS",
            "confidence": 0.85
        },
        {
            "from": "Method:flowsint-core/src/flowsint_core/core/template_enricher.py:TemplateEnricher.execute_structured#1",
            "to": "Method:flowsint-core/src/flowsint_core/core/template_enricher.py:TemplateEnricher._reject_unknown_input_fields#1",
            "type": "CALLS",
            "confidence": 0.85
        },
        {
            "from": "Method:flowsint-core/src/flowsint_core/core/template_enricher.py:TemplateEnricher._request_parts#1",
            "to": "Method:flowsint-core/src/flowsint_core/core/template_enricher.py:TemplateEnricher._validated_request_values#1",
            "type": "CALLS",
            "confidence": 0.85
        },
        {
            "from": "Method:flowsint-core/src/flowsint_core/core/template_enricher.py:TemplateEnricher._process_single_input#3",
            "to": "Method:flowsint-core/src/flowsint_core/core/template_enricher.py:TemplateEnricher._request_parts#1",
            "type": "CALLS",
            "confidence": 0.85
        },
        {
            "from": "Method:flowsint-core/src/flowsint_core/core/template_enricher.py:TemplateEnricher._process_single_input#3",
            "to": "Method:flowsint-core/src/flowsint_core/core/template_enricher.py:TemplateEnricher._resolved_headers#1",
            "type": "CALLS",
            "confidence": 0.85
        },
        {
            "from": "Method:flowsint-core/src/flowsint_core/core/template_enricher.py:TemplateEnricher._process_single_input#3",
            "to": "Method:flowsint-core/src/flowsint_core/core/template_enricher.py:TemplateEnricher._read_response#1",
            "type": "CALLS",
            "confidence": 0.85
        },
        {
            "from": "Method:flowsint-core/src/flowsint_core/core/template_enricher.py:TemplateEnricher._map_response#1",
            "to": "Method:flowsint-core/src/flowsint_core/core/template_enricher.py:TemplateEnricher._extract_path#2",
            "type": "CALLS",
            "confidence": 0.85
        },
        {
            "from": "Method:flowsint-core/src/flowsint_core/core/template_enricher.py:TemplateEnricher._process_single_input#3",
            "to": "Method:flowsint-core/src/flowsint_core/core/template_enricher.py:TemplateEnricher._map_response#1",
            "type": "CALLS",
            "confidence": 0.85
        },
        {
            "from": "Method:flowsint-core/src/flowsint_core/core/template_enricher.py:TemplateEnricher.execute_structured#1",
            "to": "Method:flowsint-core/src/flowsint_core/core/template_enricher.py:TemplateEnricher._process_single_input#3",
            "type": "CALLS",
            "confidence": 0.85
        },
        {
            "from": "Method:flowsint-core/src/flowsint_core/core/template_enricher.py:TemplateEnricher.execute_structured#1",
            "to": "Method:flowsint-core/src/flowsint_core/core/template_enricher.py:TemplateEnricher._structured_execution_context#0",
            "type": "CALLS",
            "confidence": 0.85
        },
        {
            "from": "Method:flowsint-core/src/flowsint_core/core/template_enricher.py:TemplateEnricher.execute_structured#1",
            "to": "Method:flowsint-core/src/flowsint_core/core/template_enricher.py:TemplateEnricher._build_structured_evidence#2",
            "type": "CALLS",
            "confidence": 0.85
        },
        {
            "from": "Method:flowsint-core/src/flowsint_core/core/template_enricher.py:TemplateEnricher.execute_structured#1",
            "to": "Method:flowsint-core/src/flowsint_core/core/template_enricher.py:TemplateEnricher._classify_structured_exception#1",
            "type": "CALLS",
            "confidence": 0.85
        },
        {
            "from": "Method:flowsint-core/src/flowsint_core/core/template_enricher.py:TemplateEnricher.execute_structured#1",
            "to": "Method:flowsint-core/src/flowsint_core/core/template_enricher.py:TemplateEnricher._classify_structured_success#2",
            "type": "CALLS",
            "confidence": 0.85
        },
        {
            "from": "Method:flowsint-core/src/flowsint_core/core/template_enricher.py:TemplateEnricher.scan#1",
            "to": "Method:flowsint-core/src/flowsint_core/core/template_enricher.py:TemplateEnricher.execute_structured#1",
            "type": "CALLS",
            "confidence": 0.85
        },
        {
            "from": "Method:flowsint-core/src/flowsint_core/core/template_enricher.py:TemplateEnricher.execute#1",
            "to": "Method:flowsint-core/src/flowsint_core/core/template_enricher.py:TemplateEnricher.scan#1",
            "type": "CALLS",
            "confidence": 0.85
        },
        {
            "from": "Method:flowsint-core/src/flowsint_core/core/enricher_base.py:Enricher.async_init#0",
            "to": "Function:flowsint-core/src/flowsint_core/core/enricher_base.py:build_params_model",
            "type": "CALLS",
            "confidence": 0.85
        },
        {
            "from": "Method:flowsint-core/src/flowsint_core/core/template_enricher.py:TemplateEnricher._process_single_input#3",
            "to": "Function:flowsint-core/src/flowsint_execution/artifact_runtime.py:load_artifact_runtime",
            "type": "CALLS",
            "confidence": 0.85
        },
        {
            "from": "Method:flowsint-core/src/flowsint_core/core/template_enricher.py:TemplateEnricher._process_single_input#3",
            "to": "Function:flowsint-core/src/flowsint_execution/artifact_runtime.py:encode_source_proof",
            "type": "CALLS",
            "confidence": 0.85
        },
        {
            "from": "Method:flowsint-core/src/flowsint_core/core/template_enricher.py:TemplateEnricher._process_single_input#3",
            "to": "Function:flowsint-core/src/flowsint_execution/artifacts.py:capture_source",
            "type": "CALLS",
            "confidence": 0.85
        },
        {
            "from": "Method:flowsint-core/src/flowsint_core/core/template_enricher.py:TemplateEnricher.execute_structured#1",
            "to": "Function:flowsint-core/src/flowsint_execution/models.py:canonical_input_hash",
            "type": "CALLS",
            "confidence": 0.85
        },
        {
            "from": "Method:flowsint-core/src/flowsint_core/core/template_enricher.py:TemplateEnricher._process_single_input#3",
            "to": "Function:flowsint-core/src/flowsint_execution/models.py:canonical_input_hash",
            "type": "CALLS",
            "confidence": 0.85
        },
        {
            "from": "Method:flowsint-core/src/flowsint_core/core/enricher_base.py:Enricher.execute_structured#1",
            "to": "Function:flowsint-core/src/flowsint_execution/models.py:canonical_input_hash",
            "type": "CALLS",
            "confidence": 0.85
        },
        {
            "from": "Method:flowsint-core/src/flowsint_core/core/enricher_base.py:Enricher.preprocess#1",
            "to": "Method:flowsint-core/src/flowsint_core/core/enricher_base.py:Enricher.name#0",
            "type": "CALLS",
            "confidence": 0.85
        },
        {
            "from": "Method:flowsint-core/src/flowsint_core/core/enricher_base.py:Enricher.input_schema#0",
            "to": "Method:flowsint-core/src/flowsint_core/core/enricher_base.py:Enricher.generate_input_schema#0",
            "type": "CALLS",
            "confidence": 0.85
        },
        {
            "from": "Method:flowsint-core/src/flowsint_core/core/enricher_base.py:Enricher.output_schema#0",
            "to": "Method:flowsint-core/src/flowsint_core/core/enricher_base.py:Enricher.generate_output_schema#0",
            "type": "CALLS",
            "confidence": 0.85
        },
        {
            "from": "Method:flowsint-core/src/flowsint_core/core/enricher_base.py:Enricher._process_single_input_structured#2",
            "to": "Method:flowsint-core/src/flowsint_core/core/enricher_base.py:Enricher.scan#1",
            "type": "CALLS",
            "confidence": 0.85
        },
        {
            "from": "Method:flowsint-core/src/flowsint_core/core/enricher_base.py:Enricher.preprocess#1",
            "to": "Method:flowsint-core/src/flowsint_core/core/enricher_base.py:Enricher._input_validation_context#0",
            "type": "CALLS",
            "confidence": 0.85
        },
        {
            "from": "Method:flowsint-core/src/flowsint_core/core/enricher_base.py:Enricher._validate_single_input#3",
            "to": "Method:flowsint-core/src/flowsint_core/core/enricher_base.py:Enricher._input_validation_context#0",
            "type": "CALLS",
            "confidence": 0.85
        },
        {
            "from": "Method:flowsint-core/src/flowsint_core/core/enricher_base.py:Enricher._execute_structured_input#4",
            "to": "Method:flowsint-core/src/flowsint_core/core/enricher_base.py:Enricher._validate_single_input#3",
            "type": "CALLS",
            "confidence": 0.85
        },
        {
            "from": "Method:flowsint-core/src/flowsint_core/core/enricher_base.py:Enricher.preprocess#1",
            "to": "Method:flowsint-core/src/flowsint_core/core/enricher_base.py:Enricher._validate_single_input#3",
            "type": "CALLS",
            "confidence": 0.85
        },
        {
            "from": "Method:flowsint-core/src/flowsint_core/core/enricher_base.py:Enricher._execute_structured_input#4",
            "to": "Method:flowsint-core/src/flowsint_core/core/enricher_base.py:Enricher._process_single_input_structured#2",
            "type": "CALLS",
            "confidence": 0.85
        },
        {
            "from": "Method:flowsint-core/src/flowsint_core/core/enricher_base.py:Enricher._execute_structured_input#4",
            "to": "Method:flowsint-core/src/flowsint_core/core/enricher_base.py:Enricher._build_structured_evidence#2",
            "type": "CALLS",
            "confidence": 0.85
        },
        {
            "from": "Method:flowsint-core/src/flowsint_core/core/enricher_base.py:Enricher._execute_structured_input#4",
            "to": "Method:flowsint-core/src/flowsint_core/core/enricher_base.py:Enricher._classify_structured_exception#1",
            "type": "CALLS",
            "confidence": 0.85
        },
        {
            "from": "Method:flowsint-core/src/flowsint_core/core/enricher_base.py:Enricher._execute_structured_input#4",
            "to": "Method:flowsint-core/src/flowsint_core/core/enricher_base.py:Enricher._classify_structured_success#2",
            "type": "CALLS",
            "confidence": 0.85
        },
        {
            "from": "Method:flowsint-core/src/flowsint_core/core/enricher_base.py:Enricher._execute_structured_input#4",
            "to": "Method:flowsint-core/src/flowsint_core/core/enricher_base.py:Enricher.postprocess#2",
            "type": "CALLS",
            "confidence": 0.85
        },
        {
            "from": "Method:flowsint-core/src/flowsint_core/core/logger.py:LoggerSingleton.completed#2",
            "to": "Method:flowsint-core/src/flowsint_core/core/logger.py:LoggerSingleton._log#3",
            "type": "CALLS",
            "confidence": 0.85
        },
        {
            "from": "Method:flowsint-core/src/flowsint_core/core/logger.py:LoggerSingleton.error#2",
            "to": "Method:flowsint-core/src/flowsint_core/core/logger.py:LoggerSingleton._log#3",
            "type": "CALLS",
            "confidence": 0.85
        },
        {
            "from": "Method:flowsint-core/src/flowsint_core/core/logger.py:LoggerSingleton.info#2",
            "to": "Method:flowsint-core/src/flowsint_core/core/logger.py:LoggerSingleton._log#3",
            "type": "CALLS",
            "confidence": 0.85
        },
        {
            "from": "Method:flowsint-core/src/flowsint_core/core/enricher_base.py:Enricher.preprocess#1",
            "to": "Method:flowsint-core/src/flowsint_core/core/logger.py:LoggerSingleton.warn#2",
            "type": "CALLS",
            "confidence": 0.85
        },
        {
            "from": "Function:flowsint-core/src/flowsint_execution/artifacts.py:capture_source",
            "to": "Method:flowsint-core/src/flowsint_execution/artifacts.py:NormalizedSource.reproduce#1",
            "type": "CALLS",
            "confidence": 0.85
        },
        {
            "from": "Function:flowsint-core/src/flowsint_execution/artifacts.py:capture_source",
            "to": "Method:flowsint-core/src/flowsint_execution/artifacts.py:FilesystemArtifactStore.write#2",
            "type": "CALLS",
            "confidence": 0.85
        },
        {
            "from": "Method:flowsint-core/src/flowsint_core/core/enricher_base.py:Enricher.__init__#6",
            "to": "Function:flowsint-core/src/flowsint_core/core/enricher_base.py:build_params_model",
            "type": "CALLS",
            "confidence": 0.85
        },
        {
            "from": "Method:flowsint-core/src/flowsint_core/core/enricher_base.py:Enricher.generate_output_schema#0",
            "to": "Function:flowsint-core/src/flowsint_core/utils.py:resolve_type",
            "type": "CALLS",
            "confidence": 0.85
        },
        {
            "from": "Method:flowsint-core/src/flowsint_core/core/enricher_base.py:Enricher.generate_input_schema#0",
            "to": "Function:flowsint-core/src/flowsint_core/utils.py:resolve_type",
            "type": "CALLS",
            "confidence": 0.85
        },
        {
            "from": "Function:flowsint-core/src/flowsint_execution/artifact_runtime.py:load_artifact_runtime",
            "to": "Function:flowsint-core/src/flowsint_execution/artifact_runtime.py:_policy_digest",
            "type": "CALLS",
            "confidence": 0.85
        },
        {
            "from": "Function:flowsint-core/src/flowsint_execution/artifacts.py:capture_source",
            "to": "Function:flowsint-core/src/flowsint_execution/artifacts.py:_canonical",
            "type": "CALLS",
            "confidence": 0.85
        },
        {
            "from": "Function:flowsint-core/src/flowsint_execution/artifacts.py:capture_source",
            "to": "Function:flowsint-core/src/flowsint_execution/artifacts.py:_bound",
            "type": "CALLS",
            "confidence": 0.85
        },
        {
            "from": "Function:flowsint-core/src/flowsint_execution/models.py:canonical_input_hash",
            "to": "Function:flowsint-core/src/flowsint_execution/models.py:_canonicalize_input",
            "type": "CALLS",
            "confidence": 0.85
        },
        {
            "from": "Method:flowsint-core/src/flowsint_core/core/enricher_base.py:Enricher._execute_structured_input#4",
            "to": "Function:flowsint-core/src/flowsint_execution/models.py:canonical_input_hash",
            "type": "CALLS",
            "confidence": 0.85
        }
    ],
    "files": [
        {
            "filePath": "flowsint-core/src/flowsint_core/core/template_enricher.py",
            "count": 24,
            "symbols": [
                {
                    "id": "Class:flowsint-core/src/flowsint_core/core/template_enricher.py:TemplateEnricher",
                    "name": "TemplateEnricher",
                    "filePath": "flowsint-core/src/flowsint_core/core/template_enricher.py",
                    "nodeType": "Class",
                    "startLine": 53,
                    "endLine": 503,
                    "content": "class TemplateEnricher(Enricher):     \"\"\"Execute a template only through a resolved deployment-owned endpoint.\"\"\"     InputType = FlowsintType     OutputType = FlowsintType     def __init__(         self,         template: Template,         registry: DestinationRegistry,         runtime_authorizer: EgressAuthorizer,         sketch_id: Optional[str] = None,         scan_id: Optional[str] = None,         vault=None,         artifact_store: FilesystemArtifactStore | None = None,         retention_authority: RetentionAuthority | None = None,     ):         self.template = template         self.InputType = self._detect_type(template.input.type)         self.OutputType = self._detect_type(template.output.type)         self.endpoint = registry.resolve(             template.connector, template.input.type, template.output.type         )         runtime_authorizer.require(self.endpoint.capability)         super().__init__(             sketch_id=sketch_id,             scan_id=scan_id,             vault=vault,             params_schema=[],             params={},         )         self._last_response_artifact_sha256: str | None = None         self._last_artifact_reference: str | None = None         self._last_capture_state: ArtifactState | None = None         self._last_capture_reason: str | None = None         self._last_http_status_class: int | None = None         self._artifact_store = artifact_store         self._retention_authority = retention_authority         self._last_retrieved_at: datetime | None = None     @staticmethod     def _detect_type(type_name: str) -> type[FlowsintType]:         load_all_types()         detected_type = get_type(type_name, case_sensitive=True)         if detected_type is None:             raise ConnectorPolicyError(\"connector type denied\")         return detected_type     def name(self) -> str:  # type: ignore[override]         return f\"connector:{self.endpoint.destination_id}:{self.endpoint.endpoint_id}\"     def category(self) -> str:  # type: ignore[override]         return self.template.category     def key(self) -> str:  # type: ignore[override]         return self.template.input.key     @classmethod     def documentation(cls) -> str:         return \"Registry-backed enrichment connector.\"     async def async_init(self) -> None:         \"\"\"Do not resolve credentials before per-input policy validation.\"\"\"     def _reject_unknown_input_fields(self, value: Any) -> None:         if not isinstance(value, dict):             return         allowed_fields = set(self.InputType.model_fields)         if set(value) - allowed_fields:             raise ConnectorValidationError(\"connector input field invalid\")     def _validated_request_values(self, input_obj: Any) -> dict[str, Any]:         values: dict[str, Any] = {}         for field in self.endpoint.definition.request_fields:             value = getattr(input_obj, field.source_field, None)             if value is None:                 if field.required:                     raise ConnectorValidationError(\"connector input field invalid\")                 continue             if field.value_type == \"string\":                 if not isinstance(value, str) or len(value) > field.max_length:                     raise ConnectorValidationError(\"connector input field invalid\")             elif field.value_type == \"integer\":                 if isinstance(value, bool) or not isinstance(value, int):                     raise ConnectorValidationError(\"connector input field invalid\")             elif field.value_type == \"number\":                 if isinstance(value, bool) or not isinstance(value, (int, float)):                     raise ConnectorValidationError(\"connector input field invalid\")             elif field.value_type == \"boolean\" and not isinstance(value, bool):                 raise ConnectorValidationError(\"connector input field invalid\")             values[field.name] = value         return values     def _request_parts(         self, input_obj: Any     ) -> tuple[str, dict[str, str], dict[str, Any], dict[str, Any] | None]:         values = self._validated_request_values(input_obj)         definition = self.endpoint.definition         path = definition.path         query: dict[str, Any] = dict(definition.fixed_query)         json_body: dict[str, Any] = {}         for field in definition.request_fields:             if field.name not in values:                 continue             value = values[field.name]             if field.location == \"path\":                 path = path.replace(\"{\" + field.name + \"}\", quote(str(value), safe=\"\"))             elif field.location == \"query\":                 if field.name in query:                     raise ConnectorPolicyError(\"connector query field denied\")                 query[field.name] = value             else:                 json_body[field.name] = value         url = f\"{self.endpoint.base_url}{path}\"         parsed = httpx.URL(url)         base = httpx.URL(self.endpoint.base_url)         if ( ... [truncated]"
                },
                {
                    "id": "Method:flowsint-core/src/flowsint_core/core/template_enricher.py:TemplateEnricher.__init__#8",
                    "name": "__init__",
                    "filePath": "flowsint-core/src/flowsint_core/core/template_enricher.py",
                    "nodeType": "Method",
                    "startLine": 59,
                    "endLine": 91,
                    "content": "    def __init__(         self,         template: Template,         registry: DestinationRegistry,         runtime_authorizer: EgressAuthorizer,         sketch_id: Optional[str] = None,         scan_id: Optional[str] = None,         vault=None,         artifact_store: FilesystemArtifactStore | None = None,         retention_authority: RetentionAuthority | None = None,     ):         self.template = template         self.InputType = self._detect_type(template.input.type)         self.OutputType = self._detect_type(template.output.type)         self.endpoint = registry.resolve(             template.connector, template.input.type, template.output.type         )         runtime_authorizer.require(self.endpoint.capability)         super().__init__(             sketch_id=sketch_id,             scan_id=scan_id,             vault=vault,             params_schema=[],             params={},         )         self._last_response_artifact_sha256: str | None = None         self._last_artifact_reference: str | None = None         self._last_capture_state: ArtifactState | None = None         self._last_capture_reason: str | None = None         self._last_http_status_class: int | None = None         self._artifact_store = artifact_store         self._retention_authority = retention_authority         self._last_retrieved_at: datetime | None = None"
                },
                {
                    "id": "Method:flowsint-core/src/flowsint_core/core/template_enricher.py:TemplateEnricher._detect_type#1",
                    "name": "_detect_type",
                    "filePath": "flowsint-core/src/flowsint_core/core/template_enricher.py",
                    "nodeType": "Method",
                    "startLine": 94,
                    "endLine": 99,
                    "content": "    def _detect_type(type_name: str) -> type[FlowsintType]:         load_all_types()         detected_type = get_type(type_name, case_sensitive=True)         if detected_type is None:             raise ConnectorPolicyError(\"connector type denied\")         return detected_type"
                },
                {
                    "id": "Method:flowsint-core/src/flowsint_core/core/template_enricher.py:TemplateEnricher.name#0",
                    "name": "name",
                    "filePath": "flowsint-core/src/flowsint_core/core/template_enricher.py",
                    "nodeType": "Method",
                    "startLine": 101,
                    "endLine": 102,
                    "content": "    def name(self) -> str:  # type: ignore[override]         return f\"connector:{self.endpoint.destination_id}:{self.endpoint.endpoint_id}\""
                },
                {
                    "id": "Method:flowsint-core/src/flowsint_core/core/template_enricher.py:TemplateEnricher.category#0",
                    "name": "category",
                    "filePath": "flowsint-core/src/flowsint_core/core/template_enricher.py",
                    "nodeType": "Method",
                    "startLine": 104,
                    "endLine": 105,
                    "content": "    def category(self) -> str:  # type: ignore[override]         return self.template.category"
                },
                {
                    "id": "Method:flowsint-core/src/flowsint_core/core/template_enricher.py:TemplateEnricher.key#0",
                    "name": "key",
                    "filePath": "flowsint-core/src/flowsint_core/core/template_enricher.py",
                    "nodeType": "Method",
                    "startLine": 107,
                    "endLine": 108,
                    "content": "    def key(self) -> str:  # type: ignore[override]         return self.template.input.key"
                },
                {
                    "id": "Method:flowsint-core/src/flowsint_core/core/template_enricher.py:TemplateEnricher.documentation#0",
                    "name": "documentation",
                    "filePath": "flowsint-core/src/flowsint_core/core/template_enricher.py",
                    "nodeType": "Method",
                    "startLine": 111,
                    "endLine": 112,
                    "content": "    def documentation(cls) -> str:         return \"Registry-backed enrichment connector.\""
                },
                {
                    "id": "Method:flowsint-core/src/flowsint_core/core/template_enricher.py:TemplateEnricher.async_init#0",
                    "name": "async_init",
                    "filePath": "flowsint-core/src/flowsint_core/core/template_enricher.py",
                    "nodeType": "Method",
                    "startLine": 114,
                    "endLine": 115,
                    "content": "    async def async_init(self) -> None:         \"\"\"Do not resolve credentials before per-input policy validation.\"\"\""
                },
                {
                    "id": "Method:flowsint-core/src/flowsint_core/core/template_enricher.py:TemplateEnricher._reject_unknown_input_fields#1",
                    "name": "_reject_unknown_input_fields",
                    "filePath": "flowsint-core/src/flowsint_core/core/template_enricher.py",
                    "nodeType": "Method",
                    "startLine": 118,
                    "endLine": 123,
                    "content": "    def _reject_unknown_input_fields(self, value: Any) -> None:         if not isinstance(value, dict):             return         allowed_fields = set(self.InputType.model_fields)         if set(value) - allowed_fields:             raise ConnectorValidationError(\"connector input field invalid\")"
                },
                {
                    "id": "Method:flowsint-core/src/flowsint_core/core/template_enricher.py:TemplateEnricher._validated_request_values#1",
                    "name": "_validated_request_values",
                    "filePath": "flowsint-core/src/flowsint_core/core/template_enricher.py",
                    "nodeType": "Method",
                    "startLine": 125,
                    "endLine": 145,
                    "content": "    def _validated_request_values(self, input_obj: Any) -> dict[str, Any]:         values: dict[str, Any] = {}         for field in self.endpoint.definition.request_fields:             value = getattr(input_obj, field.source_field, None)             if value is None:                 if field.required:                     raise ConnectorValidationError(\"connector input field invalid\")                 continue             if field.value_type == \"string\":                 if not isinstance(value, str) or len(value) > field.max_length:                     raise ConnectorValidationError(\"connector input field invalid\")             elif field.value_type == \"integer\":                 if isinstance(value, bool) or not isinstance(value, int):                     raise ConnectorValidationError(\"connector input field invalid\")             elif field.value_type == \"number\":                 if isinstance(value, bool) or not isinstance(value, (int, float)):                     raise ConnectorValidationError(\"connector input field invalid\")             elif field.value_type == \"boolean\" and not isinstance(value, bool):                 raise ConnectorValidationError(\"connector input field invalid\")             values[field.name] = value         return values"
                },
                {
                    "id": "Method:flowsint-core/src/flowsint_core/core/template_enricher.py:TemplateEnricher._request_parts#1",
                    "name": "_request_parts",
                    "filePath": "flowsint-core/src/flowsint_core/core/template_enricher.py",
                    "nodeType": "Method",
                    "startLine": 147,
                    "endLine": 183,
                    "content": "    def _request_parts(         self, input_obj: Any     ) -> tuple[str, dict[str, str], dict[str, Any], dict[str, Any] | None]:         values = self._validated_request_values(input_obj)         definition = self.endpoint.definition         path = definition.path         query: dict[str, Any] = dict(definition.fixed_query)         json_body: dict[str, Any] = {}         for field in definition.request_fields:             if field.name not in values:                 continue             value = values[field.name]             if field.location == \"path\":                 path = path.replace(\"{\" + field.name + \"}\", quote(str(value), safe=\"\"))             elif field.location == \"query\":                 if field.name in query:                     raise ConnectorPolicyError(\"connector query field denied\")                 query[field.name] = value             else:                 json_body[field.name] = value         url = f\"{self.endpoint.base_url}{path}\"         parsed = httpx.URL(url)         base = httpx.URL(self.endpoint.base_url)         if (             parsed.scheme != \"https\"             or parsed.scheme != base.scheme             or parsed.host != base.host             or parsed.port != base.port         ):             raise ConnectorPolicyError(\"connector origin denied\")         return (             url,             dict(definition.fixed_headers),             query,             json_body if definition.method == \"POST\" else None,         )"
                },
                {
                    "id": "Method:flowsint-core/src/flowsint_core/core/template_enricher.py:TemplateEnricher._resolved_headers#1",
                    "name": "_resolved_headers",
                    "filePath": "flowsint-core/src/flowsint_core/core/template_enricher.py",
                    "nodeType": "Method",
                    "startLine": 185,
                    "endLine": 192,
                    "content": "    def _resolved_headers(self, fixed_headers: dict[str, str]) -> dict[str, str]:         headers = dict(fixed_headers)         for header_name, secret_name in self.endpoint.definition.secret_headers.items():             value = self.vault.get_secret(secret_name) if self.vault is not None else None             if not value:                 raise ConnectorCredentialUnavailable(\"connector credential unavailable\")             headers[header_name] = value         return headers"
                },
                {
                    "id": "Method:flowsint-core/src/flowsint_core/core/template_enricher.py:TemplateEnricher._read_response#1",
                    "name": "_read_response",
                    "filePath": "flowsint-core/src/flowsint_core/core/template_enricher.py",
                    "nodeType": "Method",
                    "startLine": 194,
                    "endLine": 208,
                    "content": "    async def _read_response(self, response: httpx.Response) -> bytes:         limit = self.endpoint.definition.max_response_bytes         content_length = response.headers.get(\"content-length\")         if content_length is not None:             try:                 if int(content_length) > limit:                     raise ConnectorResponseTooLarge(\"connector response too large\")             except ValueError:                 raise ConnectorResponseTooLarge(\"connector response too large\") from None         content = bytearray()         async for chunk in response.aiter_bytes(chunk_size=min(65_536, limit)):             if len(chunk) > limit - len(content):                 raise ConnectorResponseTooLarge(\"connector response too large\")             content.extend(chunk)         return bytes(content)"
                },
                {
                    "id": "Method:flowsint-core/src/flowsint_core/core/template_enricher.py:TemplateEnricher._extract_path#2",
                    "name": "_extract_path",
                    "filePath": "flowsint-core/src/flowsint_core/core/template_enricher.py",
                    "nodeType": "Method",
                    "startLine": 211,
                    "endLine": 223,
                    "content": "    def _extract_path(value: Any, path: str) -> Any:         current = value         for part in path.split(\".\"):             if isinstance(current, list):                 try:                     current = current[int(part)]                 except (ValueError, IndexError) as error:                     raise TemplateEnricherError(\"connector response mapping failed\") from error             elif isinstance(current, dict) and part in current:                 current = current[part]             else:                 raise TemplateEnricherError(\"connector response mapping failed\")         return current"
                },
                {
                    "id": "Method:flowsint-core/src/flowsint_core/core/template_enricher.py:TemplateEnricher._map_response#1",
                    "name": "_map_response",
                    "filePath": "flowsint-core/src/flowsint_core/core/template_enricher.py",
                    "nodeType": "Method",
                    "startLine": 225,
                    "endLine": 249,
                    "content": "    def _map_response(self, response_bytes: bytes) -> List[Any]:         try:             response_data = json.loads(response_bytes)         except (TypeError, ValueError) as error:             raise TemplateEnricherError(\"connector response was invalid\") from error         items = response_data         if self.endpoint.definition.response_array_path is not None:             items = self._extract_path(                 response_data, self.endpoint.definition.response_array_path             )             if not isinstance(items, list):                 raise TemplateEnricherError(\"connector response array was invalid\")         if not isinstance(items, list):             items = [items]         results = []         for item in items:             mapped = {                 output_field: self._extract_path(item, source_path)                 for output_field, source_path in self.endpoint.definition.response_mappings.items()             }             try:                 results.append(self.OutputType(**mapped))             except Exception as error:                 raise TemplateEnricherError(\"connector output was invalid\") from error         return results"
                },
                {
                    "id": "Method:flowsint-core/src/flowsint_core/core/template_enricher.py:TemplateEnricher._process_single_input#3",
                    "name": "_process_single_input",
                    "filePath": "flowsint-core/src/flowsint_core/core/template_enricher.py",
                    "nodeType": "Method",
                    "startLine": 251,
                    "endLine": 326,
                    "content": "    async def _process_single_input(         self, client: httpx.AsyncClient, input_obj: Any, input_ref: str | None = None     ) -> List[Any]:         self._last_response_artifact_sha256 = None         self._last_artifact_reference = None         self._last_capture_state = None         self._last_capture_reason = None         self._last_http_status_class = None         url, fixed_headers, query, json_body = self._request_parts(input_obj)         headers = self._resolved_headers(fixed_headers)         try:             async with asyncio.timeout(self.endpoint.definition.timeout_seconds):                 async with client.stream(                     self.endpoint.definition.method,                     url,                     headers=headers,                     params=query,                     json=json_body,                     timeout=self.endpoint.definition.timeout_seconds,                 ) as response:                     if 300 <= response.status_code < 400:                         raise ConnectorRedirectDenied(\"connector redirect denied\")                     self._last_http_status_class = response.status_code // 100                     response.raise_for_status()                     response_bytes = await self._read_response(response)         except TimeoutError as error:             raise httpx.ReadTimeout(\"connector deadline exceeded\") from error         operation_id = f\"connector-{uuid.uuid4().hex}\"         occurrence_id = f\"input-{uuid.uuid4().hex}\"         caller_id = f\"connector:{self.endpoint.destination_id}:{self.endpoint.endpoint_id}\"         runtime = None         if self._artifact_store is None or self._retention_authority is None:             runtime = load_artifact_runtime(                 caller_id=caller_id,                 scope=self.endpoint.capability,                 source_family=\"connector\",             )         store = self._artifact_store or (runtime.store if runtime else None)         authority = self._retention_authority or (runtime.authority if runtime else None)         decision = authority.issue(operation_id) if authority else None         retrieved_at = datetime.now(timezone.utc)         context = ArtifactContext(             operation_id=operation_id,             occurrence_id=occurrence_id,             caller_id=caller_id,             scope=self.endpoint.capability,             source_family=\"connector\",             origin=self.endpoint.base_url,             requested_url=f\"{self.endpoint.base_url}{self.endpoint.definition.path}\",             final_url=f\"{self.endpoint.base_url}{self.endpoint.definition.path}\",             retrieved_at=retrieved_at,         )         if decision is None:             self._last_capture_state = ArtifactState.HOLD             self._last_capture_reason = \"retention_policy_unavailable\"             return []         if store is None:             self._last_capture_state = ArtifactState.HOLD             self._last_capture_reason = \"artifact_store_unavailable\"             return []         captured = capture_source(store, context, decision, response_bytes)         self._last_capture_state = captured.state         self._last_capture_reason = captured.reason         if captured.state is not ArtifactState.AVAILABLE or captured.artifact is None:             return []         self._last_response_artifact_sha256 = captured.artifact.content_digest         self._last_retrieved_at = captured.artifact.retrieved_at         self._last_artifact_reference = encode_source_proof(PersistedSourceProof(             format_version=\"source-proof/1.0\",             input_ref=input_ref or canonical_input_hash(input_obj),             context=context,             decision=decision,             artifact=captured.artifact,             spans=(),         ))         return self._map_response(response_bytes)"
                },
                {
                    "id": "Method:flowsint-core/src/flowsint_core/core/template_enricher.py:TemplateEnricher._structured_execution_context#0",
                    "name": "_structured_execution_context",
                    "filePath": "flowsint-core/src/flowsint_core/core/template_enricher.py",
                    "nodeType": "Method",
                    "startLine": 329,
                    "endLine": 331,
                    "content": "    async def _structured_execution_context(self) -> AsyncIterator[httpx.AsyncClient]:         async with httpx.AsyncClient(follow_redirects=False, trust_env=False) as client:             yield client"
                },
                {
                    "id": "Method:flowsint-core/src/flowsint_core/core/template_enricher.py:TemplateEnricher._build_structured_evidence#2",
                    "name": "_build_structured_evidence",
                    "filePath": "flowsint-core/src/flowsint_core/core/template_enricher.py",
                    "nodeType": "Method",
                    "startLine": 333,
                    "endLine": 357,
                    "content": "    def _build_structured_evidence(         self, input_obj: Any, input_ref: str     ) -> tuple[EvidenceEnvelope, ...]:         evidence = self.template.evidence         artifact_sha256 = self._last_response_artifact_sha256         return (             EvidenceEnvelope(                 input_ref=input_ref,                 destination_id=self.endpoint.destination_id,                 endpoint_id=self.endpoint.endpoint_id,                 capability=self.endpoint.capability,                 policy_version=self.endpoint.policy_version,                 artifact_sha256=artifact_sha256,                 artifact_reference=(                     self._last_artifact_reference                 ),                 source_rights=evidence.source_rights,                 schema_version=evidence.schema_version,                 parser_version=evidence.parser_version,                 confidence=evidence.confidence,                 verification_state=evidence.verification_state,                 retrieved_at=self._last_retrieved_at or datetime.now(timezone.utc),                 ingested_at=self._last_retrieved_at or datetime.now(timezone.utc),             ),         )"
                },
                {
                    "id": "Method:flowsint-core/src/flowsint_core/core/template_enricher.py:TemplateEnricher._classify_structured_exception#1",
                    "name": "_classify_structured_exception",
                    "filePath": "flowsint-core/src/flowsint_core/core/template_enricher.py",
                    "nodeType": "Method",
                    "startLine": 359,
                    "endLine": 404,
                    "content": "    def _classify_structured_exception(self, error: Exception) -> RedactedDiagnostic:         if isinstance(error, ConnectorPolicyError):             return RedactedDiagnostic(                 code=\"connector_policy_denied\",                 safe_message=\"Connector policy denied the request.\",                 retryable=False,             )         if isinstance(error, (ConnectorValidationError,)):             return RedactedDiagnostic(                 code=\"connector_validation_failed\",                 safe_message=\"Connector input validation failed.\",                 retryable=False,             )         if isinstance(error, ConnectorCredentialUnavailable):             return RedactedDiagnostic(                 code=\"connector_credential_unavailable\",                 safe_message=\"Connector credentials are unavailable.\",                 retryable=False,             )         if isinstance(error, httpx.TimeoutException):             return RedactedDiagnostic(                 code=\"connector_timeout\",                 safe_message=\"Connector request timed out.\",                 retryable=True,             )         if isinstance(error, httpx.HTTPStatusError):             return RedactedDiagnostic(                 code=\"connector_http_error\",                 safe_message=\"Connector request failed.\",                 retryable=error.response.status_code >= 500                 or error.response.status_code == 429,             )         if isinstance(             error,             (ConnectorRedirectDenied, ConnectorResponseTooLarge, TemplateEnricherError),         ):             return RedactedDiagnostic(                 code=\"connector_response_invalid\",                 safe_message=\"Connector response was rejected.\",                 retryable=False,             )         return RedactedDiagnostic(             code=\"connector_response_invalid\",             safe_message=\"Connector response was rejected.\",             retryable=False,         )"
                },
                {
                    "id": "Method:flowsint-core/src/flowsint_core/core/template_enricher.py:TemplateEnricher._classify_structured_success#2",
                    "name": "_classify_structured_success",
                    "filePath": "flowsint-core/src/flowsint_core/core/template_enricher.py",
                    "nodeType": "Method",
                    "startLine": 406,
                    "endLine": 420,
                    "content": "    def _classify_structured_success(         self,         outputs: tuple[Any, ...],         evidence: tuple[EvidenceEnvelope, ...],     ) -> tuple[OutcomeStatus, RedactedDiagnostic | None]:         if self._last_capture_state is not ArtifactState.AVAILABLE:             return (                 OutcomeStatus.HOLD,                 RedactedDiagnostic(                     code=self._last_capture_reason or \"retention_policy_unavailable\",                     safe_message=\"Reviewed source retention is unavailable.\",                     retryable=False,                 ),             )         return OutcomeStatus.SUCCESS, None"
                },
                {
                    "id": "Method:flowsint-core/src/flowsint_core/core/template_enricher.py:TemplateEnricher.execute_structured#1",
                    "name": "execute_structured",
                    "filePath": "flowsint-core/src/flowsint_core/core/template_enricher.py",
                    "nodeType": "Method",
                    "startLine": 422,
                    "endLine": 486,
                    "content": "    async def execute_structured(self, values: List[Any]) -> StructuredExecutionResult:         \"\"\"Execute inputs independently without logging, retaining, or returning raw egress data.\"\"\"         outcomes: list[InputOutcome] = []         try:             async with self._structured_execution_context() as client:                 for original_input in values:                     input_ref = canonical_input_hash(original_input)                     self._last_response_artifact_sha256 = None                     self._last_artifact_reference = None                     self._last_capture_state = None                     self._last_capture_reason = None                     self._last_http_status_class = None                     self._last_retrieved_at = None                     try:                         self._reject_unknown_input_fields(original_input)                         input_obj = self._validate_single_input(original_input)                         processed = await self._process_single_input(client, input_obj, input_ref)                         evidence = self._build_structured_evidence(input_obj, input_ref)                         status, diagnostic = self._classify_structured_success(                             tuple(processed), evidence                         )                         outcomes.append(                             InputOutcome(                                 input_ref=input_ref,                                 status=status,                                 outputs=tuple(processed)                                 if status is OutcomeStatus.SUCCESS                                 else (),                                 diagnostic=diagnostic,                                 evidence=evidence,                             )                         )                     except Exception as error:                         outcomes.append(                             InputOutcome(                                 input_ref=input_ref,                                 status=OutcomeStatus.FAILURE,                                 diagnostic=self._classify_structured_exception(error),                                 evidence=self._build_structured_evidence(                                     original_input, input_ref                                 ),                             )                         )         finally:             try:                 self._graph_service.flush()             except Exception:                 pass         Logger.info(             self.sketch_id,             {                 \"event\": \"connector_completed\",                 \"destination_id\": self.endpoint.destination_id,                 \"endpoint_id\": self.endpoint.endpoint_id,                 \"capability\": self.endpoint.capability,                 \"outcome_counts\": {                     status.value: sum(                         outcome.status is status for outcome in outcomes                     )                     for status in OutcomeStatus                 },                 \"http_status_class\": self._last_http_status_class,             },         )         return StructuredExecutionResult(enricher_name=self.name(), outcomes=tuple(outcomes))"
                },
                {
                    "id": "Method:flowsint-core/src/flowsint_core/core/template_enricher.py:TemplateEnricher.scan#1",
                    "name": "scan",
                    "filePath": "flowsint-core/src/flowsint_core/core/template_enricher.py",
                    "nodeType": "Method",
                    "startLine": 488,
                    "endLine": 495,
                    "content": "    async def scan(self, values: List[Any]) -> List[Any]:         result = await self.execute_structured(values)         return [             output             for outcome in result.outcomes             if outcome.status is OutcomeStatus.SUCCESS             for output in outcome.outputs         ]"
                },
                {
                    "id": "Method:flowsint-core/src/flowsint_core/core/template_enricher.py:TemplateEnricher.execute#1",
                    "name": "execute",
                    "filePath": "flowsint-core/src/flowsint_core/core/template_enricher.py",
                    "nodeType": "Method",
                    "startLine": 497,
                    "endLine": 498,
                    "content": "    async def execute(self, values: List[Any]) -> List[Any]:         return await self.scan(values)"
                },
                {
                    "id": "Method:flowsint-core/src/flowsint_core/core/template_enricher.py:TemplateEnricher.postprocess#2",
                    "name": "postprocess",
                    "filePath": "flowsint-core/src/flowsint_core/core/template_enricher.py",
                    "nodeType": "Method",
                    "startLine": 500,
                    "endLine": 503,
                    "content": "    def postprocess(         self, results: List[Any], input_data: Optional[List[Any]] = None     ) -> List[Any]:         return results"
                }
            ]
        },
        {
            "filePath": "flowsint-core/src/flowsint_core/core/connector_egress.py",
            "count": 2,
            "symbols": [
                {
                    "id": "Method:flowsint-core/src/flowsint_core/core/connector_egress.py:EgressAuthorizer.require#1",
                    "name": "require",
                    "filePath": "flowsint-core/src/flowsint_core/core/connector_egress.py",
                    "nodeType": "Method",
                    "startLine": 185,
                    "endLine": 187,
                    "content": "    def require(self, capability: ConnectorCapability) -> None:         if capability not in self.allowed_capabilities:             raise ConnectorPolicyError(\"connector runtime authority denied\")"
                },
                {
                    "id": "Method:flowsint-core/src/flowsint_core/core/connector_egress.py:DestinationRegistry.resolve#3",
                    "name": "resolve",
                    "filePath": "flowsint-core/src/flowsint_core/core/connector_egress.py",
                    "nodeType": "Method",
                    "startLine": 208,
                    "endLine": 260,
                    "content": "    def resolve(         self,         connector: TemplateConnector,         input_type: str,         output_type: str,     ) -> ResolvedEndpoint:         \"\"\"Resolve and validate a template reference before any Vault or HTTP work.\"\"\"         destination = self._destinations.get(connector.destination_id)         if destination is None or not destination.enabled:             raise ConnectorPolicyError(\"connector destination denied\")         endpoint = next(             (                 candidate                 for candidate in destination.endpoints                 if candidate.endpoint_id == connector.endpoint_id             ),             None,         )         if endpoint is None or not endpoint.enabled:             raise ConnectorPolicyError(\"connector endpoint denied\")         if connector.capability != \"enrich.read\" or endpoint.capability != connector.capability:             raise ConnectorPolicyError(\"connector capability denied\")         if endpoint.input_type != input_type or endpoint.output_type != output_type:             raise ConnectorPolicyError(\"connector type denied\")         load_all_types()         input_model = get_type(input_type, case_sensitive=True)         output_model = get_type(output_type, case_sensitive=True)         if input_model is None or output_model is None:             raise ConnectorPolicyError(\"connector type denied\")         input_fields = input_model.model_fields         output_fields = output_model.model_fields         required_output_fields = {             field_name             for field_name, field in output_fields.items()             if field.is_required()         }         if not required_output_fields.issubset(endpoint.response_mappings):             raise ConnectorPolicyError(\"connector response mapping denied\")         if any(field.source_field not in input_fields for field in endpoint.request_fields):             raise ConnectorPolicyError(\"connector request field denied\")         if any(field_name not in output_fields for field_name in endpoint.response_mappings):             raise ConnectorPolicyError(\"connector response field denied\")         if not endpoint.response_mappings:             raise ConnectorPolicyError(\"connector response mapping denied\")         return ResolvedEndpoint(             destination_id=destination.destination_id,             endpoint_id=endpoint.endpoint_id,             capability=endpoint.capability,             policy_version=self.policy_version,             base_url=destination.base_url,             definition=endpoint,         )"
                }
            ]
        },
        {
            "filePath": "flowsint-core/src/flowsint_core/core/enricher_base.py",
            "count": 36,
            "symbols": [
                {
                    "id": "Method:flowsint-core/src/flowsint_core/core/enricher_base.py:Enricher.__init__#6",
                    "name": "__init__",
                    "filePath": "flowsint-core/src/flowsint_core/core/enricher_base.py",
                    "nodeType": "Method",
                    "startLine": 123,
                    "endLine": 150,
                    "content": "    def __init__(         self,         sketch_id: Optional[str] = None,         scan_id: Optional[str] = None,         params_schema: Optional[List[Dict[str, Any]]] = None,         vault: Optional[VaultProtocol] = None,         params: Optional[Dict[str, Any]] = None,         graph_service: Optional[GraphService] = None,     ):         self.scan_id = scan_id or \"default\"         self.sketch_id = sketch_id or \"system\"         self.vault = vault         self.params_schema = params_schema or []         self.ParamsModel = build_params_model(self.params_schema)         self.params: Dict[str, Any] = params or {}         # Initialize graph service (uses singleton connection by default)         if graph_service:             self._graph_service = graph_service         else:             self._graph_service = create_graph_service(                 sketch_id=self.sketch_id,                 enable_batching=True,             )         # Params is filled synchronously by the constructor. This params is generally constructed of         # vaultSecret references, not the key directly. The idea is that the real key values are resolved after calling         # async_init(), right before the execution."
                },
                {
                    "id": "Method:flowsint-core/src/flowsint_core/core/enricher_base.py:Enricher.async_init#0",
                    "name": "async_init",
                    "filePath": "flowsint-core/src/flowsint_core/core/enricher_base.py",
                    "nodeType": "Method",
                    "startLine": 152,
                    "endLine": 166,
                    "content": "    async def async_init(self):         self.ParamsModel = build_params_model(self.params_schema)         # Always resolve parameters, even if self.params is empty         # This allows vault secrets to be fetched by name from params_schema         resolved_params = self.resolve_params()         # Strict validation after resolution         try:             validated = self.ParamsModel(**resolved_params)             self.params = validated.model_dump()         except ValidationError as e:             raise InvalidEnricherParams(                 f\"Enricher '{self.name()}' received invalid parameters: {e}\"             )"
                },
                {
                    "id": "Method:flowsint-core/src/flowsint_core/core/enricher_base.py:Enricher.resolve_params#0",
                    "name": "resolve_params",
                    "filePath": "flowsint-core/src/flowsint_core/core/enricher_base.py",
                    "nodeType": "Method",
                    "startLine": 168,
                    "endLine": 203,
                    "content": "    def resolve_params(self) -> Dict[str, Any]:         resolved = {}         for param in self.params_schema:             param_name = param[\"name\"]             param_type = param.get(\"type\", \"string\")             if param_type == \"vaultSecret\":                 # For vault secrets, try to get from vault by name or ID                 secret = None                 if self.vault is not None:                     # First, check if user provided a specific vault ID in params                     if param_name in self.params and self.params[param_name]:                         secret = self.vault.get_secret(self.params[param_name])                     # Otherwise, try to get the secret by the param name itself                     if secret is None:                         secret = self.vault.get_secret(param_name)                     if secret is not None:                         resolved[param_name] = secret                     elif param.get(\"required\", False):                         raise Exception(                             f\"Required vault secret '{param_name}' is missing. Please go to the Vault settings and create a '{param_name}' key.\"                         )                 # If no vault or no secret found, use default if available                 if param_name not in resolved and param.get(\"default\") is not None:                     resolved[param_name] = param[\"default\"]             else:                 # For non-vault params, use the provided value or default                 if param_name in self.params and self.params[param_name] is not None:                     resolved[param_name] = self.params[param_name]                 elif param.get(\"default\") is not None:                     resolved[param_name] = param[\"default\"]         return resolved"
                },
                {
                    "id": "Method:flowsint-core/src/flowsint_core/core/enricher_base.py:Enricher.required_params#0",
                    "name": "required_params",
                    "filePath": "flowsint-core/src/flowsint_core/core/enricher_base.py",
                    "nodeType": "Method",
                    "startLine": 206,
                    "endLine": 207,
                    "content": "    def required_params(self) -> bool:         return False"
                },
                {
                    "id": "Method:flowsint-core/src/flowsint_core/core/enricher_base.py:Enricher.name#0",
                    "name": "name",
                    "filePath": "flowsint-core/src/flowsint_core/core/enricher_base.py",
                    "nodeType": "Method",
                    "startLine": 211,
                    "endLine": 212,
                    "content": "    def name(cls) -> str:         pass"
                },
                {
                    "id": "Method:flowsint-core/src/flowsint_core/core/enricher_base.py:Enricher.icon#0",
                    "name": "icon",
                    "filePath": "flowsint-core/src/flowsint_core/core/enricher_base.py",
                    "nodeType": "Method",
                    "startLine": 215,
                    "endLine": 216,
                    "content": "    def icon(cls) -> str | None:         return None"
                },
                {
                    "id": "Method:flowsint-core/src/flowsint_core/core/enricher_base.py:Enricher.category#0",
                    "name": "category",
                    "filePath": "flowsint-core/src/flowsint_core/core/enricher_base.py",
                    "nodeType": "Method",
                    "startLine": 220,
                    "endLine": 221,
                    "content": "    def category(cls) -> str:         pass"
                },
                {
                    "id": "Method:flowsint-core/src/flowsint_core/core/enricher_base.py:Enricher.key#0",
                    "name": "key",
                    "filePath": "flowsint-core/src/flowsint_core/core/enricher_base.py",
                    "nodeType": "Method",
                    "startLine": 225,
                    "endLine": 227,
                    "content": "    def key(cls) -> str:         \"\"\"Primary key on which the enricher operates (e.g. domain, IP, etc.)\"\"\"         pass"
                },
                {
                    "id": "Method:flowsint-core/src/flowsint_core/core/enricher_base.py:Enricher.documentation#0",
                    "name": "documentation",
                    "filePath": "flowsint-core/src/flowsint_core/core/enricher_base.py",
                    "nodeType": "Method",
                    "startLine": 230,
                    "endLine": 238,
                    "content": "    def documentation(cls) -> str:         \"\"\"         Return formatted markdown documentation for this enricher.         Override this method to provide custom documentation.         Falls back to cleaned docstring if not overridden.         \"\"\"         import inspect         return inspect.cleandoc(cls.__doc__ or \"No documentation available.\")"
                },
                {
                    "id": "Method:flowsint-core/src/flowsint_core/core/enricher_base.py:Enricher.input_schema#0",
                    "name": "input_schema",
                    "filePath": "flowsint-core/src/flowsint_core/core/enricher_base.py",
                    "nodeType": "Method",
                    "startLine": 241,
                    "endLine": 246,
                    "content": "    def input_schema(cls) -> Dict[str, Any]:         \"\"\"         Generate input schema from InputType class attribute.         Subclasses don't need to override this unless they have special requirements.         \"\"\"         return cls.generate_input_schema()"
                },
                {
                    "id": "Method:flowsint-core/src/flowsint_core/core/enricher_base.py:Enricher.get_params_schema#0",
                    "name": "get_params_schema",
                    "filePath": "flowsint-core/src/flowsint_core/core/enricher_base.py",
                    "nodeType": "Method",
                    "startLine": 249,
                    "endLine": 251,
                    "content": "    def get_params_schema(cls) -> List[Dict[str, Any]]:         \"\"\"Can be overridden in subclasses to declare required parameters\"\"\"         return []"
                },
                {
                    "id": "Method:flowsint-core/src/flowsint_core/core/enricher_base.py:Enricher.output_schema#0",
                    "name": "output_schema",
                    "filePath": "flowsint-core/src/flowsint_core/core/enricher_base.py",
                    "nodeType": "Method",
                    "startLine": 254,
                    "endLine": 259,
                    "content": "    def output_schema(cls) -> Dict[str, Any]:         \"\"\"         Generate output schema from OutputType class attribute.         Subclasses don't need to override this unless they have special requirements.         \"\"\"         return cls.generate_output_schema()"
                },
                {
                    "id": "Method:flowsint-core/src/flowsint_core/core/enricher_base.py:Enricher.generate_input_schema#0",
                    "name": "generate_input_schema",
                    "filePath": "flowsint-core/src/flowsint_core/core/enricher_base.py",
                    "nodeType": "Method",
                    "startLine": 262,
                    "endLine": 302,
                    "content": "    def generate_input_schema(cls) -> Dict[str, Any]:         \"\"\"         Helper method to generate input schema from InputType class attribute.         Raises:             NotImplementedError: If InputType is not defined in the subclass         \"\"\"         if cls.InputType is NotImplemented:             raise NotImplementedError(f\"InputType must be defined in {cls.__name__}\")         adapter = TypeAdapter(cls.InputType)         schema = adapter.json_schema()         # Handle different schema structures         # Check for direct properties first (even if $defs exists for nested types)         if \"properties\" in schema and \"title\" in schema:             # Direct type definition (e.g., Domain, Ip, Website)             return {                 \"type\": schema.get(\"title\", \"Any\"),                 \"properties\": [                     {\"name\": prop, \"type\": resolve_type(info, schema)}                     for prop, info in schema[\"properties\"].items()                 ],             }         elif \"$defs\" in schema and schema[\"$defs\"] and \"$ref\" in schema:             # Reference to a type in $defs             type_name = schema[\"$ref\"].split(\"/\")[-1]             details = schema[\"$defs\"][type_name]             return {                 \"type\": type_name,                 \"properties\": [                     {\"name\": prop, \"type\": resolve_type(info, schema)}                     for prop, info in details[\"properties\"].items()                 ],             }         else:             # Fallback for unknown schema structures             return {                 \"type\": schema.get(\"title\", \"Any\"),                 \"properties\": [{\"name\": \"value\", \"type\": \"object\"}],             }"
                },
                {
                    "id": "Method:flowsint-core/src/flowsint_core/core/enricher_base.py:Enricher.generate_output_schema#0",
                    "name": "generate_output_schema",
                    "filePath": "flowsint-core/src/flowsint_core/core/enricher_base.py",
                    "nodeType": "Method",
                    "startLine": 305,
                    "endLine": 345,
                    "content": "    def generate_output_schema(cls) -> Dict[str, Any]:         \"\"\"         Helper method to generate output schema from OutputType class attribute.         Raises:             NotImplementedError: If OutputType is not defined in the subclass         \"\"\"         if cls.OutputType is NotImplemented:             raise NotImplementedError(f\"OutputType must be defined in {cls.__name__}\")         adapter = TypeAdapter(cls.OutputType)         schema = adapter.json_schema()         # Handle different schema structures         # Check for direct properties first (even if $defs exists for nested types)         if \"properties\" in schema and \"title\" in schema:             # Direct type definition (e.g., Domain, Ip, Website)             return {                 \"type\": schema.get(\"title\", \"Any\"),                 \"properties\": [                     {\"name\": prop, \"type\": resolve_type(info, schema)}                     for prop, info in schema[\"properties\"].items()                 ],             }         elif \"$defs\" in schema and schema[\"$defs\"] and \"$ref\" in schema:             # Reference to a type in $defs             type_name = schema[\"$ref\"].split(\"/\")[-1]             details = schema[\"$defs\"][type_name]             return {                 \"type\": type_name,                 \"properties\": [                     {\"name\": prop, \"type\": resolve_type(info, schema)}                     for prop, info in details[\"properties\"].items()                 ],             }         else:             # Fallback for unknown schema structures             return {                 \"type\": schema.get(\"title\", \"Any\"),                 \"properties\": [{\"name\": \"value\", \"type\": \"object\"}],             }"
                },
                {
                    "id": "Method:flowsint-core/src/flowsint_core/core/enricher_base.py:Enricher.scan#1",
                    "name": "scan",
                    "filePath": "flowsint-core/src/flowsint_core/core/enricher_base.py",
                    "nodeType": "Method",
                    "startLine": 348,
                    "endLine": 349,
                    "content": "    async def scan(self, values: List[str]) -> List[Dict[str, Any]]:         pass"
                },
                {
                    "id": "Method:flowsint-core/src/flowsint_core/core/enricher_base.py:Enricher.set_params#1",
                    "name": "set_params",
                    "filePath": "flowsint-core/src/flowsint_core/core/enricher_base.py",
                    "nodeType": "Method",
                    "startLine": 351,
                    "endLine": 352,
                    "content": "    def set_params(self, params: Dict[str, Any]) -> None:         self.params = params"
                },
                {
                    "id": "Method:flowsint-core/src/flowsint_core/core/enricher_base.py:Enricher.get_params#0",
                    "name": "get_params",
                    "filePath": "flowsint-core/src/flowsint_core/core/enricher_base.py",
                    "nodeType": "Method",
                    "startLine": 354,
                    "endLine": 355,
                    "content": "    def get_params(self) -> Dict[str, Any]:         return self.params"
                },
                {
                    "id": "Method:flowsint-core/src/flowsint_core/core/enricher_base.py:Enricher.get_secret#2",
                    "name": "get_secret",
                    "filePath": "flowsint-core/src/flowsint_core/core/enricher_base.py",
                    "nodeType": "Method",
                    "startLine": 357,
                    "endLine": 371,
                    "content": "    def get_secret(self, key_name: str, default: Any = None) -> Any:         \"\"\"         Get a secret value by key name.         The secret is automatically resolved from the vault during async_init.         Args:             key_name: The name of the secret parameter (e.g., \"WHOXY_API_KEY\")             default: Default value if secret is not found         Returns:             The secret value from the vault, or default if not found         \"\"\"         value = self.params.get(key_name, default)         # If the value is None, return the default instead (allows fallback to env vars)         return value if value is not None else default"
                },
                {
                    "id": "Method:flowsint-core/src/flowsint_core/core/enricher_base.py:Enricher._input_validation_context#0",
                    "name": "_input_validation_context",
                    "filePath": "flowsint-core/src/flowsint_core/core/enricher_base.py",
                    "nodeType": "Method",
                    "startLine": 373,
                    "endLine": 392,
                    "content": "    def _input_validation_context(self) -> tuple[TypeAdapter | None, str | None]:         if self.InputType is NotImplemented:             return None, None         base_type = self.InputType         adapter = TypeAdapter(base_type)         primary_field = None         if issubclass(base_type, BaseModel):             for name, field in base_type.model_fields.items():                 if field.json_schema_extra and field.json_schema_extra.get(\"primary\"):                     primary_field = name                     break             if primary_field is None:                 for name, field in base_type.model_fields.items():                     if field.is_required():                         primary_field = name                         break                 if primary_field is None:                     primary_field = next(iter(base_type.model_fields.keys()))         return adapter, primary_field"
                },
                {
                    "id": "Method:flowsint-core/src/flowsint_core/core/enricher_base.py:Enricher._validate_single_input#3",
                    "name": "_validate_single_input",
                    "filePath": "flowsint-core/src/flowsint_core/core/enricher_base.py",
                    "nodeType": "Method",
                    "startLine": 394,
                    "endLine": 408,
                    "content": "    def _validate_single_input(         self,         item: Any,         *,         adapter: TypeAdapter | None = None,         primary_field: str | None = None,     ) -> Any:         \"\"\"Validate one input using the same conversion rules as ``preprocess``.\"\"\"         if self.InputType is NotImplemented:             return item         if adapter is None:             adapter, primary_field = self._input_validation_context()         if isinstance(item, str) and primary_field:             item = {primary_field: item}         return adapter.validate_python(item)"
                },
                {
                    "id": "Method:flowsint-core/src/flowsint_core/core/enricher_base.py:Enricher.preprocess#1",
                    "name": "preprocess",
                    "filePath": "flowsint-core/src/flowsint_core/core/enricher_base.py",
                    "nodeType": "Method",
                    "startLine": 410,
                    "endLine": 444,
                    "content": "    def preprocess(self, values: List) -> List:         \"\"\"         Generic preprocess that validates and converts input using InputType.         Automatically handles dicts, objects, and strings (using the model's primary field).         Invalid items are skipped silently.         Note: InputType should be defined as the base type (e.g., Ip, Domain),         not as a List (e.g., List[Ip]). The preprocess method expects a list of values         and returns a list of validated InputType instances.         \"\"\"         if self.InputType is NotImplemented:             return values         adapter, primary_field = self._input_validation_context()         cleaned = []         for item in values:             try:                 cleaned.append(                     self._validate_single_input(                         item, adapter=adapter, primary_field=primary_field                     )                 )             except Exception:                 continue         if len(cleaned) == 0:             Logger.warn(                 self.sketch_id,                 {                     \"message\": f\"No valid input were provided to enricher '{self.name()}'.\"                 },             )             return values         return cleaned"
                },
                {
                    "id": "Method:flowsint-core/src/flowsint_core/core/enricher_base.py:Enricher._structured_execution_context#0",
                    "name": "_structured_execution_context",
                    "filePath": "flowsint-core/src/flowsint_core/core/enricher_base.py",
                    "nodeType": "Method",
                    "startLine": 447,
                    "endLine": 449,
                    "content": "    async def _structured_execution_context(self) -> AsyncIterator[Any]:         \"\"\"Provide optional shared resources for structured per-input processing.\"\"\"         yield None"
                },
                {
                    "id": "Method:flowsint-core/src/flowsint_core/core/enricher_base.py:Enricher._process_single_input_structured#2",
                    "name": "_process_single_input_structured",
                    "filePath": "flowsint-core/src/flowsint_core/core/enricher_base.py",
                    "nodeType": "Method",
                    "startLine": 451,
                    "endLine": 455,
                    "content": "    async def _process_single_input_structured(         self, input_obj: Any, context: Any     ) -> List[Any]:         \"\"\"Process one validated input; subclasses can preserve richer grouping.\"\"\"         return await self.scan([input_obj])"
                },
                {
                    "id": "Method:flowsint-core/src/flowsint_core/core/enricher_base.py:Enricher._build_structured_evidence#2",
                    "name": "_build_structured_evidence",
                    "filePath": "flowsint-core/src/flowsint_core/core/enricher_base.py",
                    "nodeType": "Method",
                    "startLine": 457,
                    "endLine": 461,
                    "content": "    def _build_structured_evidence(         self, input_obj: Any, input_ref: str     ) -> tuple[EvidenceEnvelope, ...]:         \"\"\"Return retainable evidence captured while processing one input.\"\"\"         return ()"
                },
                {
                    "id": "Method:flowsint-core/src/flowsint_core/core/enricher_base.py:Enricher._classify_structured_exception#1",
                    "name": "_classify_structured_exception",
                    "filePath": "flowsint-core/src/flowsint_core/core/enricher_base.py",
                    "nodeType": "Method",
                    "startLine": 463,
                    "endLine": 506,
                    "content": "    def _classify_structured_exception(self, error: Exception) -> RedactedDiagnostic:         \"\"\"Classify failures without retaining exception text or request data.\"\"\"         if isinstance(error, (InvalidEnricherParams, ValidationError)):             return RedactedDiagnostic(                 code=\"validation_error\",                 safe_message=\"Input validation failed.\",                 retryable=False,             )         if isinstance(error, httpx.TimeoutException):             return RedactedDiagnostic(                 code=\"timeout\",                 safe_message=\"The operation timed out.\",                 retryable=True,             )         if isinstance(error, httpx.HTTPStatusError):             status_code = error.response.status_code             if status_code == 429:                 return RedactedDiagnostic(                     code=\"http_rate_limited\",                     safe_message=\"The remote service rate limited the request.\",                     retryable=True,                 )             if 500 <= status_code < 600:                 return RedactedDiagnostic(                     code=\"http_server_error\",                     safe_message=\"The remote service failed.\",                     retryable=True,                 )             if 400 <= status_code < 500:                 return RedactedDiagnostic(                     code=\"http_client_error\",                     safe_message=\"The remote service rejected the request.\",                     retryable=False,                 )             return RedactedDiagnostic(                 code=\"http_error\",                 safe_message=\"The remote service returned an HTTP error.\",                 retryable=False,             )         return RedactedDiagnostic(             code=\"unexpected_error\",             safe_message=\"Unexpected processing failure.\",             retryable=False,         )"
                },
                {
                    "id": "Method:flowsint-core/src/flowsint_core/core/enricher_base.py:Enricher._classify_structured_success#2",
                    "name": "_classify_structured_success",
                    "filePath": "flowsint-core/src/flowsint_core/core/enricher_base.py",
                    "nodeType": "Method",
                    "startLine": 508,
                    "endLine": 513,
                    "content": "    def _classify_structured_success(         self,         outputs: tuple[Any, ...],         evidence: tuple[EvidenceEnvelope, ...],     ) -> tuple[OutcomeStatus, RedactedDiagnostic | None]:         return OutcomeStatus.SUCCESS, None"
                },
                {
                    "id": "Method:flowsint-core/src/flowsint_core/core/enricher_base.py:Enricher._execute_structured_input#4",
                    "name": "_execute_structured_input",
                    "filePath": "flowsint-core/src/flowsint_core/core/enricher_base.py",
                    "nodeType": "Method",
                    "startLine": 515,
                    "endLine": 563,
                    "content": "    async def _execute_structured_input(         self,         original_input: Any,         context: Any,         *,         adapter: TypeAdapter | None = None,         primary_field: str | None = None,     ) -> InputOutcome:         input_ref = canonical_input_hash(original_input)         try:             input_obj = self._validate_single_input(                 original_input, adapter=adapter, primary_field=primary_field             )         except Exception as error:             return InputOutcome(                 input_ref=input_ref,                 status=OutcomeStatus.FAILURE,                 diagnostic=self._classify_structured_exception(error),             )         outputs: tuple[Any, ...] = ()         diagnostic: RedactedDiagnostic | None = None         status = OutcomeStatus.SUCCESS         try:             processed = await self._process_single_input_structured(input_obj, context)             outputs = tuple(self.postprocess(processed, [input_obj]))         except Exception as error:             status = OutcomeStatus.FAILURE             diagnostic = self._classify_structured_exception(error)         try:             evidence = self._build_structured_evidence(input_obj, input_ref)         except Exception as error:             evidence = ()             status = OutcomeStatus.FAILURE             diagnostic = self._classify_structured_exception(error)         if status is OutcomeStatus.SUCCESS:             status, diagnostic = self._classify_structured_success(outputs, evidence)         if status is not OutcomeStatus.SUCCESS:             outputs = ()         return InputOutcome(             input_ref=input_ref,             status=status,             outputs=outputs,             diagnostic=diagnostic,             evidence=evidence,         )"
                },
                {
                    "id": "Method:flowsint-core/src/flowsint_core/core/enricher_base.py:Enricher.execute_structured#1",
                    "name": "execute_structured",
                    "filePath": "flowsint-core/src/flowsint_core/core/enricher_base.py",
                    "nodeType": "Method",
                    "startLine": 565,
                    "endLine": 622,
                    "content": "    async def execute_structured(self, values: List[Any]) -> StructuredExecutionResult:         \"\"\"Execute independently per original input without flattening outputs.\"\"\"         outcomes: list[InputOutcome] = []         if self.name() != \"enricher_orchestrator\":             Logger.info(self.sketch_id, {\"message\": f\"Enricher {self.name()} started.\"})         try:             await self.async_init()         except Exception as error:             diagnostic = self._classify_structured_exception(error)             outcomes = [                 InputOutcome(                     input_ref=canonical_input_hash(value),                     status=OutcomeStatus.FAILURE,                     diagnostic=diagnostic,                 )                 for value in values             ]         else:             try:                 adapter, primary_field = self._input_validation_context()                 async with self._structured_execution_context() as context:                     for value in values:                         outcomes.append(                             await self._execute_structured_input(                                 value,                                 context,                                 adapter=adapter,                                 primary_field=primary_field,                             )                         )             except Exception as error:                 diagnostic = self._classify_structured_exception(error)                 for value in values[len(outcomes) :]:                     outcomes.append(                         InputOutcome(                             input_ref=canonical_input_hash(value),                             status=OutcomeStatus.FAILURE,                             diagnostic=diagnostic,                         )                     )         finally:             try:                 self._graph_service.flush()             except Exception:                 Logger.error(                     self.sketch_id,                     {\"message\": f\"Enricher {self.name()} graph flush failed.\"},                 )         if self.name() != \"enricher_orchestrator\":             Logger.completed(                 self.sketch_id, {\"message\": f\"Enricher {self.name()} finished.\"}             )         return StructuredExecutionResult(             enricher_name=self.name(),             outcomes=tuple(outcomes),         )"
                },
                {
                    "id": "Method:flowsint-core/src/flowsint_core/core/enricher_base.py:Enricher.postprocess#2",
                    "name": "postprocess",
                    "filePath": "flowsint-core/src/flowsint_core/core/enricher_base.py",
                    "nodeType": "Method",
                    "startLine": 624,
                    "endLine": 627,
                    "content": "    def postprocess(         self, results: List[Dict[str, Any]], input_data: List[str] = None     ) -> List[Dict[str, Any]]:         return results"
                },
                {
                    "id": "Method:flowsint-core/src/flowsint_core/core/enricher_base.py:Enricher.execute#1",
                    "name": "execute",
                    "filePath": "flowsint-core/src/flowsint_core/core/enricher_base.py",
                    "nodeType": "Method",
                    "startLine": 630,
                    "endLine": 655,
                    "content": "    async def execute(self, values: List[Any]) -> List[Dict[str, Any]]:         if self.name() != \"enricher_orchestrator\":             Logger.info(self.sketch_id, {\"message\": f\"Enricher {self.name()} started.\"})         try:             await self.async_init()             preprocessed = self.preprocess(values)             results = await self.scan(preprocessed)             processed = self.postprocess(results, preprocessed)             # Flush any pending batch operations             self._graph_service.flush()             if self.name() != \"enricher_orchestrator\":                 Logger.completed(                     self.sketch_id, {\"message\": f\"Enricher {self.name()} finished.\"}                 )             return processed         except Exception:             if self.name() != \"enricher_orchestrator\":                 Logger.error(                     self.sketch_id,                     {\"message\": f\"Enricher {self.name()} errored.\"},                 )             return []"
                },
                {
                    "id": "Method:flowsint-core/src/flowsint_core/core/enricher_base.py:Enricher.create_node#1",
                    "name": "create_node",
                    "filePath": "flowsint-core/src/flowsint_core/core/enricher_base.py",
                    "nodeType": "Method",
                    "startLine": 657,
                    "endLine": 676,
                    "content": "    def create_node(self, node_obj) -> None:         \"\"\"         Create a single Neo4j node.         The following properties are automatically added to every node:         - type: Lowercase version of node_type         - sketch_id: Current sketch ID from enricher context         - label: Automatically computed by FlowsintType, or defaults to key_value if not provided         - created_at: ISO 8601 UTC timestamp (only on creation, not updates)         Use Pydantic object directly:             ```python             self.create_node(ip)             ```         Args:             node_obj: Either a Pydantic object or node label string             **properties: Additional node properties or overrides         \"\"\"         self._graph_service.create_node_from_flowsint_type(node_obj=node_obj)"
                },
                {
                    "id": "Method:flowsint-core/src/flowsint_core/core/enricher_base.py:Enricher.create_relationship#3",
                    "name": "create_relationship",
                    "filePath": "flowsint-core/src/flowsint_core/core/enricher_base.py",
                    "nodeType": "Method",
                    "startLine": 678,
                    "endLine": 700,
                    "content": "    def create_relationship(         self,         from_obj,         to_obj,         rel_label=\"IS_RELATED_TO\",     ) -> None:         \"\"\"         Create a relationship between two nodes.         Best Practice - Use Pydantic objects directly:             ```python             self.create_relationship(individual, domain, \"HAS_DOMAIN\")             self.create_relationship(email, breach, \"FOUND_IN_BREACH\")             ```         Args:             from_obj: Either a Pydantic object (source) or source node label             to_obj: Either a Pydantic object (target) or source node key property             rel_label: Either relationship type (Pydantic) or source node key value         \"\"\"         self._graph_service.create_relationship(             from_obj=from_obj, to_obj=to_obj, rel_label=rel_label         )"
                },
                {
                    "id": "Method:flowsint-core/src/flowsint_core/core/enricher_base.py:Enricher.log_graph_message#1",
                    "name": "log_graph_message",
                    "filePath": "flowsint-core/src/flowsint_core/core/enricher_base.py",
                    "nodeType": "Method",
                    "startLine": 702,
                    "endLine": 709,
                    "content": "    def log_graph_message(self, message: str) -> None:         \"\"\"         Log a graph operation message.         Args:             message: Message to log         \"\"\"         self._graph_service.log_graph_message(message)"
                },
                {
                    "id": "Method:flowsint-core/src/flowsint_core/core/enricher_base.py:Enricher.graph_service#0",
                    "name": "graph_service",
                    "filePath": "flowsint-core/src/flowsint_core/core/enricher_base.py",
                    "nodeType": "Method",
                    "startLine": 712,
                    "endLine": 719,
                    "content": "    def graph_service(self) -> GraphService:         \"\"\"         Get the graph service instance.         Returns:             GraphService instance for advanced operations         \"\"\"         return self._graph_service"
                },
                {
                    "id": "Function:flowsint-core/src/flowsint_core/core/enricher_base.py:build_params_model",
                    "name": "build_params_model",
                    "filePath": "flowsint-core/src/flowsint_core/core/enricher_base.py",
                    "nodeType": "Function",
                    "startLine": 29,
                    "endLine": 59,
                    "content": "def build_params_model(params_schema: list) -> BaseModel:     \"\"\"     Build a strict Pydantic model from a params_schema.     Unknown fields will raise a validation error.     Note: Vault secrets are always optional in the Pydantic model to allow     for deferred configuration. Required validation happens after vault resolution.     \"\"\"     fields: Dict[str, Any] = {}     for param in params_schema:         name = param[\"name\"]         param_type = param.get(\"type\", \"string\")         field_type = bool if param_type == \"bool\" else str         required = param.get(\"required\", False)         # Vault secrets are always optional in Pydantic validation         # Required validation happens after vault resolution         if param_type == \"vaultSecret\":             default = param.get(\"default\", None)         else:             default = ... if required else param.get(\"default\")         fields[name] = (             Optional[field_type],             Field(default=default, description=param.get(\"description\", \"\")),         )     model = create_model(\"ParamsModel\", __config__=ConfigDict(extra=\"forbid\"), **fields)     return model"
                },
                {
                    "id": "Class:flowsint-core/src/flowsint_core/core/enricher_base.py:Enricher",
                    "name": "Enricher",
                    "filePath": "flowsint-core/src/flowsint_core/core/enricher_base.py",
                    "nodeType": "Class",
                    "startLine": 62,
                    "endLine": 719,
                    "content": "class Enricher(ABC):     \"\"\"     Abstract base class for all enrichers.     ## InputType and OutputType Pattern     Enrichers only need to define InputType and OutputType as class attributes.     The base class automatically handles schema generation:     ```python     from typing import List     from flowsint_types import Domain     from flowsint_types import Ip     class MyEnricher(Enricher):         # Define types as class attributes (base types, not lists)         InputType = Domain         OutputType = Ip         @classmethod         def name(cls):             return \"my_enricher\"         @classmethod         def category(cls):             return \"Domain\"         @classmethod         def key(cls):             return \"domain\"         # preprocess receives a list and returns a list of validated InputType instances         def preprocess(self, data: List) -> List[InputType]:             # Generic implementation handles validation automatically             return super().preprocess(data)         # scan receives a list of InputType and returns a list of OutputType         async def scan(self, data: List[InputType]) -> List[OutputType]:             results: List[OutputType] = []             # ... implementation             return results     # Make types available at module level for easy access     InputType = MyEnricher.InputType     OutputType = MyEnricher.OutputType     ```     The base class automatically provides:     - Generic preprocess() that validates inputs using InputType     - input_schema() method using InputType     - output_schema() method using OutputType     - Error handling for missing type definitions     - Consistent schema generation across all enrichers     Subclasses can override input_schema() or output_schema() if needed for special cases.     \"\"\"     # Abstract type aliases that must be defined in subclasses for runtime use     InputType = NotImplemented     OutputType = NotImplemented     def __init__(         self,         sketch_id: Optional[str] = None,         scan_id: Optional[str] = None,         params_schema: Optional[List[Dict[str, Any]]] = None,         vault: Optional[VaultProtocol] = None,         params: Optional[Dict[str, Any]] = None,         graph_service: Optional[GraphService] = None,     ):         self.scan_id = scan_id or \"default\"         self.sketch_id = sketch_id or \"system\"         self.vault = vault         self.params_schema = params_schema or []         self.ParamsModel = build_params_model(self.params_schema)         self.params: Dict[str, Any] = params or {}         # Initialize graph service (uses singleton connection by default)         if graph_service:             self._graph_service = graph_service         else:             self._graph_service = create_graph_service(                 sketch_id=self.sketch_id,                 enable_batching=True,             )         # Params is filled synchronously by the constructor. This params is generally constructed of         # vaultSecret references, not the key directly. The idea is that the real key values are resolved after calling         # async_init(), right before the execution.     async def async_init(self):         self.ParamsModel = build_params_model(self.params_schema)         # Always resolve parameters, even if self.params is empty         # This allows vault secrets to be fetched by name from params_schema         resolved_params = self.resolve_params()         # Strict validation after resolution         try:             validated = self.ParamsModel(**resolved_params)             self.params = validated.model_dump()         except ValidationError as e:             raise InvalidEnricherParams(                 f\"Enricher '{self.name()}' received invalid parameters: {e}\"             )     def resolve_params(self) -> Dict[str, Any]:         resolved = {}         for param in self.params_schema:             param_name = param[\"name\"]             param_type = param.get(\"type\", \"string\")             if param_type == \"vaultSecret\":                 # For vault secrets, try to get from vault by name or ID                 secret = None                 if self.vault is not None:                     # First, check if user provided a specific vault ID in params                     if param_name in self.params and self.params[param_name]:                         secret = self.vault.get_secret(self.params[param_name])                     # Otherwise, try to get the secret by the param name itself                     if secret is None:                         secret = self.vault.get_secret(param_name)                     if secret is not None:                         resolved[param_name] = secret                     elif param.get(\"required\", False):                         raise Exception(                             f\"Required vault secret '{param_name}' is missing. Please go to the Vault settings and create a '{param_name}' key.\"                         )                 # If no ... [truncated]"
                }
            ]
        },
        {
            "filePath": "flowsint-core/src/flowsint_core/core/logger.py",
            "count": 5,
            "symbols": [
                {
                    "id": "Method:flowsint-core/src/flowsint_core/core/logger.py:LoggerSingleton._log#3",
                    "name": "_log",
                    "filePath": "flowsint-core/src/flowsint_core/core/logger.py",
                    "nodeType": "Method",
                    "startLine": 201,
                    "endLine": 235,
                    "content": "    def _log(         self, sketch_id: Union[str, UUID], level: EventLevel, content: Dict     ) -> None:         \"\"\"         Internal logging method.         Process:         1. Capture timestamp and sequence number immediately         2. Emit event immediately (real-time UI)         3. Queue for batch insertion with ordering info (performance)         Args:             sketch_id: Sketch ID for log routing             level: Log level             content: Log content/message         \"\"\"         # Capture timestamp and sequence at the time of logging (not insertion)         sequence = self._get_next_sequence()         timestamp = datetime.now(timezone.utc)         # Generate a temporary ID for immediate event emission         import uuid         temp_log_id = str(uuid.uuid4())         # 1. IMMEDIATE: Emit event for real-time display         self._emit_event(temp_log_id, str(sketch_id), level, content)         # 2. BATCHED: Queue for database insertion with ordering info         # Format: (sequence, timestamp, sketch_id, level, content)         self._log_queue.put((sequence, timestamp, str(sketch_id), level, content))         # 3. Check if we should flush immediately (batch size reached)         if self._log_queue.qsize() >= self._batch_size:             self._flush_batch()"
                },
                {
                    "id": "Method:flowsint-core/src/flowsint_core/core/logger.py:LoggerSingleton.info#2",
                    "name": "info",
                    "filePath": "flowsint-core/src/flowsint_core/core/logger.py",
                    "nodeType": "Method",
                    "startLine": 239,
                    "endLine": 241,
                    "content": "    def info(self, sketch_id: Union[str, UUID], message: Dict) -> None:         \"\"\"Log an info message.\"\"\"         self._log(sketch_id, EventLevel.INFO, message)"
                },
                {
                    "id": "Method:flowsint-core/src/flowsint_core/core/logger.py:LoggerSingleton.error#2",
                    "name": "error",
                    "filePath": "flowsint-core/src/flowsint_core/core/logger.py",
                    "nodeType": "Method",
                    "startLine": 243,
                    "endLine": 245,
                    "content": "    def error(self, sketch_id: Union[str, UUID], message: Dict) -> None:         \"\"\"Log an error message.\"\"\"         self._log(sketch_id, EventLevel.FAILED, message)"
                },
                {
                    "id": "Method:flowsint-core/src/flowsint_core/core/logger.py:LoggerSingleton.warn#2",
                    "name": "warn",
                    "filePath": "flowsint-core/src/flowsint_core/core/logger.py",
                    "nodeType": "Method",
                    "startLine": 247,
                    "endLine": 249,
                    "content": "    def warn(self, sketch_id: Union[str, UUID], message: Dict) -> None:         \"\"\"Log a warning message.\"\"\"         self._log(sketch_id, EventLevel.WARNING, message)"
                },
                {
                    "id": "Method:flowsint-core/src/flowsint_core/core/logger.py:LoggerSingleton.completed#2",
                    "name": "completed",
                    "filePath": "flowsint-core/src/flowsint_core/core/logger.py",
                    "nodeType": "Method",
                    "startLine": 259,
                    "endLine": 276,
                    "content": "    def completed(self, sketch_id: Union[str, UUID], message: Dict) -> None:         \"\"\"Log a completed message.\"\"\"         self._log(sketch_id, EventLevel.COMPLETED, message)         # Also publish to status channel for graph refresh         try:             import uuid             temp_log_id = str(uuid.uuid4())             from ..tasks.event import emit_status_event_task             emit_status_event_task.apply(                 args=[temp_log_id, str(sketch_id), EventLevel.COMPLETED, message]             )         except Exception as e:             import logging             logging.error(f\"Failed to emit status event: {e}\")"
                }
            ]
        },
        {
            "filePath": "flowsint-core/src/flowsint_execution/artifacts.py",
            "count": 5,
            "symbols": [
                {
                    "id": "Method:flowsint-core/src/flowsint_execution/artifacts.py:NormalizedSource.reproduce#1",
                    "name": "reproduce",
                    "filePath": "flowsint-core/src/flowsint_execution/artifacts.py",
                    "nodeType": "Method",
                    "startLine": 105,
                    "endLine": 109,
                    "content": "    def reproduce(self, body: bytes) -> str:         recomputed = normalize_html(body)         if self != recomputed:             raise ValueError(\"normalized_source_mismatch\")         return recomputed.text"
                },
                {
                    "id": "Method:flowsint-core/src/flowsint_execution/artifacts.py:FilesystemArtifactStore.write#2",
                    "name": "write",
                    "filePath": "flowsint-core/src/flowsint_execution/artifacts.py",
                    "nodeType": "Method",
                    "startLine": 202,
                    "endLine": 249,
                    "content": "    def write(self, body: bytes, metadata: dict[str, Any]) -> None:         digest, snapshot_id = hashlib.sha256(body).hexdigest(), metadata.get(\"snapshot_id\")         if len(body) > _MAX_ARTIFACT_BYTES or not isinstance(snapshot_id, str) or not re.fullmatch(r\"[a-f0-9]{32}\", snapshot_id):             raise ValueError(\"invalid artifact\")         record_bytes = _canonical(metadata)         if len(record_bytes) > _MAX_METADATA_BYTES: raise ValueError(\"oversized metadata\")         root_fd = self._root_fd()         try:             objects_fd = self._dir(root_fd, \"objects\")             try:                 try: os.mkdir(digest[:2], 0o700, dir_fd=objects_fd)                 except FileExistsError: pass                 prefix_fd = self._dir(objects_fd, digest[:2])                 try:                     name = f\"{digest}.body\"                     temporary = f\".{digest}.{secrets.token_hex(8)}.tmp\"                     object_fd = os.open(temporary, os.O_WRONLY | os.O_CREAT | os.O_EXCL | os.O_NOFOLLOW, 0o600, dir_fd=prefix_fd)                     try:                         try:                             self._write_all(object_fd, body); os.fsync(object_fd)                         finally: os.close(object_fd)                         try: os.link(temporary, name, src_dir_fd=prefix_fd, dst_dir_fd=prefix_fd, follow_symlinks=False)                         except FileExistsError:                             object_fd = os.open(name, os.O_RDONLY | os.O_NOFOLLOW, dir_fd=prefix_fd)                             try:                                 if self._read_bounded(object_fd, len(body)) != body: raise OSError(\"artifact collision\")                             finally: os.close(object_fd)                     finally:                         os.unlink(temporary, dir_fd=prefix_fd)                 finally: os.close(prefix_fd)             finally: os.close(objects_fd)             records_fd = self._dir(root_fd, \"records\")             try:                 temporary = f\".{snapshot_id}.{secrets.token_hex(8)}.tmp\"                 fd = os.open(temporary, os.O_WRONLY | os.O_CREAT | os.O_EXCL | os.O_NOFOLLOW, 0o600, dir_fd=records_fd)                 try:                     try: self._write_all(fd, record_bytes); os.fsync(fd)                     finally: os.close(fd)                     os.link(temporary, f\"{snapshot_id}.json\", src_dir_fd=records_fd, dst_dir_fd=records_fd, follow_symlinks=False)                 finally:                     os.unlink(temporary, dir_fd=records_fd)             finally: os.close(records_fd)             fd = os.open(\"lineage.jsonl\", os.O_WRONLY | os.O_CREAT | os.O_APPEND | os.O_NOFOLLOW, 0o600, dir_fd=root_fd)             try:                 fcntl.flock(fd, fcntl.LOCK_EX)                 self._write_all(fd, record_bytes + b\"\\n\")             finally: os.close(fd)         finally: os.close(root_fd)"
                },
                {
                    "id": "Function:flowsint-core/src/flowsint_execution/artifacts.py:_canonical",
                    "name": "_canonical",
                    "filePath": "flowsint-core/src/flowsint_execution/artifacts.py",
                    "nodeType": "Function",
                    "startLine": 132,
                    "endLine": 133,
                    "content": "def _canonical(value: Any) -> bytes:     return json.dumps(value, sort_keys=True, separators=(\",\", \":\"), ensure_ascii=True).encode()"
                },
                {
                    "id": "Function:flowsint-core/src/flowsint_execution/artifacts.py:_bound",
                    "name": "_bound",
                    "filePath": "flowsint-core/src/flowsint_execution/artifacts.py",
                    "nodeType": "Function",
                    "startLine": 138,
                    "endLine": 148,
                    "content": "def _bound(context: ArtifactContext, decision: RetentionDecision, now: datetime) -> str | None:     if not _aware(now) or not _aware(decision.issued_at) or not _aware(decision.expires_at):         return \"malformed_policy_time\"     if now < decision.issued_at:         return \"policy_not_yet_valid\"     if now >= decision.expires_at:         return \"policy_expired\"     if (context.operation_id != decision.operation_id or context.caller_id != decision.caller_id             or context.scope != decision.scope or context.source_family != decision.source_family):         return \"authorization_mismatch\"     return None"
                },
                {
                    "id": "Function:flowsint-core/src/flowsint_execution/artifacts.py:capture_source",
                    "name": "capture_source",
                    "filePath": "flowsint-core/src/flowsint_execution/artifacts.py",
                    "nodeType": "Function",
                    "startLine": 273,
                    "endLine": 326,
                    "content": "def capture_source(store: FilesystemArtifactStore, context: ArtifactContext,                    decision: RetentionDecision | None, body: bytes | None, *, complete: bool = True,                    normalized: NormalizedSource | None = None, now: datetime | None = None,                    cancelled: Callable[[], bool] | None = None) -> CaptureResult:     current = now or datetime.now(timezone.utc)     if cancelled is not None and cancelled(): return CaptureResult(ArtifactState.HOLD, \"capture_cancelled\")     if body is None: return CaptureResult(ArtifactState.REVIEW, \"body_missing\")     if not complete: return CaptureResult(ArtifactState.REVIEW, \"truncated_body\")     if decision is None: return CaptureResult(ArtifactState.HOLD, \"retention_policy_unavailable\")     mismatch = _bound(context, decision, current)     if mismatch: return CaptureResult(ArtifactState.REVIEW, mismatch)     if normalized is not None and not decision.retain_normalized_text:         return CaptureResult(ArtifactState.HOLD, \"normalized_retention_prohibited\")     if normalized is not None:         try: normalized.reproduce(body)         except (ValueError, UnicodeDecodeError): return CaptureResult(ArtifactState.REVIEW, \"normalized_source_mismatch\")     if cancelled is not None and cancelled(): return CaptureResult(ArtifactState.HOLD, \"capture_cancelled\")     digest, snapshot_id = hashlib.sha256(body).hexdigest(), secrets.token_hex(16)     artifact = ArtifactReference(artifact_id=f\"artifact-{snapshot_id}\", snapshot_id=snapshot_id,         content_digest=digest, byte_length=len(body), locator=f\"sha256:{digest}\", source_family=context.source_family,         origin=context.origin, retrieved_at=context.retrieved_at, event_at=context.event_at,         requested_url=context.requested_url, final_url=context.final_url)     metadata = {\"snapshot_id\": snapshot_id, \"artifact_id\": artifact.artifact_id,         \"operation_id\": context.operation_id, \"occurrence_id\": context.occurrence_id,         \"caller_id\": context.caller_id, \"scope\": context.scope, \"source_family\": context.source_family,         \"origin\": context.origin, \"requested_url\": context.requested_url, \"final_url\": context.final_url,         \"retrieved_at\": context.retrieved_at.isoformat(), \"event_at\": context.event_at.isoformat() if context.event_at else None,         \"content_digest\": digest, \"byte_length\": len(body), \"policy_digest\": decision.policy_digest,         \"policy_id\": decision.policy_id, \"issuer_id\": decision.issuer_id, \"reviewer_id\": decision.reviewer_id,         \"issued_at\": decision.issued_at.isoformat(), \"expires_at\": decision.expires_at.isoformat(),         \"retain_body\": decision.retain_body, \"retain_normalized_text\": decision.retain_normalized_text,         \"normalized\": ({\"text\": normalized.text, \"spans\": [asdict(s) for s in normalized.spans],                         \"source_digest\": normalized.source_digest} if normalized else None)}     if normalized is not None:         wire_spans = [SourceProofSpanReference(             span_id=f\"span-{snapshot_id}-{index}\", artifact_id=artifact.artifact_id,             byte_start=span.raw_start, byte_end=span.raw_end,             normalized_start=span.normalized_start, normalized_end=span.normalized_end,             raw_offset_unit=\"byte\", normalized_offset_unit=\"unicode_code_point\",             source_encoding=\"utf-8\",         ).model_dump(mode=\"json\") for index, span in enumerate(normalized.spans)]         proof_payload = {\"format_version\": \"source-proof/1.0\", \"input_ref\": \"0\" * 64,             \"context\": context.model_dump(mode=\"json\"), \"decision\": decision.model_dump(mode=\"json\"),             \"artifact\": artifact.model_dump(mode=\"json\"), \"spans\": wire_spans}         proof_raw = _canonical(proof_payload)         encoded_size = 4 + ((len(proof_raw) * 4 + 2) // 3)         if encoded_size > _MAX_EVIDENCE_PROOF_BYTES:             return CaptureResult(ArtifactState.REVIEW, \"source_proof_too_large\")     if cancelled is not None and cancelled(): return CaptureResult(ArtifactState.HOLD, \"capture_cancelled\")     try: store.write(body, metadata)     except (FileNotFoundError, PermissionError): return CaptureResult(ArtifactState.HOLD, \"artifact_store_unavailable\")     except (OSError, ValueError, TypeError): return CaptureResult(ArtifactState.REVIEW, \"artifact_store_invalid\")     if cancelled is not None and cancelled(): return CaptureResult(ArtifactState.HOLD, \"capture_cancelled\")     return CaptureResult(ArtifactState.AVAILABLE, \"retained\", artifact)"
                }
            ]
        },
        {
            "filePath": "flowsint-core/src/flowsint_core/utils.py",
            "count": 1,
            "symbols": [
                {
                    "id": "Function:flowsint-core/src/flowsint_core/utils.py:resolve_type",
                    "name": "resolve_type",
                    "filePath": "flowsint-core/src/flowsint_core/utils.py",
                    "nodeType": "Function",
                    "startLine": 131,
                    "endLine": 159,
                    "content": "def resolve_type(details: dict, schema_context: dict = None) -> str:     if \"anyOf\" in details:         types = []         for option in details[\"anyOf\"]:             if \"$ref\" in option:                 ref = option[\"$ref\"].split(\"/\")[-1]                 types.append(ref)             elif option.get(\"type\") == \"array\":                 # Handle array types within anyOf                 item_type = resolve_type(option.get(\"items\", {}), schema_context)                 types.append(f\"{item_type}[]\")             else:                 types.append(option.get(\"type\", \"unknown\"))         return \" | \".join(types)     if \"type\" in details:         if details[\"type\"] == \"array\":             item_type = resolve_type(details.get(\"items\", {}), schema_context)             return f\"{item_type}[]\"         return details[\"type\"]     # Handle $ref in array items or other contexts     if \"$ref\" in details and schema_context:         ref_path = details[\"$ref\"]         if ref_path.startswith(\"#/$defs/\"):             ref_name = ref_path.split(\"/\")[-1]             return ref_name     return \"any\""
                }
            ]
        },
        {
            "filePath": "flowsint-core/src/flowsint_execution/artifact_runtime.py",
            "count": 3,
            "symbols": [
                {
                    "id": "Function:flowsint-core/src/flowsint_execution/artifact_runtime.py:_policy_digest",
                    "name": "_policy_digest",
                    "filePath": "flowsint-core/src/flowsint_execution/artifact_runtime.py",
                    "nodeType": "Function",
                    "startLine": 94,
                    "endLine": 97,
                    "content": "def _policy_digest(policy: dict[str, Any]) -> str:     content = {key: value for key, value in policy.items() if key != \"content_digest\"}     canonical = json.dumps(content, ensure_ascii=True, sort_keys=True, separators=(\",\", \":\"))     return hashlib.sha256(canonical.encode(\"utf-8\")).hexdigest()"
                },
                {
                    "id": "Function:flowsint-core/src/flowsint_execution/artifact_runtime.py:load_artifact_runtime",
                    "name": "load_artifact_runtime",
                    "filePath": "flowsint-core/src/flowsint_execution/artifact_runtime.py",
                    "nodeType": "Function",
                    "startLine": 100,
                    "endLine": 151,
                    "content": "def load_artifact_runtime(     *,     caller_id: str,     scope: str,     source_family: str,     config_path: str | os.PathLike[str] | None = None,     now: datetime | None = None, ) -> ArtifactRuntime | None:     \"\"\"Load the current matching reviewed policy, or fail closed with ``None``.\"\"\"     selected_path = Path(config_path) if config_path is not None else None     if selected_path is None:         configured = os.environ.get(RUNTIME_CONFIG_ENV)         if not configured:             return None         selected_path = Path(configured)     try:         raw_bytes = selected_path.read_bytes()         raw = json.loads(raw_bytes)         config = ArtifactRuntimeConfig.model_validate_json(raw_bytes, strict=True)     except (OSError, ValueError, json.JSONDecodeError):         return None     current = now or datetime.now(timezone.utc)     matches = []     for raw_policy, policy in zip(raw.get(\"policies\", ()), config.policies, strict=True):         if _policy_digest(raw_policy) != policy.content_digest:             continue         if (             policy.caller_id == caller_id             and policy.scope == scope             and policy.source_family == source_family             and policy.issued_at <= current < policy.expires_at         ):             matches.append(policy)     if len(matches) != 1:         return None     policy = matches[0]     authority = RetentionAuthority(         issuer_id=policy.issuer_id,         reviewer_id=policy.reviewer_id,         policy_id=policy.policy_id,         policy_digest=policy.content_digest,         caller_id=policy.caller_id,         scope=policy.scope,         source_family=policy.source_family,         expires_at=policy.expires_at,         retain_normalized_text=policy.retain_normalized_text,     )     try:         store = FilesystemArtifactStore(config.store_root)     except OSError:         return None     return ArtifactRuntime(store=store, authority=authority)"
                },
                {
                    "id": "Function:flowsint-core/src/flowsint_execution/artifact_runtime.py:encode_source_proof",
                    "name": "encode_source_proof",
                    "filePath": "flowsint-core/src/flowsint_execution/artifact_runtime.py",
                    "nodeType": "Function",
                    "startLine": 154,
                    "endLine": 159,
                    "content": "def encode_source_proof(proof: PersistedSourceProof) -> str:     raw = proof.model_dump_json(warnings=\"error\").encode(\"utf-8\")     encoded = \"sp1.\" + base64.urlsafe_b64encode(raw).rstrip(b\"=\").decode(\"ascii\")     if len(encoded) > 8 * 1024 * 1024:         raise ValueError(\"source_proof_too_large\")     return encoded"
                }
            ]
        },
        {
            "filePath": "flowsint-core/src/flowsint_execution/models.py",
            "count": 2,
            "symbols": [
                {
                    "id": "Function:flowsint-core/src/flowsint_execution/models.py:_canonicalize_input",
                    "name": "_canonicalize_input",
                    "filePath": "flowsint-core/src/flowsint_execution/models.py",
                    "nodeType": "Function",
                    "startLine": 96,
                    "endLine": 136,
                    "content": "def _canonicalize_input(value: Any) -> Any:     \"\"\"Convert supported input values to a deterministic JSON-compatible shape.\"\"\"     if isinstance(value, BaseModel):         return _canonicalize_input(             value.model_dump(mode=\"json\", by_alias=True, exclude_none=False)         )     if isinstance(value, Mapping):         return {             str(key): _canonicalize_input(item)             for key, item in sorted(value.items(), key=lambda item: str(item[0]))         }     if isinstance(value, (list, tuple)):         return [_canonicalize_input(item) for item in value]     if isinstance(value, (set, frozenset)):         canonical_items = [_canonicalize_input(item) for item in value]         return sorted(             canonical_items,             key=lambda item: json.dumps(                 item, ensure_ascii=False, separators=(\",\", \":\"), sort_keys=True             ),         )     if isinstance(value, float):         if math.isnan(value):             return {\"float\": \"nan\"}         if math.isinf(value):             return {\"float\": \"infinity\" if value > 0 else \"-infinity\"}         return value     if isinstance(value, Enum):         return _canonicalize_input(value.value)     if isinstance(value, datetime):         if value.tzinfo is not None and value.utcoffset() is not None:             value = value.astimezone(timezone.utc)         return value.isoformat()     if isinstance(value, bytes):         return {\"bytes_base64\": base64.b64encode(value).decode(\"ascii\")}     if value is None or isinstance(value, (bool, int, str)):         return value     if hasattr(value, \"model_dump\"):         return _canonicalize_input(value.model_dump(mode=\"json\"))     return {\"type\": f\"{type(value).__module__}.{type(value).__qualname__}\"}"
                },
                {
                    "id": "Function:flowsint-core/src/flowsint_execution/models.py:canonical_input_hash",
                    "name": "canonical_input_hash",
                    "filePath": "flowsint-core/src/flowsint_execution/models.py",
                    "nodeType": "Function",
                    "startLine": 139,
                    "endLine": 149,
                    "content": "def canonical_input_hash(value: Any) -> str:     \"\"\"Return the stable SHA-256 reference for an input without retaining it.\"\"\"     canonical = json.dumps(         _canonicalize_input(value),         ensure_ascii=False,         separators=(\",\", \":\"),         sort_keys=True,         allow_nan=False,     )     return hashlib.sha256(canonical.encode(\"utf-8\")).hexdigest()"
                }
            ]
        }
    ],
    "affected_modules": [
        {
            "name": "flowsint-core",
            "direct": true,
            "symbolCount": 77
        }
    ],
    "affected_processes": [],
    "byDepth": {
        "d=1": {
            "depth": 1,
            "label": "WILL BREAK",
            "symbols": [
                {
                    "id": "Method:flowsint-core/src/flowsint_core/core/enricher_base.py:Enricher.async_init#0",
                    "name": "async_init",
                    "filePath": "flowsint-core/src/flowsint_core/core/enricher_base.py",
                    "nodeType": "Method",
                    "startLine": 152,
                    "endLine": 166,
                    "content": "    async def async_init(self):         self.ParamsModel = build_params_model(self.params_schema)         # Always resolve parameters, even if self.params is empty         # This allows vault secrets to be fetched by name from params_schema         resolved_params = self.resolve_params()         # Strict validation after resolution         try:             validated = self.ParamsModel(**resolved_params)             self.params = validated.model_dump()         except ValidationError as e:             raise InvalidEnricherParams(                 f\"Enricher '{self.name()}' received invalid parameters: {e}\"             )"
                },
                {
                    "id": "Method:flowsint-core/src/flowsint_core/core/enricher_base.py:Enricher.name#0",
                    "name": "name",
                    "filePath": "flowsint-core/src/flowsint_core/core/enricher_base.py",
                    "nodeType": "Method",
                    "startLine": 211,
                    "endLine": 212,
                    "content": "    def name(cls) -> str:         pass"
                },
                {
                    "id": "Method:flowsint-core/src/flowsint_core/core/enricher_base.py:Enricher.category#0",
                    "name": "category",
                    "filePath": "flowsint-core/src/flowsint_core/core/enricher_base.py",
                    "nodeType": "Method",
                    "startLine": 220,
                    "endLine": 221,
                    "content": "    def category(cls) -> str:         pass"
                },
                {
                    "id": "Method:flowsint-core/src/flowsint_core/core/enricher_base.py:Enricher.key#0",
                    "name": "key",
                    "filePath": "flowsint-core/src/flowsint_core/core/enricher_base.py",
                    "nodeType": "Method",
                    "startLine": 225,
                    "endLine": 227,
                    "content": "    def key(cls) -> str:         \"\"\"Primary key on which the enricher operates (e.g. domain, IP, etc.)\"\"\"         pass"
                },
                {
                    "id": "Method:flowsint-core/src/flowsint_core/core/enricher_base.py:Enricher.documentation#0",
                    "name": "documentation",
                    "filePath": "flowsint-core/src/flowsint_core/core/enricher_base.py",
                    "nodeType": "Method",
                    "startLine": 230,
                    "endLine": 238,
                    "content": "    def documentation(cls) -> str:         \"\"\"         Return formatted markdown documentation for this enricher.         Override this method to provide custom documentation.         Falls back to cleaned docstring if not overridden.         \"\"\"         import inspect         return inspect.cleandoc(cls.__doc__ or \"No documentation available.\")"
                },
                {
                    "id": "Method:flowsint-core/src/flowsint_core/core/enricher_base.py:Enricher.scan#1",
                    "name": "scan",
                    "filePath": "flowsint-core/src/flowsint_core/core/enricher_base.py",
                    "nodeType": "Method",
                    "startLine": 348,
                    "endLine": 349,
                    "content": "    async def scan(self, values: List[str]) -> List[Dict[str, Any]]:         pass"
                },
                {
                    "id": "Method:flowsint-core/src/flowsint_core/core/enricher_base.py:Enricher._structured_execution_context#0",
                    "name": "_structured_execution_context",
                    "filePath": "flowsint-core/src/flowsint_core/core/enricher_base.py",
                    "nodeType": "Method",
                    "startLine": 447,
                    "endLine": 449,
                    "content": "    async def _structured_execution_context(self) -> AsyncIterator[Any]:         \"\"\"Provide optional shared resources for structured per-input processing.\"\"\"         yield None"
                },
                {
                    "id": "Method:flowsint-core/src/flowsint_core/core/enricher_base.py:Enricher._build_structured_evidence#2",
                    "name": "_build_structured_evidence",
                    "filePath": "flowsint-core/src/flowsint_core/core/enricher_base.py",
                    "nodeType": "Method",
                    "startLine": 457,
                    "endLine": 461,
                    "content": "    def _build_structured_evidence(         self, input_obj: Any, input_ref: str     ) -> tuple[EvidenceEnvelope, ...]:         \"\"\"Return retainable evidence captured while processing one input.\"\"\"         return ()"
                },
                {
                    "id": "Method:flowsint-core/src/flowsint_core/core/enricher_base.py:Enricher._classify_structured_exception#1",
                    "name": "_classify_structured_exception",
                    "filePath": "flowsint-core/src/flowsint_core/core/enricher_base.py",
                    "nodeType": "Method",
                    "startLine": 463,
                    "endLine": 506,
                    "content": "    def _classify_structured_exception(self, error: Exception) -> RedactedDiagnostic:         \"\"\"Classify failures without retaining exception text or request data.\"\"\"         if isinstance(error, (InvalidEnricherParams, ValidationError)):             return RedactedDiagnostic(                 code=\"validation_error\",                 safe_message=\"Input validation failed.\",                 retryable=False,             )         if isinstance(error, httpx.TimeoutException):             return RedactedDiagnostic(                 code=\"timeout\",                 safe_message=\"The operation timed out.\",                 retryable=True,             )         if isinstance(error, httpx.HTTPStatusError):             status_code = error.response.status_code             if status_code == 429:                 return RedactedDiagnostic(                     code=\"http_rate_limited\",                     safe_message=\"The remote service rate limited the request.\",                     retryable=True,                 )             if 500 <= status_code < 600:                 return RedactedDiagnostic(                     code=\"http_server_error\",                     safe_message=\"The remote service failed.\",                     retryable=True,                 )             if 400 <= status_code < 500:                 return RedactedDiagnostic(                     code=\"http_client_error\",                     safe_message=\"The remote service rejected the request.\",                     retryable=False,                 )             return RedactedDiagnostic(                 code=\"http_error\",                 safe_message=\"The remote service returned an HTTP error.\",                 retryable=False,             )         return RedactedDiagnostic(             code=\"unexpected_error\",             safe_message=\"Unexpected processing failure.\",             retryable=False,         )"
                },
                {
                    "id": "Method:flowsint-core/src/flowsint_core/core/enricher_base.py:Enricher._classify_structured_success#2",
                    "name": "_classify_structured_success",
                    "filePath": "flowsint-core/src/flowsint_core/core/enricher_base.py",
                    "nodeType": "Method",
                    "startLine": 508,
                    "endLine": 513,
                    "content": "    def _classify_structured_success(         self,         outputs: tuple[Any, ...],         evidence: tuple[EvidenceEnvelope, ...],     ) -> tuple[OutcomeStatus, RedactedDiagnostic | None]:         return OutcomeStatus.SUCCESS, None"
                },
                {
                    "id": "Method:flowsint-core/src/flowsint_core/core/enricher_base.py:Enricher.execute_structured#1",
                    "name": "execute_structured",
                    "filePath": "flowsint-core/src/flowsint_core/core/enricher_base.py",
                    "nodeType": "Method",
                    "startLine": 565,
                    "endLine": 622,
                    "content": "    async def execute_structured(self, values: List[Any]) -> StructuredExecutionResult:         \"\"\"Execute independently per original input without flattening outputs.\"\"\"         outcomes: list[InputOutcome] = []         if self.name() != \"enricher_orchestrator\":             Logger.info(self.sketch_id, {\"message\": f\"Enricher {self.name()} started.\"})         try:             await self.async_init()         except Exception as error:             diagnostic = self._classify_structured_exception(error)             outcomes = [                 InputOutcome(                     input_ref=canonical_input_hash(value),                     status=OutcomeStatus.FAILURE,                     diagnostic=diagnostic,                 )                 for value in values             ]         else:             try:                 adapter, primary_field = self._input_validation_context()                 async with self._structured_execution_context() as context:                     for value in values:                         outcomes.append(                             await self._execute_structured_input(                                 value,                                 context,                                 adapter=adapter,                                 primary_field=primary_field,                             )                         )             except Exception as error:                 diagnostic = self._classify_structured_exception(error)                 for value in values[len(outcomes) :]:                     outcomes.append(                         InputOutcome(                             input_ref=canonical_input_hash(value),                             status=OutcomeStatus.FAILURE,                             diagnostic=diagnostic,                         )                     )         finally:             try:                 self._graph_service.flush()             except Exception:                 Logger.error(                     self.sketch_id,                     {\"message\": f\"Enricher {self.name()} graph flush failed.\"},                 )         if self.name() != \"enricher_orchestrator\":             Logger.completed(                 self.sketch_id, {\"message\": f\"Enricher {self.name()} finished.\"}             )         return StructuredExecutionResult(             enricher_name=self.name(),             outcomes=tuple(outcomes),         )"
                },
                {
                    "id": "Method:flowsint-core/src/flowsint_core/core/enricher_base.py:Enricher.execute#1",
                    "name": "execute",
                    "filePath": "flowsint-core/src/flowsint_core/core/enricher_base.py",
                    "nodeType": "Method",
                    "startLine": 630,
                    "endLine": 655,
                    "content": "    async def execute(self, values: List[Any]) -> List[Dict[str, Any]]:         if self.name() != \"enricher_orchestrator\":             Logger.info(self.sketch_id, {\"message\": f\"Enricher {self.name()} started.\"})         try:             await self.async_init()             preprocessed = self.preprocess(values)             results = await self.scan(preprocessed)             processed = self.postprocess(results, preprocessed)             # Flush any pending batch operations             self._graph_service.flush()             if self.name() != \"enricher_orchestrator\":                 Logger.completed(                     self.sketch_id, {\"message\": f\"Enricher {self.name()} finished.\"}                 )             return processed         except Exception:             if self.name() != \"enricher_orchestrator\":                 Logger.error(                     self.sketch_id,                     {\"message\": f\"Enricher {self.name()} errored.\"},                 )             return []"
                },
                {
                    "id": "Method:flowsint-core/src/flowsint_core/core/template_enricher.py:TemplateEnricher.__init__#8",
                    "name": "__init__",
                    "filePath": "flowsint-core/src/flowsint_core/core/template_enricher.py",
                    "nodeType": "Method",
                    "startLine": 59,
                    "endLine": 91,
                    "content": "    def __init__(         self,         template: Template,         registry: DestinationRegistry,         runtime_authorizer: EgressAuthorizer,         sketch_id: Optional[str] = None,         scan_id: Optional[str] = None,         vault=None,         artifact_store: FilesystemArtifactStore | None = None,         retention_authority: RetentionAuthority | None = None,     ):         self.template = template         self.InputType = self._detect_type(template.input.type)         self.OutputType = self._detect_type(template.output.type)         self.endpoint = registry.resolve(             template.connector, template.input.type, template.output.type         )         runtime_authorizer.require(self.endpoint.capability)         super().__init__(             sketch_id=sketch_id,             scan_id=scan_id,             vault=vault,             params_schema=[],             params={},         )         self._last_response_artifact_sha256: str | None = None         self._last_artifact_reference: str | None = None         self._last_capture_state: ArtifactState | None = None         self._last_capture_reason: str | None = None         self._last_http_status_class: int | None = None         self._artifact_store = artifact_store         self._retention_authority = retention_authority         self._last_retrieved_at: datetime | None = None"
                },
                {
                    "id": "Method:flowsint-core/src/flowsint_core/core/template_enricher.py:TemplateEnricher._detect_type#1",
                    "name": "_detect_type",
                    "filePath": "flowsint-core/src/flowsint_core/core/template_enricher.py",
                    "nodeType": "Method",
                    "startLine": 94,
                    "endLine": 99,
                    "content": "    def _detect_type(type_name: str) -> type[FlowsintType]:         load_all_types()         detected_type = get_type(type_name, case_sensitive=True)         if detected_type is None:             raise ConnectorPolicyError(\"connector type denied\")         return detected_type"
                },
                {
                    "id": "Method:flowsint-core/src/flowsint_core/core/template_enricher.py:TemplateEnricher.name#0",
                    "name": "name",
                    "filePath": "flowsint-core/src/flowsint_core/core/template_enricher.py",
                    "nodeType": "Method",
                    "startLine": 101,
                    "endLine": 102,
                    "content": "    def name(self) -> str:  # type: ignore[override]         return f\"connector:{self.endpoint.destination_id}:{self.endpoint.endpoint_id}\""
                },
                {
                    "id": "Method:flowsint-core/src/flowsint_core/core/template_enricher.py:TemplateEnricher.category#0",
                    "name": "category",
                    "filePath": "flowsint-core/src/flowsint_core/core/template_enricher.py",
                    "nodeType": "Method",
                    "startLine": 104,
                    "endLine": 105,
                    "content": "    def category(self) -> str:  # type: ignore[override]         return self.template.category"
                },
                {
                    "id": "Method:flowsint-core/src/flowsint_core/core/template_enricher.py:TemplateEnricher.key#0",
                    "name": "key",
                    "filePath": "flowsint-core/src/flowsint_core/core/template_enricher.py",
                    "nodeType": "Method",
                    "startLine": 107,
                    "endLine": 108,
                    "content": "    def key(self) -> str:  # type: ignore[override]         return self.template.input.key"
                },
                {
                    "id": "Method:flowsint-core/src/flowsint_core/core/template_enricher.py:TemplateEnricher.documentation#0",
                    "name": "documentation",
                    "filePath": "flowsint-core/src/flowsint_core/core/template_enricher.py",
                    "nodeType": "Method",
                    "startLine": 111,
                    "endLine": 112,
                    "content": "    def documentation(cls) -> str:         return \"Registry-backed enrichment connector.\""
                },
                {
                    "id": "Method:flowsint-core/src/flowsint_core/core/template_enricher.py:TemplateEnricher.async_init#0",
                    "name": "async_init",
                    "filePath": "flowsint-core/src/flowsint_core/core/template_enricher.py",
                    "nodeType": "Method",
                    "startLine": 114,
                    "endLine": 115,
                    "content": "    async def async_init(self) -> None:         \"\"\"Do not resolve credentials before per-input policy validation.\"\"\""
                },
                {
                    "id": "Method:flowsint-core/src/flowsint_core/core/template_enricher.py:TemplateEnricher._reject_unknown_input_fields#1",
                    "name": "_reject_unknown_input_fields",
                    "filePath": "flowsint-core/src/flowsint_core/core/template_enricher.py",
                    "nodeType": "Method",
                    "startLine": 118,
                    "endLine": 123,
                    "content": "    def _reject_unknown_input_fields(self, value: Any) -> None:         if not isinstance(value, dict):             return         allowed_fields = set(self.InputType.model_fields)         if set(value) - allowed_fields:             raise ConnectorValidationError(\"connector input field invalid\")"
                },
                {
                    "id": "Method:flowsint-core/src/flowsint_core/core/template_enricher.py:TemplateEnricher._validated_request_values#1",
                    "name": "_validated_request_values",
                    "filePath": "flowsint-core/src/flowsint_core/core/template_enricher.py",
                    "nodeType": "Method",
                    "startLine": 125,
                    "endLine": 145,
                    "content": "    def _validated_request_values(self, input_obj: Any) -> dict[str, Any]:         values: dict[str, Any] = {}         for field in self.endpoint.definition.request_fields:             value = getattr(input_obj, field.source_field, None)             if value is None:                 if field.required:                     raise ConnectorValidationError(\"connector input field invalid\")                 continue             if field.value_type == \"string\":                 if not isinstance(value, str) or len(value) > field.max_length:                     raise ConnectorValidationError(\"connector input field invalid\")             elif field.value_type == \"integer\":                 if isinstance(value, bool) or not isinstance(value, int):                     raise ConnectorValidationError(\"connector input field invalid\")             elif field.value_type == \"number\":                 if isinstance(value, bool) or not isinstance(value, (int, float)):                     raise ConnectorValidationError(\"connector input field invalid\")             elif field.value_type == \"boolean\" and not isinstance(value, bool):                 raise ConnectorValidationError(\"connector input field invalid\")             values[field.name] = value         return values"
                },
                {
                    "id": "Method:flowsint-core/src/flowsint_core/core/template_enricher.py:TemplateEnricher._request_parts#1",
                    "name": "_request_parts",
                    "filePath": "flowsint-core/src/flowsint_core/core/template_enricher.py",
                    "nodeType": "Method",
                    "startLine": 147,
                    "endLine": 183,
                    "content": "    def _request_parts(         self, input_obj: Any     ) -> tuple[str, dict[str, str], dict[str, Any], dict[str, Any] | None]:         values = self._validated_request_values(input_obj)         definition = self.endpoint.definition         path = definition.path         query: dict[str, Any] = dict(definition.fixed_query)         json_body: dict[str, Any] = {}         for field in definition.request_fields:             if field.name not in values:                 continue             value = values[field.name]             if field.location == \"path\":                 path = path.replace(\"{\" + field.name + \"}\", quote(str(value), safe=\"\"))             elif field.location == \"query\":                 if field.name in query:                     raise ConnectorPolicyError(\"connector query field denied\")                 query[field.name] = value             else:                 json_body[field.name] = value         url = f\"{self.endpoint.base_url}{path}\"         parsed = httpx.URL(url)         base = httpx.URL(self.endpoint.base_url)         if (             parsed.scheme != \"https\"             or parsed.scheme != base.scheme             or parsed.host != base.host             or parsed.port != base.port         ):             raise ConnectorPolicyError(\"connector origin denied\")         return (             url,             dict(definition.fixed_headers),             query,             json_body if definition.method == \"POST\" else None,         )"
                },
                {
                    "id": "Method:flowsint-core/src/flowsint_core/core/template_enricher.py:TemplateEnricher._resolved_headers#1",
                    "name": "_resolved_headers",
                    "filePath": "flowsint-core/src/flowsint_core/core/template_enricher.py",
                    "nodeType": "Method",
                    "startLine": 185,
                    "endLine": 192,
                    "content": "    def _resolved_headers(self, fixed_headers: dict[str, str]) -> dict[str, str]:         headers = dict(fixed_headers)         for header_name, secret_name in self.endpoint.definition.secret_headers.items():             value = self.vault.get_secret(secret_name) if self.vault is not None else None             if not value:                 raise ConnectorCredentialUnavailable(\"connector credential unavailable\")             headers[header_name] = value         return headers"
                },
                {
                    "id": "Method:flowsint-core/src/flowsint_core/core/template_enricher.py:TemplateEnricher._read_response#1",
                    "name": "_read_response",
                    "filePath": "flowsint-core/src/flowsint_core/core/template_enricher.py",
                    "nodeType": "Method",
                    "startLine": 194,
                    "endLine": 208,
                    "content": "    async def _read_response(self, response: httpx.Response) -> bytes:         limit = self.endpoint.definition.max_response_bytes         content_length = response.headers.get(\"content-length\")         if content_length is not None:             try:                 if int(content_length) > limit:                     raise ConnectorResponseTooLarge(\"connector response too large\")             except ValueError:                 raise ConnectorResponseTooLarge(\"connector response too large\") from None         content = bytearray()         async for chunk in response.aiter_bytes(chunk_size=min(65_536, limit)):             if len(chunk) > limit - len(content):                 raise ConnectorResponseTooLarge(\"connector response too large\")             content.extend(chunk)         return bytes(content)"
                },
                {
                    "id": "Method:flowsint-core/src/flowsint_core/core/template_enricher.py:TemplateEnricher._extract_path#2",
                    "name": "_extract_path",
                    "filePath": "flowsint-core/src/flowsint_core/core/template_enricher.py",
                    "nodeType": "Method",
                    "startLine": 211,
                    "endLine": 223,
                    "content": "    def _extract_path(value: Any, path: str) -> Any:         current = value         for part in path.split(\".\"):             if isinstance(current, list):                 try:                     current = current[int(part)]                 except (ValueError, IndexError) as error:                     raise TemplateEnricherError(\"connector response mapping failed\") from error             elif isinstance(current, dict) and part in current:                 current = current[part]             else:                 raise TemplateEnricherError(\"connector response mapping failed\")         return current"
                },
                {
                    "id": "Method:flowsint-core/src/flowsint_core/core/template_enricher.py:TemplateEnricher._map_response#1",
                    "name": "_map_response",
                    "filePath": "flowsint-core/src/flowsint_core/core/template_enricher.py",
                    "nodeType": "Method",
                    "startLine": 225,
                    "endLine": 249,
                    "content": "    def _map_response(self, response_bytes: bytes) -> List[Any]:         try:             response_data = json.loads(response_bytes)         except (TypeError, ValueError) as error:             raise TemplateEnricherError(\"connector response was invalid\") from error         items = response_data         if self.endpoint.definition.response_array_path is not None:             items = self._extract_path(                 response_data, self.endpoint.definition.response_array_path             )             if not isinstance(items, list):                 raise TemplateEnricherError(\"connector response array was invalid\")         if not isinstance(items, list):             items = [items]         results = []         for item in items:             mapped = {                 output_field: self._extract_path(item, source_path)                 for output_field, source_path in self.endpoint.definition.response_mappings.items()             }             try:                 results.append(self.OutputType(**mapped))             except Exception as error:                 raise TemplateEnricherError(\"connector output was invalid\") from error         return results"
                },
                {
                    "id": "Method:flowsint-core/src/flowsint_core/core/template_enricher.py:TemplateEnricher._process_single_input#3",
                    "name": "_process_single_input",
                    "filePath": "flowsint-core/src/flowsint_core/core/template_enricher.py",
                    "nodeType": "Method",
                    "startLine": 251,
                    "endLine": 326,
                    "content": "    async def _process_single_input(         self, client: httpx.AsyncClient, input_obj: Any, input_ref: str | None = None     ) -> List[Any]:         self._last_response_artifact_sha256 = None         self._last_artifact_reference = None         self._last_capture_state = None         self._last_capture_reason = None         self._last_http_status_class = None         url, fixed_headers, query, json_body = self._request_parts(input_obj)         headers = self._resolved_headers(fixed_headers)         try:             async with asyncio.timeout(self.endpoint.definition.timeout_seconds):                 async with client.stream(                     self.endpoint.definition.method,                     url,                     headers=headers,                     params=query,                     json=json_body,                     timeout=self.endpoint.definition.timeout_seconds,                 ) as response:                     if 300 <= response.status_code < 400:                         raise ConnectorRedirectDenied(\"connector redirect denied\")                     self._last_http_status_class = response.status_code // 100                     response.raise_for_status()                     response_bytes = await self._read_response(response)         except TimeoutError as error:             raise httpx.ReadTimeout(\"connector deadline exceeded\") from error         operation_id = f\"connector-{uuid.uuid4().hex}\"         occurrence_id = f\"input-{uuid.uuid4().hex}\"         caller_id = f\"connector:{self.endpoint.destination_id}:{self.endpoint.endpoint_id}\"         runtime = None         if self._artifact_store is None or self._retention_authority is None:             runtime = load_artifact_runtime(                 caller_id=caller_id,                 scope=self.endpoint.capability,                 source_family=\"connector\",             )         store = self._artifact_store or (runtime.store if runtime else None)         authority = self._retention_authority or (runtime.authority if runtime else None)         decision = authority.issue(operation_id) if authority else None         retrieved_at = datetime.now(timezone.utc)         context = ArtifactContext(             operation_id=operation_id,             occurrence_id=occurrence_id,             caller_id=caller_id,             scope=self.endpoint.capability,             source_family=\"connector\",             origin=self.endpoint.base_url,             requested_url=f\"{self.endpoint.base_url}{self.endpoint.definition.path}\",             final_url=f\"{self.endpoint.base_url}{self.endpoint.definition.path}\",             retrieved_at=retrieved_at,         )         if decision is None:             self._last_capture_state = ArtifactState.HOLD             self._last_capture_reason = \"retention_policy_unavailable\"             return []         if store is None:             self._last_capture_state = ArtifactState.HOLD             self._last_capture_reason = \"artifact_store_unavailable\"             return []         captured = capture_source(store, context, decision, response_bytes)         self._last_capture_state = captured.state         self._last_capture_reason = captured.reason         if captured.state is not ArtifactState.AVAILABLE or captured.artifact is None:             return []         self._last_response_artifact_sha256 = captured.artifact.content_digest         self._last_retrieved_at = captured.artifact.retrieved_at         self._last_artifact_reference = encode_source_proof(PersistedSourceProof(             format_version=\"source-proof/1.0\",             input_ref=input_ref or canonical_input_hash(input_obj),             context=context,             decision=decision,             artifact=captured.artifact,             spans=(),         ))         return self._map_response(response_bytes)"
                },
                {
                    "id": "Method:flowsint-core/src/flowsint_core/core/template_enricher.py:TemplateEnricher._structured_execution_context#0",
                    "name": "_structured_execution_context",
                    "filePath": "flowsint-core/src/flowsint_core/core/template_enricher.py",
                    "nodeType": "Method",
                    "startLine": 329,
                    "endLine": 331,
                    "content": "    async def _structured_execution_context(self) -> AsyncIterator[httpx.AsyncClient]:         async with httpx.AsyncClient(follow_redirects=False, trust_env=False) as client:             yield client"
                },
                {
                    "id": "Method:flowsint-core/src/flowsint_core/core/template_enricher.py:TemplateEnricher._build_structured_evidence#2",
                    "name": "_build_structured_evidence",
                    "filePath": "flowsint-core/src/flowsint_core/core/template_enricher.py",
                    "nodeType": "Method",
                    "startLine": 333,
                    "endLine": 357,
                    "content": "    def _build_structured_evidence(         self, input_obj: Any, input_ref: str     ) -> tuple[EvidenceEnvelope, ...]:         evidence = self.template.evidence         artifact_sha256 = self._last_response_artifact_sha256         return (             EvidenceEnvelope(                 input_ref=input_ref,                 destination_id=self.endpoint.destination_id,                 endpoint_id=self.endpoint.endpoint_id,                 capability=self.endpoint.capability,                 policy_version=self.endpoint.policy_version,                 artifact_sha256=artifact_sha256,                 artifact_reference=(                     self._last_artifact_reference                 ),                 source_rights=evidence.source_rights,                 schema_version=evidence.schema_version,                 parser_version=evidence.parser_version,                 confidence=evidence.confidence,                 verification_state=evidence.verification_state,                 retrieved_at=self._last_retrieved_at or datetime.now(timezone.utc),                 ingested_at=self._last_retrieved_at or datetime.now(timezone.utc),             ),         )"
                },
                {
                    "id": "Method:flowsint-core/src/flowsint_core/core/template_enricher.py:TemplateEnricher._classify_structured_exception#1",
                    "name": "_classify_structured_exception",
                    "filePath": "flowsint-core/src/flowsint_core/core/template_enricher.py",
                    "nodeType": "Method",
                    "startLine": 359,
                    "endLine": 404,
                    "content": "    def _classify_structured_exception(self, error: Exception) -> RedactedDiagnostic:         if isinstance(error, ConnectorPolicyError):             return RedactedDiagnostic(                 code=\"connector_policy_denied\",                 safe_message=\"Connector policy denied the request.\",                 retryable=False,             )         if isinstance(error, (ConnectorValidationError,)):             return RedactedDiagnostic(                 code=\"connector_validation_failed\",                 safe_message=\"Connector input validation failed.\",                 retryable=False,             )         if isinstance(error, ConnectorCredentialUnavailable):             return RedactedDiagnostic(                 code=\"connector_credential_unavailable\",                 safe_message=\"Connector credentials are unavailable.\",                 retryable=False,             )         if isinstance(error, httpx.TimeoutException):             return RedactedDiagnostic(                 code=\"connector_timeout\",                 safe_message=\"Connector request timed out.\",                 retryable=True,             )         if isinstance(error, httpx.HTTPStatusError):             return RedactedDiagnostic(                 code=\"connector_http_error\",                 safe_message=\"Connector request failed.\",                 retryable=error.response.status_code >= 500                 or error.response.status_code == 429,             )         if isinstance(             error,             (ConnectorRedirectDenied, ConnectorResponseTooLarge, TemplateEnricherError),         ):             return RedactedDiagnostic(                 code=\"connector_response_invalid\",                 safe_message=\"Connector response was rejected.\",                 retryable=False,             )         return RedactedDiagnostic(             code=\"connector_response_invalid\",             safe_message=\"Connector response was rejected.\",             retryable=False,         )"
                },
                {
                    "id": "Method:flowsint-core/src/flowsint_core/core/template_enricher.py:TemplateEnricher._classify_structured_success#2",
                    "name": "_classify_structured_success",
                    "filePath": "flowsint-core/src/flowsint_core/core/template_enricher.py",
                    "nodeType": "Method",
                    "startLine": 406,
                    "endLine": 420,
                    "content": "    def _classify_structured_success(         self,         outputs: tuple[Any, ...],         evidence: tuple[EvidenceEnvelope, ...],     ) -> tuple[OutcomeStatus, RedactedDiagnostic | None]:         if self._last_capture_state is not ArtifactState.AVAILABLE:             return (                 OutcomeStatus.HOLD,                 RedactedDiagnostic(                     code=self._last_capture_reason or \"retention_policy_unavailable\",                     safe_message=\"Reviewed source retention is unavailable.\",                     retryable=False,                 ),             )         return OutcomeStatus.SUCCESS, None"
                },
                {
                    "id": "Method:flowsint-core/src/flowsint_core/core/template_enricher.py:TemplateEnricher.execute_structured#1",
                    "name": "execute_structured",
                    "filePath": "flowsint-core/src/flowsint_core/core/template_enricher.py",
                    "nodeType": "Method",
                    "startLine": 422,
                    "endLine": 486,
                    "content": "    async def execute_structured(self, values: List[Any]) -> StructuredExecutionResult:         \"\"\"Execute inputs independently without logging, retaining, or returning raw egress data.\"\"\"         outcomes: list[InputOutcome] = []         try:             async with self._structured_execution_context() as client:                 for original_input in values:                     input_ref = canonical_input_hash(original_input)                     self._last_response_artifact_sha256 = None                     self._last_artifact_reference = None                     self._last_capture_state = None                     self._last_capture_reason = None                     self._last_http_status_class = None                     self._last_retrieved_at = None                     try:                         self._reject_unknown_input_fields(original_input)                         input_obj = self._validate_single_input(original_input)                         processed = await self._process_single_input(client, input_obj, input_ref)                         evidence = self._build_structured_evidence(input_obj, input_ref)                         status, diagnostic = self._classify_structured_success(                             tuple(processed), evidence                         )                         outcomes.append(                             InputOutcome(                                 input_ref=input_ref,                                 status=status,                                 outputs=tuple(processed)                                 if status is OutcomeStatus.SUCCESS                                 else (),                                 diagnostic=diagnostic,                                 evidence=evidence,                             )                         )                     except Exception as error:                         outcomes.append(                             InputOutcome(                                 input_ref=input_ref,                                 status=OutcomeStatus.FAILURE,                                 diagnostic=self._classify_structured_exception(error),                                 evidence=self._build_structured_evidence(                                     original_input, input_ref                                 ),                             )                         )         finally:             try:                 self._graph_service.flush()             except Exception:                 pass         Logger.info(             self.sketch_id,             {                 \"event\": \"connector_completed\",                 \"destination_id\": self.endpoint.destination_id,                 \"endpoint_id\": self.endpoint.endpoint_id,                 \"capability\": self.endpoint.capability,                 \"outcome_counts\": {                     status.value: sum(                         outcome.status is status for outcome in outcomes                     )                     for status in OutcomeStatus                 },                 \"http_status_class\": self._last_http_status_class,             },         )         return StructuredExecutionResult(enricher_name=self.name(), outcomes=tuple(outcomes))"
                },
                {
                    "id": "Method:flowsint-core/src/flowsint_core/core/template_enricher.py:TemplateEnricher.scan#1",
                    "name": "scan",
                    "filePath": "flowsint-core/src/flowsint_core/core/template_enricher.py",
                    "nodeType": "Method",
                    "startLine": 488,
                    "endLine": 495,
                    "content": "    async def scan(self, values: List[Any]) -> List[Any]:         result = await self.execute_structured(values)         return [             output             for outcome in result.outcomes             if outcome.status is OutcomeStatus.SUCCESS             for output in outcome.outputs         ]"
                },
                {
                    "id": "Method:flowsint-core/src/flowsint_core/core/template_enricher.py:TemplateEnricher.execute#1",
                    "name": "execute",
                    "filePath": "flowsint-core/src/flowsint_core/core/template_enricher.py",
                    "nodeType": "Method",
                    "startLine": 497,
                    "endLine": 498,
                    "content": "    async def execute(self, values: List[Any]) -> List[Any]:         return await self.scan(values)"
                },
                {
                    "id": "Method:flowsint-core/src/flowsint_core/core/template_enricher.py:TemplateEnricher.postprocess#2",
                    "name": "postprocess",
                    "filePath": "flowsint-core/src/flowsint_core/core/template_enricher.py",
                    "nodeType": "Method",
                    "startLine": 500,
                    "endLine": 503,
                    "content": "    def postprocess(         self, results: List[Any], input_data: Optional[List[Any]] = None     ) -> List[Any]:         return results"
                },
                {
                    "id": "Class:flowsint-core/src/flowsint_core/core/enricher_base.py:Enricher",
                    "name": "Enricher",
                    "filePath": "flowsint-core/src/flowsint_core/core/enricher_base.py",
                    "nodeType": "Class",
                    "startLine": 62,
                    "endLine": 719,
                    "content": "class Enricher(ABC):     \"\"\"     Abstract base class for all enrichers.     ## InputType and OutputType Pattern     Enrichers only need to define InputType and OutputType as class attributes.     The base class automatically handles schema generation:     ```python     from typing import List     from flowsint_types import Domain     from flowsint_types import Ip     class MyEnricher(Enricher):         # Define types as class attributes (base types, not lists)         InputType = Domain         OutputType = Ip         @classmethod         def name(cls):             return \"my_enricher\"         @classmethod         def category(cls):             return \"Domain\"         @classmethod         def key(cls):             return \"domain\"         # preprocess receives a list and returns a list of validated InputType instances         def preprocess(self, data: List) -> List[InputType]:             # Generic implementation handles validation automatically             return super().preprocess(data)         # scan receives a list of InputType and returns a list of OutputType         async def scan(self, data: List[InputType]) -> List[OutputType]:             results: List[OutputType] = []             # ... implementation             return results     # Make types available at module level for easy access     InputType = MyEnricher.InputType     OutputType = MyEnricher.OutputType     ```     The base class automatically provides:     - Generic preprocess() that validates inputs using InputType     - input_schema() method using InputType     - output_schema() method using OutputType     - Error handling for missing type definitions     - Consistent schema generation across all enrichers     Subclasses can override input_schema() or output_schema() if needed for special cases.     \"\"\"     # Abstract type aliases that must be defined in subclasses for runtime use     InputType = NotImplemented     OutputType = NotImplemented     def __init__(         self,         sketch_id: Optional[str] = None,         scan_id: Optional[str] = None,         params_schema: Optional[List[Dict[str, Any]]] = None,         vault: Optional[VaultProtocol] = None,         params: Optional[Dict[str, Any]] = None,         graph_service: Optional[GraphService] = None,     ):         self.scan_id = scan_id or \"default\"         self.sketch_id = sketch_id or \"system\"         self.vault = vault         self.params_schema = params_schema or []         self.ParamsModel = build_params_model(self.params_schema)         self.params: Dict[str, Any] = params or {}         # Initialize graph service (uses singleton connection by default)         if graph_service:             self._graph_service = graph_service         else:             self._graph_service = create_graph_service(                 sketch_id=self.sketch_id,                 enable_batching=True,             )         # Params is filled synchronously by the constructor. This params is generally constructed of         # vaultSecret references, not the key directly. The idea is that the real key values are resolved after calling         # async_init(), right before the execution.     async def async_init(self):         self.ParamsModel = build_params_model(self.params_schema)         # Always resolve parameters, even if self.params is empty         # This allows vault secrets to be fetched by name from params_schema         resolved_params = self.resolve_params()         # Strict validation after resolution         try:             validated = self.ParamsModel(**resolved_params)             self.params = validated.model_dump()         except ValidationError as e:             raise InvalidEnricherParams(                 f\"Enricher '{self.name()}' received invalid parameters: {e}\"             )     def resolve_params(self) -> Dict[str, Any]:         resolved = {}         for param in self.params_schema:             param_name = param[\"name\"]             param_type = param.get(\"type\", \"string\")             if param_type == \"vaultSecret\":                 # For vault secrets, try to get from vault by name or ID                 secret = None                 if self.vault is not None:                     # First, check if user provided a specific vault ID in params                     if param_name in self.params and self.params[param_name]:                         secret = self.vault.get_secret(self.params[param_name])                     # Otherwise, try to get the secret by the param name itself                     if secret is None:                         secret = self.vault.get_secret(param_name)                     if secret is not None:                         resolved[param_name] = secret                     elif param.get(\"required\", False):                         raise Exception(                             f\"Required vault secret '{param_name}' is missing. Please go to the Vault settings and create a '{param_name}' key.\"                         )                 # If no ... [truncated]"
                }
            ]
        },
        "d=2": {
            "depth": 2,
            "label": "LIKELY AFFECTED",
            "symbols": [
                {
                    "id": "Method:flowsint-core/src/flowsint_core/core/connector_egress.py:EgressAuthorizer.require#1",
                    "name": "require",
                    "filePath": "flowsint-core/src/flowsint_core/core/connector_egress.py",
                    "nodeType": "Method",
                    "startLine": 185,
                    "endLine": 187,
                    "content": "    def require(self, capability: ConnectorCapability) -> None:         if capability not in self.allowed_capabilities:             raise ConnectorPolicyError(\"connector runtime authority denied\")"
                },
                {
                    "id": "Method:flowsint-core/src/flowsint_core/core/connector_egress.py:DestinationRegistry.resolve#3",
                    "name": "resolve",
                    "filePath": "flowsint-core/src/flowsint_core/core/connector_egress.py",
                    "nodeType": "Method",
                    "startLine": 208,
                    "endLine": 260,
                    "content": "    def resolve(         self,         connector: TemplateConnector,         input_type: str,         output_type: str,     ) -> ResolvedEndpoint:         \"\"\"Resolve and validate a template reference before any Vault or HTTP work.\"\"\"         destination = self._destinations.get(connector.destination_id)         if destination is None or not destination.enabled:             raise ConnectorPolicyError(\"connector destination denied\")         endpoint = next(             (                 candidate                 for candidate in destination.endpoints                 if candidate.endpoint_id == connector.endpoint_id             ),             None,         )         if endpoint is None or not endpoint.enabled:             raise ConnectorPolicyError(\"connector endpoint denied\")         if connector.capability != \"enrich.read\" or endpoint.capability != connector.capability:             raise ConnectorPolicyError(\"connector capability denied\")         if endpoint.input_type != input_type or endpoint.output_type != output_type:             raise ConnectorPolicyError(\"connector type denied\")         load_all_types()         input_model = get_type(input_type, case_sensitive=True)         output_model = get_type(output_type, case_sensitive=True)         if input_model is None or output_model is None:             raise ConnectorPolicyError(\"connector type denied\")         input_fields = input_model.model_fields         output_fields = output_model.model_fields         required_output_fields = {             field_name             for field_name, field in output_fields.items()             if field.is_required()         }         if not required_output_fields.issubset(endpoint.response_mappings):             raise ConnectorPolicyError(\"connector response mapping denied\")         if any(field.source_field not in input_fields for field in endpoint.request_fields):             raise ConnectorPolicyError(\"connector request field denied\")         if any(field_name not in output_fields for field_name in endpoint.response_mappings):             raise ConnectorPolicyError(\"connector response field denied\")         if not endpoint.response_mappings:             raise ConnectorPolicyError(\"connector response mapping denied\")         return ResolvedEndpoint(             destination_id=destination.destination_id,             endpoint_id=endpoint.endpoint_id,             capability=endpoint.capability,             policy_version=self.policy_version,             base_url=destination.base_url,             definition=endpoint,         )"
                },
                {
                    "id": "Method:flowsint-core/src/flowsint_core/core/enricher_base.py:Enricher.__init__#6",
                    "name": "__init__",
                    "filePath": "flowsint-core/src/flowsint_core/core/enricher_base.py",
                    "nodeType": "Method",
                    "startLine": 123,
                    "endLine": 150,
                    "content": "    def __init__(         self,         sketch_id: Optional[str] = None,         scan_id: Optional[str] = None,         params_schema: Optional[List[Dict[str, Any]]] = None,         vault: Optional[VaultProtocol] = None,         params: Optional[Dict[str, Any]] = None,         graph_service: Optional[GraphService] = None,     ):         self.scan_id = scan_id or \"default\"         self.sketch_id = sketch_id or \"system\"         self.vault = vault         self.params_schema = params_schema or []         self.ParamsModel = build_params_model(self.params_schema)         self.params: Dict[str, Any] = params or {}         # Initialize graph service (uses singleton connection by default)         if graph_service:             self._graph_service = graph_service         else:             self._graph_service = create_graph_service(                 sketch_id=self.sketch_id,                 enable_batching=True,             )         # Params is filled synchronously by the constructor. This params is generally constructed of         # vaultSecret references, not the key directly. The idea is that the real key values are resolved after calling         # async_init(), right before the execution."
                },
                {
                    "id": "Method:flowsint-core/src/flowsint_core/core/enricher_base.py:Enricher.resolve_params#0",
                    "name": "resolve_params",
                    "filePath": "flowsint-core/src/flowsint_core/core/enricher_base.py",
                    "nodeType": "Method",
                    "startLine": 168,
                    "endLine": 203,
                    "content": "    def resolve_params(self) -> Dict[str, Any]:         resolved = {}         for param in self.params_schema:             param_name = param[\"name\"]             param_type = param.get(\"type\", \"string\")             if param_type == \"vaultSecret\":                 # For vault secrets, try to get from vault by name or ID                 secret = None                 if self.vault is not None:                     # First, check if user provided a specific vault ID in params                     if param_name in self.params and self.params[param_name]:                         secret = self.vault.get_secret(self.params[param_name])                     # Otherwise, try to get the secret by the param name itself                     if secret is None:                         secret = self.vault.get_secret(param_name)                     if secret is not None:                         resolved[param_name] = secret                     elif param.get(\"required\", False):                         raise Exception(                             f\"Required vault secret '{param_name}' is missing. Please go to the Vault settings and create a '{param_name}' key.\"                         )                 # If no vault or no secret found, use default if available                 if param_name not in resolved and param.get(\"default\") is not None:                     resolved[param_name] = param[\"default\"]             else:                 # For non-vault params, use the provided value or default                 if param_name in self.params and self.params[param_name] is not None:                     resolved[param_name] = self.params[param_name]                 elif param.get(\"default\") is not None:                     resolved[param_name] = param[\"default\"]         return resolved"
                },
                {
                    "id": "Method:flowsint-core/src/flowsint_core/core/enricher_base.py:Enricher.required_params#0",
                    "name": "required_params",
                    "filePath": "flowsint-core/src/flowsint_core/core/enricher_base.py",
                    "nodeType": "Method",
                    "startLine": 206,
                    "endLine": 207,
                    "content": "    def required_params(self) -> bool:         return False"
                },
                {
                    "id": "Method:flowsint-core/src/flowsint_core/core/enricher_base.py:Enricher.icon#0",
                    "name": "icon",
                    "filePath": "flowsint-core/src/flowsint_core/core/enricher_base.py",
                    "nodeType": "Method",
                    "startLine": 215,
                    "endLine": 216,
                    "content": "    def icon(cls) -> str | None:         return None"
                },
                {
                    "id": "Method:flowsint-core/src/flowsint_core/core/enricher_base.py:Enricher.input_schema#0",
                    "name": "input_schema",
                    "filePath": "flowsint-core/src/flowsint_core/core/enricher_base.py",
                    "nodeType": "Method",
                    "startLine": 241,
                    "endLine": 246,
                    "content": "    def input_schema(cls) -> Dict[str, Any]:         \"\"\"         Generate input schema from InputType class attribute.         Subclasses don't need to override this unless they have special requirements.         \"\"\"         return cls.generate_input_schema()"
                },
                {
                    "id": "Method:flowsint-core/src/flowsint_core/core/enricher_base.py:Enricher.get_params_schema#0",
                    "name": "get_params_schema",
                    "filePath": "flowsint-core/src/flowsint_core/core/enricher_base.py",
                    "nodeType": "Method",
                    "startLine": 249,
                    "endLine": 251,
                    "content": "    def get_params_schema(cls) -> List[Dict[str, Any]]:         \"\"\"Can be overridden in subclasses to declare required parameters\"\"\"         return []"
                },
                {
                    "id": "Method:flowsint-core/src/flowsint_core/core/enricher_base.py:Enricher.output_schema#0",
                    "name": "output_schema",
                    "filePath": "flowsint-core/src/flowsint_core/core/enricher_base.py",
                    "nodeType": "Method",
                    "startLine": 254,
                    "endLine": 259,
                    "content": "    def output_schema(cls) -> Dict[str, Any]:         \"\"\"         Generate output schema from OutputType class attribute.         Subclasses don't need to override this unless they have special requirements.         \"\"\"         return cls.generate_output_schema()"
                },
                {
                    "id": "Method:flowsint-core/src/flowsint_core/core/enricher_base.py:Enricher.generate_input_schema#0",
                    "name": "generate_input_schema",
                    "filePath": "flowsint-core/src/flowsint_core/core/enricher_base.py",
                    "nodeType": "Method",
                    "startLine": 262,
                    "endLine": 302,
                    "content": "    def generate_input_schema(cls) -> Dict[str, Any]:         \"\"\"         Helper method to generate input schema from InputType class attribute.         Raises:             NotImplementedError: If InputType is not defined in the subclass         \"\"\"         if cls.InputType is NotImplemented:             raise NotImplementedError(f\"InputType must be defined in {cls.__name__}\")         adapter = TypeAdapter(cls.InputType)         schema = adapter.json_schema()         # Handle different schema structures         # Check for direct properties first (even if $defs exists for nested types)         if \"properties\" in schema and \"title\" in schema:             # Direct type definition (e.g., Domain, Ip, Website)             return {                 \"type\": schema.get(\"title\", \"Any\"),                 \"properties\": [                     {\"name\": prop, \"type\": resolve_type(info, schema)}                     for prop, info in schema[\"properties\"].items()                 ],             }         elif \"$defs\" in schema and schema[\"$defs\"] and \"$ref\" in schema:             # Reference to a type in $defs             type_name = schema[\"$ref\"].split(\"/\")[-1]             details = schema[\"$defs\"][type_name]             return {                 \"type\": type_name,                 \"properties\": [                     {\"name\": prop, \"type\": resolve_type(info, schema)}                     for prop, info in details[\"properties\"].items()                 ],             }         else:             # Fallback for unknown schema structures             return {                 \"type\": schema.get(\"title\", \"Any\"),                 \"properties\": [{\"name\": \"value\", \"type\": \"object\"}],             }"
                },
                {
                    "id": "Method:flowsint-core/src/flowsint_core/core/enricher_base.py:Enricher.generate_output_schema#0",
                    "name": "generate_output_schema",
                    "filePath": "flowsint-core/src/flowsint_core/core/enricher_base.py",
                    "nodeType": "Method",
                    "startLine": 305,
                    "endLine": 345,
                    "content": "    def generate_output_schema(cls) -> Dict[str, Any]:         \"\"\"         Helper method to generate output schema from OutputType class attribute.         Raises:             NotImplementedError: If OutputType is not defined in the subclass         \"\"\"         if cls.OutputType is NotImplemented:             raise NotImplementedError(f\"OutputType must be defined in {cls.__name__}\")         adapter = TypeAdapter(cls.OutputType)         schema = adapter.json_schema()         # Handle different schema structures         # Check for direct properties first (even if $defs exists for nested types)         if \"properties\" in schema and \"title\" in schema:             # Direct type definition (e.g., Domain, Ip, Website)             return {                 \"type\": schema.get(\"title\", \"Any\"),                 \"properties\": [                     {\"name\": prop, \"type\": resolve_type(info, schema)}                     for prop, info in schema[\"properties\"].items()                 ],             }         elif \"$defs\" in schema and schema[\"$defs\"] and \"$ref\" in schema:             # Reference to a type in $defs             type_name = schema[\"$ref\"].split(\"/\")[-1]             details = schema[\"$defs\"][type_name]             return {                 \"type\": type_name,                 \"properties\": [                     {\"name\": prop, \"type\": resolve_type(info, schema)}                     for prop, info in details[\"properties\"].items()                 ],             }         else:             # Fallback for unknown schema structures             return {                 \"type\": schema.get(\"title\", \"Any\"),                 \"properties\": [{\"name\": \"value\", \"type\": \"object\"}],             }"
                },
                {
                    "id": "Method:flowsint-core/src/flowsint_core/core/enricher_base.py:Enricher.set_params#1",
                    "name": "set_params",
                    "filePath": "flowsint-core/src/flowsint_core/core/enricher_base.py",
                    "nodeType": "Method",
                    "startLine": 351,
                    "endLine": 352,
                    "content": "    def set_params(self, params: Dict[str, Any]) -> None:         self.params = params"
                },
                {
                    "id": "Method:flowsint-core/src/flowsint_core/core/enricher_base.py:Enricher.get_params#0",
                    "name": "get_params",
                    "filePath": "flowsint-core/src/flowsint_core/core/enricher_base.py",
                    "nodeType": "Method",
                    "startLine": 354,
                    "endLine": 355,
                    "content": "    def get_params(self) -> Dict[str, Any]:         return self.params"
                },
                {
                    "id": "Method:flowsint-core/src/flowsint_core/core/enricher_base.py:Enricher.get_secret#2",
                    "name": "get_secret",
                    "filePath": "flowsint-core/src/flowsint_core/core/enricher_base.py",
                    "nodeType": "Method",
                    "startLine": 357,
                    "endLine": 371,
                    "content": "    def get_secret(self, key_name: str, default: Any = None) -> Any:         \"\"\"         Get a secret value by key name.         The secret is automatically resolved from the vault during async_init.         Args:             key_name: The name of the secret parameter (e.g., \"WHOXY_API_KEY\")             default: Default value if secret is not found         Returns:             The secret value from the vault, or default if not found         \"\"\"         value = self.params.get(key_name, default)         # If the value is None, return the default instead (allows fallback to env vars)         return value if value is not None else default"
                },
                {
                    "id": "Method:flowsint-core/src/flowsint_core/core/enricher_base.py:Enricher._input_validation_context#0",
                    "name": "_input_validation_context",
                    "filePath": "flowsint-core/src/flowsint_core/core/enricher_base.py",
                    "nodeType": "Method",
                    "startLine": 373,
                    "endLine": 392,
                    "content": "    def _input_validation_context(self) -> tuple[TypeAdapter | None, str | None]:         if self.InputType is NotImplemented:             return None, None         base_type = self.InputType         adapter = TypeAdapter(base_type)         primary_field = None         if issubclass(base_type, BaseModel):             for name, field in base_type.model_fields.items():                 if field.json_schema_extra and field.json_schema_extra.get(\"primary\"):                     primary_field = name                     break             if primary_field is None:                 for name, field in base_type.model_fields.items():                     if field.is_required():                         primary_field = name                         break                 if primary_field is None:                     primary_field = next(iter(base_type.model_fields.keys()))         return adapter, primary_field"
                },
                {
                    "id": "Method:flowsint-core/src/flowsint_core/core/enricher_base.py:Enricher._validate_single_input#3",
                    "name": "_validate_single_input",
                    "filePath": "flowsint-core/src/flowsint_core/core/enricher_base.py",
                    "nodeType": "Method",
                    "startLine": 394,
                    "endLine": 408,
                    "content": "    def _validate_single_input(         self,         item: Any,         *,         adapter: TypeAdapter | None = None,         primary_field: str | None = None,     ) -> Any:         \"\"\"Validate one input using the same conversion rules as ``preprocess``.\"\"\"         if self.InputType is NotImplemented:             return item         if adapter is None:             adapter, primary_field = self._input_validation_context()         if isinstance(item, str) and primary_field:             item = {primary_field: item}         return adapter.validate_python(item)"
                },
                {
                    "id": "Method:flowsint-core/src/flowsint_core/core/enricher_base.py:Enricher.preprocess#1",
                    "name": "preprocess",
                    "filePath": "flowsint-core/src/flowsint_core/core/enricher_base.py",
                    "nodeType": "Method",
                    "startLine": 410,
                    "endLine": 444,
                    "content": "    def preprocess(self, values: List) -> List:         \"\"\"         Generic preprocess that validates and converts input using InputType.         Automatically handles dicts, objects, and strings (using the model's primary field).         Invalid items are skipped silently.         Note: InputType should be defined as the base type (e.g., Ip, Domain),         not as a List (e.g., List[Ip]). The preprocess method expects a list of values         and returns a list of validated InputType instances.         \"\"\"         if self.InputType is NotImplemented:             return values         adapter, primary_field = self._input_validation_context()         cleaned = []         for item in values:             try:                 cleaned.append(                     self._validate_single_input(                         item, adapter=adapter, primary_field=primary_field                     )                 )             except Exception:                 continue         if len(cleaned) == 0:             Logger.warn(                 self.sketch_id,                 {                     \"message\": f\"No valid input were provided to enricher '{self.name()}'.\"                 },             )             return values         return cleaned"
                },
                {
                    "id": "Method:flowsint-core/src/flowsint_core/core/enricher_base.py:Enricher._process_single_input_structured#2",
                    "name": "_process_single_input_structured",
                    "filePath": "flowsint-core/src/flowsint_core/core/enricher_base.py",
                    "nodeType": "Method",
                    "startLine": 451,
                    "endLine": 455,
                    "content": "    async def _process_single_input_structured(         self, input_obj: Any, context: Any     ) -> List[Any]:         \"\"\"Process one validated input; subclasses can preserve richer grouping.\"\"\"         return await self.scan([input_obj])"
                },
                {
                    "id": "Method:flowsint-core/src/flowsint_core/core/enricher_base.py:Enricher._execute_structured_input#4",
                    "name": "_execute_structured_input",
                    "filePath": "flowsint-core/src/flowsint_core/core/enricher_base.py",
                    "nodeType": "Method",
                    "startLine": 515,
                    "endLine": 563,
                    "content": "    async def _execute_structured_input(         self,         original_input: Any,         context: Any,         *,         adapter: TypeAdapter | None = None,         primary_field: str | None = None,     ) -> InputOutcome:         input_ref = canonical_input_hash(original_input)         try:             input_obj = self._validate_single_input(                 original_input, adapter=adapter, primary_field=primary_field             )         except Exception as error:             return InputOutcome(                 input_ref=input_ref,                 status=OutcomeStatus.FAILURE,                 diagnostic=self._classify_structured_exception(error),             )         outputs: tuple[Any, ...] = ()         diagnostic: RedactedDiagnostic | None = None         status = OutcomeStatus.SUCCESS         try:             processed = await self._process_single_input_structured(input_obj, context)             outputs = tuple(self.postprocess(processed, [input_obj]))         except Exception as error:             status = OutcomeStatus.FAILURE             diagnostic = self._classify_structured_exception(error)         try:             evidence = self._build_structured_evidence(input_obj, input_ref)         except Exception as error:             evidence = ()             status = OutcomeStatus.FAILURE             diagnostic = self._classify_structured_exception(error)         if status is OutcomeStatus.SUCCESS:             status, diagnostic = self._classify_structured_success(outputs, evidence)         if status is not OutcomeStatus.SUCCESS:             outputs = ()         return InputOutcome(             input_ref=input_ref,             status=status,             outputs=outputs,             diagnostic=diagnostic,             evidence=evidence,         )"
                },
                {
                    "id": "Method:flowsint-core/src/flowsint_core/core/enricher_base.py:Enricher.postprocess#2",
                    "name": "postprocess",
                    "filePath": "flowsint-core/src/flowsint_core/core/enricher_base.py",
                    "nodeType": "Method",
                    "startLine": 624,
                    "endLine": 627,
                    "content": "    def postprocess(         self, results: List[Dict[str, Any]], input_data: List[str] = None     ) -> List[Dict[str, Any]]:         return results"
                },
                {
                    "id": "Method:flowsint-core/src/flowsint_core/core/enricher_base.py:Enricher.create_node#1",
                    "name": "create_node",
                    "filePath": "flowsint-core/src/flowsint_core/core/enricher_base.py",
                    "nodeType": "Method",
                    "startLine": 657,
                    "endLine": 676,
                    "content": "    def create_node(self, node_obj) -> None:         \"\"\"         Create a single Neo4j node.         The following properties are automatically added to every node:         - type: Lowercase version of node_type         - sketch_id: Current sketch ID from enricher context         - label: Automatically computed by FlowsintType, or defaults to key_value if not provided         - created_at: ISO 8601 UTC timestamp (only on creation, not updates)         Use Pydantic object directly:             ```python             self.create_node(ip)             ```         Args:             node_obj: Either a Pydantic object or node label string             **properties: Additional node properties or overrides         \"\"\"         self._graph_service.create_node_from_flowsint_type(node_obj=node_obj)"
                },
                {
                    "id": "Method:flowsint-core/src/flowsint_core/core/enricher_base.py:Enricher.create_relationship#3",
                    "name": "create_relationship",
                    "filePath": "flowsint-core/src/flowsint_core/core/enricher_base.py",
                    "nodeType": "Method",
                    "startLine": 678,
                    "endLine": 700,
                    "content": "    def create_relationship(         self,         from_obj,         to_obj,         rel_label=\"IS_RELATED_TO\",     ) -> None:         \"\"\"         Create a relationship between two nodes.         Best Practice - Use Pydantic objects directly:             ```python             self.create_relationship(individual, domain, \"HAS_DOMAIN\")             self.create_relationship(email, breach, \"FOUND_IN_BREACH\")             ```         Args:             from_obj: Either a Pydantic object (source) or source node label             to_obj: Either a Pydantic object (target) or source node key property             rel_label: Either relationship type (Pydantic) or source node key value         \"\"\"         self._graph_service.create_relationship(             from_obj=from_obj, to_obj=to_obj, rel_label=rel_label         )"
                },
                {
                    "id": "Method:flowsint-core/src/flowsint_core/core/enricher_base.py:Enricher.log_graph_message#1",
                    "name": "log_graph_message",
                    "filePath": "flowsint-core/src/flowsint_core/core/enricher_base.py",
                    "nodeType": "Method",
                    "startLine": 702,
                    "endLine": 709,
                    "content": "    def log_graph_message(self, message: str) -> None:         \"\"\"         Log a graph operation message.         Args:             message: Message to log         \"\"\"         self._graph_service.log_graph_message(message)"
                },
                {
                    "id": "Method:flowsint-core/src/flowsint_core/core/enricher_base.py:Enricher.graph_service#0",
                    "name": "graph_service",
                    "filePath": "flowsint-core/src/flowsint_core/core/enricher_base.py",
                    "nodeType": "Method",
                    "startLine": 712,
                    "endLine": 719,
                    "content": "    def graph_service(self) -> GraphService:         \"\"\"         Get the graph service instance.         Returns:             GraphService instance for advanced operations         \"\"\"         return self._graph_service"
                },
                {
                    "id": "Method:flowsint-core/src/flowsint_core/core/logger.py:LoggerSingleton.info#2",
                    "name": "info",
                    "filePath": "flowsint-core/src/flowsint_core/core/logger.py",
                    "nodeType": "Method",
                    "startLine": 239,
                    "endLine": 241,
                    "content": "    def info(self, sketch_id: Union[str, UUID], message: Dict) -> None:         \"\"\"Log an info message.\"\"\"         self._log(sketch_id, EventLevel.INFO, message)"
                },
                {
                    "id": "Method:flowsint-core/src/flowsint_core/core/logger.py:LoggerSingleton.error#2",
                    "name": "error",
                    "filePath": "flowsint-core/src/flowsint_core/core/logger.py",
                    "nodeType": "Method",
                    "startLine": 243,
                    "endLine": 245,
                    "content": "    def error(self, sketch_id: Union[str, UUID], message: Dict) -> None:         \"\"\"Log an error message.\"\"\"         self._log(sketch_id, EventLevel.FAILED, message)"
                },
                {
                    "id": "Method:flowsint-core/src/flowsint_core/core/logger.py:LoggerSingleton.completed#2",
                    "name": "completed",
                    "filePath": "flowsint-core/src/flowsint_core/core/logger.py",
                    "nodeType": "Method",
                    "startLine": 259,
                    "endLine": 276,
                    "content": "    def completed(self, sketch_id: Union[str, UUID], message: Dict) -> None:         \"\"\"Log a completed message.\"\"\"         self._log(sketch_id, EventLevel.COMPLETED, message)         # Also publish to status channel for graph refresh         try:             import uuid             temp_log_id = str(uuid.uuid4())             from ..tasks.event import emit_status_event_task             emit_status_event_task.apply(                 args=[temp_log_id, str(sketch_id), EventLevel.COMPLETED, message]             )         except Exception as e:             import logging             logging.error(f\"Failed to emit status event: {e}\")"
                },
                {
                    "id": "Function:flowsint-core/src/flowsint_core/core/enricher_base.py:build_params_model",
                    "name": "build_params_model",
                    "filePath": "flowsint-core/src/flowsint_core/core/enricher_base.py",
                    "nodeType": "Function",
                    "startLine": 29,
                    "endLine": 59,
                    "content": "def build_params_model(params_schema: list) -> BaseModel:     \"\"\"     Build a strict Pydantic model from a params_schema.     Unknown fields will raise a validation error.     Note: Vault secrets are always optional in the Pydantic model to allow     for deferred configuration. Required validation happens after vault resolution.     \"\"\"     fields: Dict[str, Any] = {}     for param in params_schema:         name = param[\"name\"]         param_type = param.get(\"type\", \"string\")         field_type = bool if param_type == \"bool\" else str         required = param.get(\"required\", False)         # Vault secrets are always optional in Pydantic validation         # Required validation happens after vault resolution         if param_type == \"vaultSecret\":             default = param.get(\"default\", None)         else:             default = ... if required else param.get(\"default\")         fields[name] = (             Optional[field_type],             Field(default=default, description=param.get(\"description\", \"\")),         )     model = create_model(\"ParamsModel\", __config__=ConfigDict(extra=\"forbid\"), **fields)     return model"
                },
                {
                    "id": "Function:flowsint-core/src/flowsint_execution/artifact_runtime.py:load_artifact_runtime",
                    "name": "load_artifact_runtime",
                    "filePath": "flowsint-core/src/flowsint_execution/artifact_runtime.py",
                    "nodeType": "Function",
                    "startLine": 100,
                    "endLine": 151,
                    "content": "def load_artifact_runtime(     *,     caller_id: str,     scope: str,     source_family: str,     config_path: str | os.PathLike[str] | None = None,     now: datetime | None = None, ) -> ArtifactRuntime | None:     \"\"\"Load the current matching reviewed policy, or fail closed with ``None``.\"\"\"     selected_path = Path(config_path) if config_path is not None else None     if selected_path is None:         configured = os.environ.get(RUNTIME_CONFIG_ENV)         if not configured:             return None         selected_path = Path(configured)     try:         raw_bytes = selected_path.read_bytes()         raw = json.loads(raw_bytes)         config = ArtifactRuntimeConfig.model_validate_json(raw_bytes, strict=True)     except (OSError, ValueError, json.JSONDecodeError):         return None     current = now or datetime.now(timezone.utc)     matches = []     for raw_policy, policy in zip(raw.get(\"policies\", ()), config.policies, strict=True):         if _policy_digest(raw_policy) != policy.content_digest:             continue         if (             policy.caller_id == caller_id             and policy.scope == scope             and policy.source_family == source_family             and policy.issued_at <= current < policy.expires_at         ):             matches.append(policy)     if len(matches) != 1:         return None     policy = matches[0]     authority = RetentionAuthority(         issuer_id=policy.issuer_id,         reviewer_id=policy.reviewer_id,         policy_id=policy.policy_id,         policy_digest=policy.content_digest,         caller_id=policy.caller_id,         scope=policy.scope,         source_family=policy.source_family,         expires_at=policy.expires_at,         retain_normalized_text=policy.retain_normalized_text,     )     try:         store = FilesystemArtifactStore(config.store_root)     except OSError:         return None     return ArtifactRuntime(store=store, authority=authority)"
                },
                {
                    "id": "Function:flowsint-core/src/flowsint_execution/artifact_runtime.py:encode_source_proof",
                    "name": "encode_source_proof",
                    "filePath": "flowsint-core/src/flowsint_execution/artifact_runtime.py",
                    "nodeType": "Function",
                    "startLine": 154,
                    "endLine": 159,
                    "content": "def encode_source_proof(proof: PersistedSourceProof) -> str:     raw = proof.model_dump_json(warnings=\"error\").encode(\"utf-8\")     encoded = \"sp1.\" + base64.urlsafe_b64encode(raw).rstrip(b\"=\").decode(\"ascii\")     if len(encoded) > 8 * 1024 * 1024:         raise ValueError(\"source_proof_too_large\")     return encoded"
                },
                {
                    "id": "Function:flowsint-core/src/flowsint_execution/artifacts.py:capture_source",
                    "name": "capture_source",
                    "filePath": "flowsint-core/src/flowsint_execution/artifacts.py",
                    "nodeType": "Function",
                    "startLine": 273,
                    "endLine": 326,
                    "content": "def capture_source(store: FilesystemArtifactStore, context: ArtifactContext,                    decision: RetentionDecision | None, body: bytes | None, *, complete: bool = True,                    normalized: NormalizedSource | None = None, now: datetime | None = None,                    cancelled: Callable[[], bool] | None = None) -> CaptureResult:     current = now or datetime.now(timezone.utc)     if cancelled is not None and cancelled(): return CaptureResult(ArtifactState.HOLD, \"capture_cancelled\")     if body is None: return CaptureResult(ArtifactState.REVIEW, \"body_missing\")     if not complete: return CaptureResult(ArtifactState.REVIEW, \"truncated_body\")     if decision is None: return CaptureResult(ArtifactState.HOLD, \"retention_policy_unavailable\")     mismatch = _bound(context, decision, current)     if mismatch: return CaptureResult(ArtifactState.REVIEW, mismatch)     if normalized is not None and not decision.retain_normalized_text:         return CaptureResult(ArtifactState.HOLD, \"normalized_retention_prohibited\")     if normalized is not None:         try: normalized.reproduce(body)         except (ValueError, UnicodeDecodeError): return CaptureResult(ArtifactState.REVIEW, \"normalized_source_mismatch\")     if cancelled is not None and cancelled(): return CaptureResult(ArtifactState.HOLD, \"capture_cancelled\")     digest, snapshot_id = hashlib.sha256(body).hexdigest(), secrets.token_hex(16)     artifact = ArtifactReference(artifact_id=f\"artifact-{snapshot_id}\", snapshot_id=snapshot_id,         content_digest=digest, byte_length=len(body), locator=f\"sha256:{digest}\", source_family=context.source_family,         origin=context.origin, retrieved_at=context.retrieved_at, event_at=context.event_at,         requested_url=context.requested_url, final_url=context.final_url)     metadata = {\"snapshot_id\": snapshot_id, \"artifact_id\": artifact.artifact_id,         \"operation_id\": context.operation_id, \"occurrence_id\": context.occurrence_id,         \"caller_id\": context.caller_id, \"scope\": context.scope, \"source_family\": context.source_family,         \"origin\": context.origin, \"requested_url\": context.requested_url, \"final_url\": context.final_url,         \"retrieved_at\": context.retrieved_at.isoformat(), \"event_at\": context.event_at.isoformat() if context.event_at else None,         \"content_digest\": digest, \"byte_length\": len(body), \"policy_digest\": decision.policy_digest,         \"policy_id\": decision.policy_id, \"issuer_id\": decision.issuer_id, \"reviewer_id\": decision.reviewer_id,         \"issued_at\": decision.issued_at.isoformat(), \"expires_at\": decision.expires_at.isoformat(),         \"retain_body\": decision.retain_body, \"retain_normalized_text\": decision.retain_normalized_text,         \"normalized\": ({\"text\": normalized.text, \"spans\": [asdict(s) for s in normalized.spans],                         \"source_digest\": normalized.source_digest} if normalized else None)}     if normalized is not None:         wire_spans = [SourceProofSpanReference(             span_id=f\"span-{snapshot_id}-{index}\", artifact_id=artifact.artifact_id,             byte_start=span.raw_start, byte_end=span.raw_end,             normalized_start=span.normalized_start, normalized_end=span.normalized_end,             raw_offset_unit=\"byte\", normalized_offset_unit=\"unicode_code_point\",             source_encoding=\"utf-8\",         ).model_dump(mode=\"json\") for index, span in enumerate(normalized.spans)]         proof_payload = {\"format_version\": \"source-proof/1.0\", \"input_ref\": \"0\" * 64,             \"context\": context.model_dump(mode=\"json\"), \"decision\": decision.model_dump(mode=\"json\"),             \"artifact\": artifact.model_dump(mode=\"json\"), \"spans\": wire_spans}         proof_raw = _canonical(proof_payload)         encoded_size = 4 + ((len(proof_raw) * 4 + 2) // 3)         if encoded_size > _MAX_EVIDENCE_PROOF_BYTES:             return CaptureResult(ArtifactState.REVIEW, \"source_proof_too_large\")     if cancelled is not None and cancelled(): return CaptureResult(ArtifactState.HOLD, \"capture_cancelled\")     try: store.write(body, metadata)     except (FileNotFoundError, PermissionError): return CaptureResult(ArtifactState.HOLD, \"artifact_store_unavailable\")     except (OSError, ValueError, TypeError): return CaptureResult(ArtifactState.REVIEW, \"artifact_store_invalid\")     if cancelled is not None and cancelled(): return CaptureResult(ArtifactState.HOLD, \"capture_cancelled\")     return CaptureResult(ArtifactState.AVAILABLE, \"retained\", artifact)"
                },
                {
                    "id": "Function:flowsint-core/src/flowsint_execution/models.py:canonical_input_hash",
                    "name": "canonical_input_hash",
                    "filePath": "flowsint-core/src/flowsint_execution/models.py",
                    "nodeType": "Function",
                    "startLine": 139,
                    "endLine": 149,
                    "content": "def canonical_input_hash(value: Any) -> str:     \"\"\"Return the stable SHA-256 reference for an input without retaining it.\"\"\"     canonical = json.dumps(         _canonicalize_input(value),         ensure_ascii=False,         separators=(\",\", \":\"),         sort_keys=True,         allow_nan=False,     )     return hashlib.sha256(canonical.encode(\"utf-8\")).hexdigest()"
                }
            ]
        },
        "d=3": {
            "depth": 3,
            "label": "MAY NEED TESTING",
            "symbols": [
                {
                    "id": "Method:flowsint-core/src/flowsint_core/core/logger.py:LoggerSingleton._log#3",
                    "name": "_log",
                    "filePath": "flowsint-core/src/flowsint_core/core/logger.py",
                    "nodeType": "Method",
                    "startLine": 201,
                    "endLine": 235,
                    "content": "    def _log(         self, sketch_id: Union[str, UUID], level: EventLevel, content: Dict     ) -> None:         \"\"\"         Internal logging method.         Process:         1. Capture timestamp and sequence number immediately         2. Emit event immediately (real-time UI)         3. Queue for batch insertion with ordering info (performance)         Args:             sketch_id: Sketch ID for log routing             level: Log level             content: Log content/message         \"\"\"         # Capture timestamp and sequence at the time of logging (not insertion)         sequence = self._get_next_sequence()         timestamp = datetime.now(timezone.utc)         # Generate a temporary ID for immediate event emission         import uuid         temp_log_id = str(uuid.uuid4())         # 1. IMMEDIATE: Emit event for real-time display         self._emit_event(temp_log_id, str(sketch_id), level, content)         # 2. BATCHED: Queue for database insertion with ordering info         # Format: (sequence, timestamp, sketch_id, level, content)         self._log_queue.put((sequence, timestamp, str(sketch_id), level, content))         # 3. Check if we should flush immediately (batch size reached)         if self._log_queue.qsize() >= self._batch_size:             self._flush_batch()"
                },
                {
                    "id": "Method:flowsint-core/src/flowsint_core/core/logger.py:LoggerSingleton.warn#2",
                    "name": "warn",
                    "filePath": "flowsint-core/src/flowsint_core/core/logger.py",
                    "nodeType": "Method",
                    "startLine": 247,
                    "endLine": 249,
                    "content": "    def warn(self, sketch_id: Union[str, UUID], message: Dict) -> None:         \"\"\"Log a warning message.\"\"\"         self._log(sketch_id, EventLevel.WARNING, message)"
                },
                {
                    "id": "Method:flowsint-core/src/flowsint_execution/artifacts.py:NormalizedSource.reproduce#1",
                    "name": "reproduce",
                    "filePath": "flowsint-core/src/flowsint_execution/artifacts.py",
                    "nodeType": "Method",
                    "startLine": 105,
                    "endLine": 109,
                    "content": "    def reproduce(self, body: bytes) -> str:         recomputed = normalize_html(body)         if self != recomputed:             raise ValueError(\"normalized_source_mismatch\")         return recomputed.text"
                },
                {
                    "id": "Method:flowsint-core/src/flowsint_execution/artifacts.py:FilesystemArtifactStore.write#2",
                    "name": "write",
                    "filePath": "flowsint-core/src/flowsint_execution/artifacts.py",
                    "nodeType": "Method",
                    "startLine": 202,
                    "endLine": 249,
                    "content": "    def write(self, body: bytes, metadata: dict[str, Any]) -> None:         digest, snapshot_id = hashlib.sha256(body).hexdigest(), metadata.get(\"snapshot_id\")         if len(body) > _MAX_ARTIFACT_BYTES or not isinstance(snapshot_id, str) or not re.fullmatch(r\"[a-f0-9]{32}\", snapshot_id):             raise ValueError(\"invalid artifact\")         record_bytes = _canonical(metadata)         if len(record_bytes) > _MAX_METADATA_BYTES: raise ValueError(\"oversized metadata\")         root_fd = self._root_fd()         try:             objects_fd = self._dir(root_fd, \"objects\")             try:                 try: os.mkdir(digest[:2], 0o700, dir_fd=objects_fd)                 except FileExistsError: pass                 prefix_fd = self._dir(objects_fd, digest[:2])                 try:                     name = f\"{digest}.body\"                     temporary = f\".{digest}.{secrets.token_hex(8)}.tmp\"                     object_fd = os.open(temporary, os.O_WRONLY | os.O_CREAT | os.O_EXCL | os.O_NOFOLLOW, 0o600, dir_fd=prefix_fd)                     try:                         try:                             self._write_all(object_fd, body); os.fsync(object_fd)                         finally: os.close(object_fd)                         try: os.link(temporary, name, src_dir_fd=prefix_fd, dst_dir_fd=prefix_fd, follow_symlinks=False)                         except FileExistsError:                             object_fd = os.open(name, os.O_RDONLY | os.O_NOFOLLOW, dir_fd=prefix_fd)                             try:                                 if self._read_bounded(object_fd, len(body)) != body: raise OSError(\"artifact collision\")                             finally: os.close(object_fd)                     finally:                         os.unlink(temporary, dir_fd=prefix_fd)                 finally: os.close(prefix_fd)             finally: os.close(objects_fd)             records_fd = self._dir(root_fd, \"records\")             try:                 temporary = f\".{snapshot_id}.{secrets.token_hex(8)}.tmp\"                 fd = os.open(temporary, os.O_WRONLY | os.O_CREAT | os.O_EXCL | os.O_NOFOLLOW, 0o600, dir_fd=records_fd)                 try:                     try: self._write_all(fd, record_bytes); os.fsync(fd)                     finally: os.close(fd)                     os.link(temporary, f\"{snapshot_id}.json\", src_dir_fd=records_fd, dst_dir_fd=records_fd, follow_symlinks=False)                 finally:                     os.unlink(temporary, dir_fd=records_fd)             finally: os.close(records_fd)             fd = os.open(\"lineage.jsonl\", os.O_WRONLY | os.O_CREAT | os.O_APPEND | os.O_NOFOLLOW, 0o600, dir_fd=root_fd)             try:                 fcntl.flock(fd, fcntl.LOCK_EX)                 self._write_all(fd, record_bytes + b\"\\n\")             finally: os.close(fd)         finally: os.close(root_fd)"
                },
                {
                    "id": "Function:flowsint-core/src/flowsint_core/utils.py:resolve_type",
                    "name": "resolve_type",
                    "filePath": "flowsint-core/src/flowsint_core/utils.py",
                    "nodeType": "Function",
                    "startLine": 131,
                    "endLine": 159,
                    "content": "def resolve_type(details: dict, schema_context: dict = None) -> str:     if \"anyOf\" in details:         types = []         for option in details[\"anyOf\"]:             if \"$ref\" in option:                 ref = option[\"$ref\"].split(\"/\")[-1]                 types.append(ref)             elif option.get(\"type\") == \"array\":                 # Handle array types within anyOf                 item_type = resolve_type(option.get(\"items\", {}), schema_context)                 types.append(f\"{item_type}[]\")             else:                 types.append(option.get(\"type\", \"unknown\"))         return \" | \".join(types)     if \"type\" in details:         if details[\"type\"] == \"array\":             item_type = resolve_type(details.get(\"items\", {}), schema_context)             return f\"{item_type}[]\"         return details[\"type\"]     # Handle $ref in array items or other contexts     if \"$ref\" in details and schema_context:         ref_path = details[\"$ref\"]         if ref_path.startswith(\"#/$defs/\"):             ref_name = ref_path.split(\"/\")[-1]             return ref_name     return \"any\""
                },
                {
                    "id": "Function:flowsint-core/src/flowsint_execution/artifact_runtime.py:_policy_digest",
                    "name": "_policy_digest",
                    "filePath": "flowsint-core/src/flowsint_execution/artifact_runtime.py",
                    "nodeType": "Function",
                    "startLine": 94,
                    "endLine": 97,
                    "content": "def _policy_digest(policy: dict[str, Any]) -> str:     content = {key: value for key, value in policy.items() if key != \"content_digest\"}     canonical = json.dumps(content, ensure_ascii=True, sort_keys=True, separators=(\",\", \":\"))     return hashlib.sha256(canonical.encode(\"utf-8\")).hexdigest()"
                },
                {
                    "id": "Function:flowsint-core/src/flowsint_execution/artifacts.py:_canonical",
                    "name": "_canonical",
                    "filePath": "flowsint-core/src/flowsint_execution/artifacts.py",
                    "nodeType": "Function",
                    "startLine": 132,
                    "endLine": 133,
                    "content": "def _canonical(value: Any) -> bytes:     return json.dumps(value, sort_keys=True, separators=(\",\", \":\"), ensure_ascii=True).encode()"
                },
                {
                    "id": "Function:flowsint-core/src/flowsint_execution/artifacts.py:_bound",
                    "name": "_bound",
                    "filePath": "flowsint-core/src/flowsint_execution/artifacts.py",
                    "nodeType": "Function",
                    "startLine": 138,
                    "endLine": 148,
                    "content": "def _bound(context: ArtifactContext, decision: RetentionDecision, now: datetime) -> str | None:     if not _aware(now) or not _aware(decision.issued_at) or not _aware(decision.expires_at):         return \"malformed_policy_time\"     if now < decision.issued_at:         return \"policy_not_yet_valid\"     if now >= decision.expires_at:         return \"policy_expired\"     if (context.operation_id != decision.operation_id or context.caller_id != decision.caller_id             or context.scope != decision.scope or context.source_family != decision.source_family):         return \"authorization_mismatch\"     return None"
                },
                {
                    "id": "Function:flowsint-core/src/flowsint_execution/models.py:_canonicalize_input",
                    "name": "_canonicalize_input",
                    "filePath": "flowsint-core/src/flowsint_execution/models.py",
                    "nodeType": "Function",
                    "startLine": 96,
                    "endLine": 136,
                    "content": "def _canonicalize_input(value: Any) -> Any:     \"\"\"Convert supported input values to a deterministic JSON-compatible shape.\"\"\"     if isinstance(value, BaseModel):         return _canonicalize_input(             value.model_dump(mode=\"json\", by_alias=True, exclude_none=False)         )     if isinstance(value, Mapping):         return {             str(key): _canonicalize_input(item)             for key, item in sorted(value.items(), key=lambda item: str(item[0]))         }     if isinstance(value, (list, tuple)):         return [_canonicalize_input(item) for item in value]     if isinstance(value, (set, frozenset)):         canonical_items = [_canonicalize_input(item) for item in value]         return sorted(             canonical_items,             key=lambda item: json.dumps(                 item, ensure_ascii=False, separators=(\",\", \":\"), sort_keys=True             ),         )     if isinstance(value, float):         if math.isnan(value):             return {\"float\": \"nan\"}         if math.isinf(value):             return {\"float\": \"infinity\" if value > 0 else \"-infinity\"}         return value     if isinstance(value, Enum):         return _canonicalize_input(value.value)     if isinstance(value, datetime):         if value.tzinfo is not None and value.utcoffset() is not None:             value = value.astimezone(timezone.utc)         return value.isoformat()     if isinstance(value, bytes):         return {\"bytes_base64\": base64.b64encode(value).decode(\"ascii\")}     if value is None or isinstance(value, (bool, int, str)):         return value     if hasattr(value, \"model_dump\"):         return _canonicalize_input(value.model_dump(mode=\"json\"))     return {\"type\": f\"{type(value).__module__}.{type(value).__qualname__}\"}"
                }
            ]
        }
    },
    "summary": {
        "cwd": "/home/n4s5ti/Documents/dev/fl0sint-def44-source",
        "rootPath": "/home/n4s5ti/Documents/dev/fl0sint-def44-source",
        "repo": "fl0sint-def44-source",
        "lbugPath": "/home/n4s5ti/Documents/dev/fl0sint-def44-source/.gitnexus/lbug",
        "symbol": "flowsint-core/src/flowsint_core/core/template_enricher.py:TemplateEnricher",
        "rootSymbols": 1,
        "totalSymbols": 78,
        "totalEdges": 144,
        "filesMatched": 8,
        "truncated": false,
        "direct": 36,
        "processes": 0,
        "modules": 1
    },
    "warnings": [],
    "completeness": "complete",
    "completenessReasons": [],
    "indexStatus": "ready"
}
