{
    "symbol": "flowsint-enrichers/src/flowsint_enrichers/website/to_text.py:execute_structured",
    "repo": "fl0sint-def42-s02",
    "lbugPath": "/home/n4s5ti/Documents/dev/fl0sint-def42-s02/.gitnexus/lbug",
    "rootPath": "/home/n4s5ti/Documents/dev/fl0sint-def42-s02",
    "direction": "downstream",
    "risk": "HIGH",
    "target": {
        "id": "Method:flowsint-enrichers/src/flowsint_enrichers/website/to_text.py:WebsiteToText.execute_structured#1",
        "name": "execute_structured",
        "filePath": "flowsint-enrichers/src/flowsint_enrichers/website/to_text.py",
        "nodeType": "Method",
        "startLine": 447,
        "endLine": 543,
        "content": "    async def execute_structured(self, values: List[Any]) -> StructuredExecutionResult:         \"\"\"Preserve every original input as one terminal structured outcome.\"\"\"         outcomes: list[InputOutcome | None] = [None] * len(values)         if self.name() != \"enricher_orchestrator\":             Logger.info(self.sketch_id, {\"message\": f\"Enricher {self.name()} started.\"})         try:             await self.async_init()         except asyncio.CancelledError:             outcomes = [                 InputOutcome(                     input_ref=canonical_input_hash(value),                     status=OutcomeStatus.HOLD,                     diagnostic=self._diagnostic(                         \"cancelled\", \"The operation was cancelled before completion.\"                     ),                 )                 for value in values             ]         except Exception as error:             diagnostic = self._classify_structured_exception(error)             outcomes = [                 InputOutcome(                     input_ref=canonical_input_hash(value),                     status=OutcomeStatus.FAILURE,                     diagnostic=diagnostic,                 )                 for value in values             ]         else:             adapter, primary_field = self._input_validation_context()             specs: list[tuple[int, Website, str]] = []             for index, value in enumerate(values):                 try:                     source = self._validate_single_input(                         value, adapter=adapter, primary_field=primary_field                     )                 except Exception as error:                     outcomes[index] = InputOutcome(                         input_ref=canonical_input_hash(value),                         status=OutcomeStatus.FAILURE,                         diagnostic=self._classify_structured_exception(error),                     )                 else:                     specs.append((index, source, canonical_input_hash(value)))             try:                 occurrences = await self._scan_occurrence_specs(specs)                 self.postprocess(occurrences)             except asyncio.CancelledError:                 for index, value in enumerate(values):                     if outcomes[index] is None:                         outcomes[index] = InputOutcome(                             input_ref=canonical_input_hash(value),                             status=OutcomeStatus.HOLD,                             diagnostic=self._diagnostic(                                 \"cancelled\", \"The operation was cancelled before completion.\"                             ),                         )             except Exception as error:                 diagnostic = self._classify_structured_exception(error)                 for index, value in enumerate(values):                     if outcomes[index] is None:                         outcomes[index] = InputOutcome(                             input_ref=canonical_input_hash(value),                             status=OutcomeStatus.FAILURE,                             diagnostic=diagnostic,                         )             else:                 for occurrence in occurrences:                     outcomes[occurrence.index] = occurrence.to_input_outcome()         finally:             try:                 self._graph_service.flush()             except Exception:                 Logger.error(                     self.sketch_id,                     {\"message\": f\"Enricher {self.name()} graph flush failed.\"},                 )         final_outcomes: list[InputOutcome] = []         for index, value in enumerate(values):             outcome = outcomes[index]             if outcome is None:                 outcome = InputOutcome(                     input_ref=canonical_input_hash(value),                     status=OutcomeStatus.FAILURE,                     diagnostic=self._diagnostic(                         \"unexpected_error\", \"Processing ended without a terminal outcome.\"                     ),                 )             final_outcomes.append(outcome)         if self.name() != \"enricher_orchestrator\":             Logger.completed(self.sketch_id, {\"message\": f\"Enricher {self.name()} finished.\"})         return StructuredExecutionResult(             enricher_name=self.name(),             outcomes=tuple(final_outcomes),         )"
    },
    "symbols": [
        {
            "id": "Method:flowsint-enrichers/src/flowsint_enrichers/website/to_text.py:WebsiteToText.execute_structured#1",
            "name": "execute_structured",
            "filePath": "flowsint-enrichers/src/flowsint_enrichers/website/to_text.py",
            "nodeType": "Method",
            "startLine": 447,
            "endLine": 543,
            "content": "    async def execute_structured(self, values: List[Any]) -> StructuredExecutionResult:         \"\"\"Preserve every original input as one terminal structured outcome.\"\"\"         outcomes: list[InputOutcome | None] = [None] * len(values)         if self.name() != \"enricher_orchestrator\":             Logger.info(self.sketch_id, {\"message\": f\"Enricher {self.name()} started.\"})         try:             await self.async_init()         except asyncio.CancelledError:             outcomes = [                 InputOutcome(                     input_ref=canonical_input_hash(value),                     status=OutcomeStatus.HOLD,                     diagnostic=self._diagnostic(                         \"cancelled\", \"The operation was cancelled before completion.\"                     ),                 )                 for value in values             ]         except Exception as error:             diagnostic = self._classify_structured_exception(error)             outcomes = [                 InputOutcome(                     input_ref=canonical_input_hash(value),                     status=OutcomeStatus.FAILURE,                     diagnostic=diagnostic,                 )                 for value in values             ]         else:             adapter, primary_field = self._input_validation_context()             specs: list[tuple[int, Website, str]] = []             for index, value in enumerate(values):                 try:                     source = self._validate_single_input(                         value, adapter=adapter, primary_field=primary_field                     )                 except Exception as error:                     outcomes[index] = InputOutcome(                         input_ref=canonical_input_hash(value),                         status=OutcomeStatus.FAILURE,                         diagnostic=self._classify_structured_exception(error),                     )                 else:                     specs.append((index, source, canonical_input_hash(value)))             try:                 occurrences = await self._scan_occurrence_specs(specs)                 self.postprocess(occurrences)             except asyncio.CancelledError:                 for index, value in enumerate(values):                     if outcomes[index] is None:                         outcomes[index] = InputOutcome(                             input_ref=canonical_input_hash(value),                             status=OutcomeStatus.HOLD,                             diagnostic=self._diagnostic(                                 \"cancelled\", \"The operation was cancelled before completion.\"                             ),                         )             except Exception as error:                 diagnostic = self._classify_structured_exception(error)                 for index, value in enumerate(values):                     if outcomes[index] is None:                         outcomes[index] = InputOutcome(                             input_ref=canonical_input_hash(value),                             status=OutcomeStatus.FAILURE,                             diagnostic=diagnostic,                         )             else:                 for occurrence in occurrences:                     outcomes[occurrence.index] = occurrence.to_input_outcome()         finally:             try:                 self._graph_service.flush()             except Exception:                 Logger.error(                     self.sketch_id,                     {\"message\": f\"Enricher {self.name()} graph flush failed.\"},                 )         final_outcomes: list[InputOutcome] = []         for index, value in enumerate(values):             outcome = outcomes[index]             if outcome is None:                 outcome = InputOutcome(                     input_ref=canonical_input_hash(value),                     status=OutcomeStatus.FAILURE,                     diagnostic=self._diagnostic(                         \"unexpected_error\", \"Processing ended without a terminal outcome.\"                     ),                 )             final_outcomes.append(outcome)         if self.name() != \"enricher_orchestrator\":             Logger.completed(self.sketch_id, {\"message\": f\"Enricher {self.name()} finished.\"})         return StructuredExecutionResult(             enricher_name=self.name(),             outcomes=tuple(final_outcomes),         )"
        },
        {
            "id": "Function:flowsint-core/src/flowsint_core/core/enricher_base.py:build_params_model",
            "name": "build_params_model",
            "filePath": "flowsint-core/src/flowsint_core/core/enricher_base.py",
            "nodeType": "Function",
            "startLine": 29,
            "endLine": 59,
            "content": "def build_params_model(params_schema: list) -> BaseModel:     \"\"\"     Build a strict Pydantic model from a params_schema.     Unknown fields will raise a validation error.     Note: Vault secrets are always optional in the Pydantic model to allow     for deferred configuration. Required validation happens after vault resolution.     \"\"\"     fields: Dict[str, Any] = {}     for param in params_schema:         name = param[\"name\"]         param_type = param.get(\"type\", \"string\")         field_type = bool if param_type == \"bool\" else str         required = param.get(\"required\", False)         # Vault secrets are always optional in Pydantic validation         # Required validation happens after vault resolution         if param_type == \"vaultSecret\":             default = param.get(\"default\", None)         else:             default = ... if required else param.get(\"default\")         fields[name] = (             Optional[field_type],             Field(default=default, description=param.get(\"description\", \"\")),         )     model = create_model(\"ParamsModel\", __config__=ConfigDict(extra=\"forbid\"), **fields)     return model"
        },
        {
            "id": "Method:flowsint-core/src/flowsint_core/core/enricher_base.py:Enricher.async_init#0",
            "name": "async_init",
            "filePath": "flowsint-core/src/flowsint_core/core/enricher_base.py",
            "nodeType": "Method",
            "startLine": 152,
            "endLine": 166,
            "content": "    async def async_init(self):         self.ParamsModel = build_params_model(self.params_schema)         # Always resolve parameters, even if self.params is empty         # This allows vault secrets to be fetched by name from params_schema         resolved_params = self.resolve_params()         # Strict validation after resolution         try:             validated = self.ParamsModel(**resolved_params)             self.params = validated.model_dump()         except ValidationError as e:             raise InvalidEnricherParams(                 f\"Enricher '{self.name()}' received invalid parameters: {e}\"             )"
        },
        {
            "id": "Method:flowsint-core/src/flowsint_core/core/enricher_base.py:Enricher.resolve_params#0",
            "name": "resolve_params",
            "filePath": "flowsint-core/src/flowsint_core/core/enricher_base.py",
            "nodeType": "Method",
            "startLine": 168,
            "endLine": 203,
            "content": "    def resolve_params(self) -> Dict[str, Any]:         resolved = {}         for param in self.params_schema:             param_name = param[\"name\"]             param_type = param.get(\"type\", \"string\")             if param_type == \"vaultSecret\":                 # For vault secrets, try to get from vault by name or ID                 secret = None                 if self.vault is not None:                     # First, check if user provided a specific vault ID in params                     if param_name in self.params and self.params[param_name]:                         secret = self.vault.get_secret(self.params[param_name])                     # Otherwise, try to get the secret by the param name itself                     if secret is None:                         secret = self.vault.get_secret(param_name)                     if secret is not None:                         resolved[param_name] = secret                     elif param.get(\"required\", False):                         raise Exception(                             f\"Required vault secret '{param_name}' is missing. Please go to the Vault settings and create a '{param_name}' key.\"                         )                 # If no vault or no secret found, use default if available                 if param_name not in resolved and param.get(\"default\") is not None:                     resolved[param_name] = param[\"default\"]             else:                 # For non-vault params, use the provided value or default                 if param_name in self.params and self.params[param_name] is not None:                     resolved[param_name] = self.params[param_name]                 elif param.get(\"default\") is not None:                     resolved[param_name] = param[\"default\"]         return resolved"
        },
        {
            "id": "Method:flowsint-core/src/flowsint_core/core/enricher_base.py:Enricher.name#0",
            "name": "name",
            "filePath": "flowsint-core/src/flowsint_core/core/enricher_base.py",
            "nodeType": "Method",
            "startLine": 211,
            "endLine": 212,
            "content": "    def name(cls) -> str:         pass"
        },
        {
            "id": "Method:flowsint-core/src/flowsint_core/core/enricher_base.py:Enricher._input_validation_context#0",
            "name": "_input_validation_context",
            "filePath": "flowsint-core/src/flowsint_core/core/enricher_base.py",
            "nodeType": "Method",
            "startLine": 373,
            "endLine": 392,
            "content": "    def _input_validation_context(self) -> tuple[TypeAdapter | None, str | None]:         if self.InputType is NotImplemented:             return None, None         base_type = self.InputType         adapter = TypeAdapter(base_type)         primary_field = None         if issubclass(base_type, BaseModel):             for name, field in base_type.model_fields.items():                 if field.json_schema_extra and field.json_schema_extra.get(\"primary\"):                     primary_field = name                     break             if primary_field is None:                 for name, field in base_type.model_fields.items():                     if field.is_required():                         primary_field = name                         break                 if primary_field is None:                     primary_field = next(iter(base_type.model_fields.keys()))         return adapter, primary_field"
        },
        {
            "id": "Method:flowsint-core/src/flowsint_core/core/enricher_base.py:Enricher._validate_single_input#3",
            "name": "_validate_single_input",
            "filePath": "flowsint-core/src/flowsint_core/core/enricher_base.py",
            "nodeType": "Method",
            "startLine": 394,
            "endLine": 408,
            "content": "    def _validate_single_input(         self,         item: Any,         *,         adapter: TypeAdapter | None = None,         primary_field: str | None = None,     ) -> Any:         \"\"\"Validate one input using the same conversion rules as ``preprocess``.\"\"\"         if self.InputType is NotImplemented:             return item         if adapter is None:             adapter, primary_field = self._input_validation_context()         if isinstance(item, str) and primary_field:             item = {primary_field: item}         return adapter.validate_python(item)"
        },
        {
            "id": "Method:flowsint-core/src/flowsint_core/core/enricher_base.py:Enricher._classify_structured_exception#1",
            "name": "_classify_structured_exception",
            "filePath": "flowsint-core/src/flowsint_core/core/enricher_base.py",
            "nodeType": "Method",
            "startLine": 463,
            "endLine": 506,
            "content": "    def _classify_structured_exception(self, error: Exception) -> RedactedDiagnostic:         \"\"\"Classify failures without retaining exception text or request data.\"\"\"         if isinstance(error, (InvalidEnricherParams, ValidationError)):             return RedactedDiagnostic(                 code=\"validation_error\",                 safe_message=\"Input validation failed.\",                 retryable=False,             )         if isinstance(error, httpx.TimeoutException):             return RedactedDiagnostic(                 code=\"timeout\",                 safe_message=\"The operation timed out.\",                 retryable=True,             )         if isinstance(error, httpx.HTTPStatusError):             status_code = error.response.status_code             if status_code == 429:                 return RedactedDiagnostic(                     code=\"http_rate_limited\",                     safe_message=\"The remote service rate limited the request.\",                     retryable=True,                 )             if 500 <= status_code < 600:                 return RedactedDiagnostic(                     code=\"http_server_error\",                     safe_message=\"The remote service failed.\",                     retryable=True,                 )             if 400 <= status_code < 500:                 return RedactedDiagnostic(                     code=\"http_client_error\",                     safe_message=\"The remote service rejected the request.\",                     retryable=False,                 )             return RedactedDiagnostic(                 code=\"http_error\",                 safe_message=\"The remote service returned an HTTP error.\",                 retryable=False,             )         return RedactedDiagnostic(             code=\"unexpected_error\",             safe_message=\"Unexpected processing failure.\",             retryable=False,         )"
        },
        {
            "id": "Method:flowsint-core/src/flowsint_core/core/enricher_base.py:Enricher.create_node#1",
            "name": "create_node",
            "filePath": "flowsint-core/src/flowsint_core/core/enricher_base.py",
            "nodeType": "Method",
            "startLine": 657,
            "endLine": 676,
            "content": "    def create_node(self, node_obj) -> None:         \"\"\"         Create a single Neo4j node.         The following properties are automatically added to every node:         - type: Lowercase version of node_type         - sketch_id: Current sketch ID from enricher context         - label: Automatically computed by FlowsintType, or defaults to key_value if not provided         - created_at: ISO 8601 UTC timestamp (only on creation, not updates)         Use Pydantic object directly:             ```python             self.create_node(ip)             ```         Args:             node_obj: Either a Pydantic object or node label string             **properties: Additional node properties or overrides         \"\"\"         self._graph_service.create_node_from_flowsint_type(node_obj=node_obj)"
        },
        {
            "id": "Method:flowsint-core/src/flowsint_core/core/enricher_base.py:Enricher.create_relationship#3",
            "name": "create_relationship",
            "filePath": "flowsint-core/src/flowsint_core/core/enricher_base.py",
            "nodeType": "Method",
            "startLine": 678,
            "endLine": 700,
            "content": "    def create_relationship(         self,         from_obj,         to_obj,         rel_label=\"IS_RELATED_TO\",     ) -> None:         \"\"\"         Create a relationship between two nodes.         Best Practice - Use Pydantic objects directly:             ```python             self.create_relationship(individual, domain, \"HAS_DOMAIN\")             self.create_relationship(email, breach, \"FOUND_IN_BREACH\")             ```         Args:             from_obj: Either a Pydantic object (source) or source node label             to_obj: Either a Pydantic object (target) or source node key property             rel_label: Either relationship type (Pydantic) or source node key value         \"\"\"         self._graph_service.create_relationship(             from_obj=from_obj, to_obj=to_obj, rel_label=rel_label         )"
        },
        {
            "id": "Method:flowsint-core/src/flowsint_core/core/enricher_base.py:Enricher.log_graph_message#1",
            "name": "log_graph_message",
            "filePath": "flowsint-core/src/flowsint_core/core/enricher_base.py",
            "nodeType": "Method",
            "startLine": 702,
            "endLine": 709,
            "content": "    def log_graph_message(self, message: str) -> None:         \"\"\"         Log a graph operation message.         Args:             message: Message to log         \"\"\"         self._graph_service.log_graph_message(message)"
        },
        {
            "id": "Method:flowsint-enrichers/src/flowsint_enrichers/website/to_text.py:WebsiteToText.name#0",
            "name": "name",
            "filePath": "flowsint-enrichers/src/flowsint_enrichers/website/to_text.py",
            "nodeType": "Method",
            "startLine": 81,
            "endLine": 82,
            "content": "    def name(cls) -> str:         return \"website_to_text\""
        },
        {
            "id": "Method:flowsint-enrichers/src/flowsint_enrichers/website/to_text.py:WebsiteToText._outputs_from_text#1",
            "name": "_outputs_from_text",
            "filePath": "flowsint-enrichers/src/flowsint_enrichers/website/to_text.py",
            "nodeType": "Method",
            "startLine": 121,
            "endLine": 123,
            "content": "    def _outputs_from_text(self, text: str) -> tuple[Phrase, ...]:         \"\"\"Build the per-occurrence outputs without flattening their ownership.\"\"\"         return (Phrase(text=text),) if text else ()"
        },
        {
            "id": "Method:flowsint-enrichers/src/flowsint_enrichers/website/to_text.py:WebsiteToText._diagnostic#2",
            "name": "_diagnostic",
            "filePath": "flowsint-enrichers/src/flowsint_enrichers/website/to_text.py",
            "nodeType": "Method",
            "startLine": 126,
            "endLine": 127,
            "content": "    def _diagnostic(code: str, message: str) -> RedactedDiagnostic:         return RedactedDiagnostic(code=code, safe_message=message, retryable=False)"
        },
        {
            "id": "Method:flowsint-enrichers/src/flowsint_enrichers/website/to_text.py:WebsiteToText._cancelled_occurrence#3",
            "name": "_cancelled_occurrence",
            "filePath": "flowsint-enrichers/src/flowsint_enrichers/website/to_text.py",
            "nodeType": "Method",
            "startLine": 129,
            "endLine": 140,
            "content": "    def _cancelled_occurrence(         self, index: int, source: Website, input_ref: str     ) -> WebsiteTextOccurrence:         return WebsiteTextOccurrence(             source=source,             index=index,             input_ref=input_ref,             status=OutcomeStatus.HOLD,             diagnostic=self._diagnostic(                 \"cancelled\", \"The operation was cancelled before completion.\"             ),         )"
        },
        {
            "id": "Method:flowsint-enrichers/src/flowsint_enrichers/website/to_text.py:WebsiteToText._failed_occurrence#3",
            "name": "_failed_occurrence",
            "filePath": "flowsint-enrichers/src/flowsint_enrichers/website/to_text.py",
            "nodeType": "Method",
            "startLine": 142,
            "endLine": 153,
            "content": "    def _failed_occurrence(         self, index: int, source: Website, input_ref: str     ) -> WebsiteTextOccurrence:         return WebsiteTextOccurrence(             source=source,             index=index,             input_ref=input_ref,             status=OutcomeStatus.FAILURE,             diagnostic=self._diagnostic(                 \"unexpected_error\", \"Unexpected processing failure.\"             ),         )"
        },
        {
            "id": "Method:flowsint-enrichers/src/flowsint_enrichers/website/to_text.py:WebsiteToText._fetch_occurrence#4",
            "name": "_fetch_occurrence",
            "filePath": "flowsint-enrichers/src/flowsint_enrichers/website/to_text.py",
            "nodeType": "Method",
            "startLine": 155,
            "endLine": 186,
            "content": "    async def _fetch_occurrence(         self, index: int, source: Website, input_ref: str, semaphore: asyncio.Semaphore     ) -> WebsiteTextOccurrence:         \"\"\"Return one terminal, source-owned outcome from one transport future.\"\"\"         try:             async with semaphore:                 text = await self._fetch_text_async(                     str(source.url),                     timeout=self.params.get(\"request_timeout\", 10),                     enable_quic=self.params.get(\"enable_quic\", False),                 )             if text is None:                 return WebsiteTextOccurrence(                     source=source,                     index=index,                     input_ref=input_ref,                     status=OutcomeStatus.FAILURE,                     diagnostic=self._diagnostic(                         \"transport_failed\", \"All configured transports failed.\"                     ),                 )             return WebsiteTextOccurrence(                 source=source,                 index=index,                 input_ref=input_ref,                 status=OutcomeStatus.SUCCESS,                 outputs=self._outputs_from_text(text),             )         except asyncio.CancelledError:             return self._cancelled_occurrence(index, source, input_ref)         except Exception:             return self._failed_occurrence(index, source, input_ref)"
        },
        {
            "id": "Method:flowsint-enrichers/src/flowsint_enrichers/website/to_text.py:WebsiteToText._scan_occurrence_specs#1",
            "name": "_scan_occurrence_specs",
            "filePath": "flowsint-enrichers/src/flowsint_enrichers/website/to_text.py",
            "nodeType": "Method",
            "startLine": 188,
            "endLine": 212,
            "content": "    async def _scan_occurrence_specs(         self, specs: Sequence[tuple[int, Website, str]]     ) -> tuple[WebsiteTextOccurrence, ...]:         semaphore = asyncio.Semaphore(self.params.get(\"max_concurrency\", 10))         tasks = tuple(             asyncio.create_task(self._fetch_occurrence(index, source, input_ref, semaphore))             for index, source, input_ref in specs         )         try:             results = await asyncio.gather(*tasks)         except asyncio.CancelledError:             for task in tasks:                 task.cancel()             results = await asyncio.gather(*tasks, return_exceptions=True)         occurrences: list[WebsiteTextOccurrence] = []         for position, result in enumerate(results):             index, source, input_ref = specs[position]             if isinstance(result, WebsiteTextOccurrence):                 occurrences.append(result)             elif isinstance(result, asyncio.CancelledError):                 occurrences.append(self._cancelled_occurrence(index, source, input_ref))             else:                 occurrences.append(self._failed_occurrence(index, source, input_ref))         return tuple(occurrences)"
        },
        {
            "id": "Method:flowsint-enrichers/src/flowsint_enrichers/website/to_text.py:WebsiteToText._legacy_outputs#1",
            "name": "_legacy_outputs",
            "filePath": "flowsint-enrichers/src/flowsint_enrichers/website/to_text.py",
            "nodeType": "Method",
            "startLine": 225,
            "endLine": 233,
            "content": "    def _legacy_outputs(         occurrences: Sequence[WebsiteTextOccurrence],     ) -> List[OutputType]:         return [             output             for occurrence in occurrences             if occurrence.status is OutcomeStatus.SUCCESS             for output in occurrence.outputs         ]"
        },
        {
            "id": "Method:flowsint-enrichers/src/flowsint_enrichers/website/to_text.py:WebsiteToText._fetch_text_async#3",
            "name": "_fetch_text_async",
            "filePath": "flowsint-enrichers/src/flowsint_enrichers/website/to_text.py",
            "nodeType": "Method",
            "startLine": 239,
            "endLine": 287,
            "content": "    async def _fetch_text_async(         self,         url: str,         timeout: int = 10,         enable_quic: bool = False,     ) -> Optional[str]:         \"\"\"Fetch URL using httpx (primary), aioquic (optional), requests (fallback).\"\"\"         # 1) httpx — async HTTP/2 + HTTP/1.1 with connection pooling         try:             import httpx             if self._http_client is None:                 self._http_client = httpx.AsyncClient(                     http2=True,                     timeout=timeout,                     follow_redirects=True,                     limits=httpx.Limits(                         max_connections=self.params.get(\"max_concurrency\", 10)                     ),                 )             resp = await self._http_client.get(url)             resp.raise_for_status()             return self._extract_text(html=resp.text)         except Exception as exc:             log.debug(\"httpx failed for %s: %s\", url, exc)         # 2) aioquic — experimental QUIC probe (opt-in)         if HAS_QUIC and enable_quic:             try:                 text = await self._fetch_via_quic(url, timeout=min(timeout, 5))                 if text:                     return text             except Exception as exc:                 log.debug(\"QUIC failed for %s: %s\", url, exc)         # 3) requests — sync fallback         try:             import requests             resp = requests.get(url, timeout=timeout, allow_redirects=True)             resp.raise_for_status()             return self._extract_text(html=resp.text)         except Exception as exc:             Logger.error(                 self.sketch_id,                 {\"message\": f\"All transports failed for {url}: {exc}\"},             )             return None"
        },
        {
            "id": "Method:flowsint-enrichers/src/flowsint_enrichers/website/to_text.py:WebsiteToText.postprocess#1",
            "name": "postprocess",
            "filePath": "flowsint-enrichers/src/flowsint_enrichers/website/to_text.py",
            "nodeType": "Method",
            "startLine": 392,
            "endLine": 400,
            "content": "    def postprocess(         self, occurrences: Sequence[WebsiteTextOccurrence]     ) -> List[OutputType]:         \"\"\"Capture graph edges from source-owned occurrence envelopes only.\"\"\"         retained = tuple(occurrences)         if any(not isinstance(occurrence, WebsiteTextOccurrence) for occurrence in retained):             raise TypeError(\"WebsiteToText.postprocess requires occurrence envelopes from scan().\")         self._postprocess_occurrences(retained)         return self._legacy_outputs(retained)"
        },
        {
            "id": "Method:flowsint-enrichers/src/flowsint_enrichers/website/to_text.py:WebsiteToText._postprocess_occurrences#1",
            "name": "_postprocess_occurrences",
            "filePath": "flowsint-enrichers/src/flowsint_enrichers/website/to_text.py",
            "nodeType": "Method",
            "startLine": 402,
            "endLine": 422,
            "content": "    def _postprocess_occurrences(         self, occurrences: Sequence[WebsiteTextOccurrence]     ) -> None:         if not self._graph_service:             return         for occurrence in occurrences:             if occurrence.status is not OutcomeStatus.SUCCESS:                 continue             self.create_node(occurrence.source)             for output in occurrence.outputs:                 if not output.text:                     continue                 self.create_node(output)                 self.create_relationship(                     occurrence.source, output, \"HAS_INNER_TEXT\"                 )                 self.log_graph_message(                     f\"Extracted text from {occurrence.source.url} \"                     f\"({len(output.text)} chars).\"                 )"
        }
    ],
    "edges": [
        {
            "from": "Method:flowsint-enrichers/src/flowsint_enrichers/website/to_text.py:WebsiteToText.execute_structured#1",
            "to": "Method:flowsint-core/src/flowsint_core/core/enricher_base.py:Enricher.async_init#0",
            "type": "CALLS",
            "confidence": 0.85
        },
        {
            "from": "Method:flowsint-enrichers/src/flowsint_enrichers/website/to_text.py:WebsiteToText.execute_structured#1",
            "to": "Method:flowsint-core/src/flowsint_core/core/enricher_base.py:Enricher._input_validation_context#0",
            "type": "CALLS",
            "confidence": 0.85
        },
        {
            "from": "Method:flowsint-enrichers/src/flowsint_enrichers/website/to_text.py:WebsiteToText.execute_structured#1",
            "to": "Method:flowsint-core/src/flowsint_core/core/enricher_base.py:Enricher._validate_single_input#3",
            "type": "CALLS",
            "confidence": 0.85
        },
        {
            "from": "Method:flowsint-enrichers/src/flowsint_enrichers/website/to_text.py:WebsiteToText.execute_structured#1",
            "to": "Method:flowsint-core/src/flowsint_core/core/enricher_base.py:Enricher._classify_structured_exception#1",
            "type": "CALLS",
            "confidence": 0.85
        },
        {
            "from": "Method:flowsint-enrichers/src/flowsint_enrichers/website/to_text.py:WebsiteToText.execute_structured#1",
            "to": "Method:flowsint-enrichers/src/flowsint_enrichers/website/to_text.py:WebsiteToText.name#0",
            "type": "CALLS",
            "confidence": 0.85
        },
        {
            "from": "Method:flowsint-enrichers/src/flowsint_enrichers/website/to_text.py:WebsiteToText.execute_structured#1",
            "to": "Method:flowsint-enrichers/src/flowsint_enrichers/website/to_text.py:WebsiteToText._diagnostic#2",
            "type": "CALLS",
            "confidence": 0.85
        },
        {
            "from": "Method:flowsint-enrichers/src/flowsint_enrichers/website/to_text.py:WebsiteToText.execute_structured#1",
            "to": "Method:flowsint-enrichers/src/flowsint_enrichers/website/to_text.py:WebsiteToText._scan_occurrence_specs#1",
            "type": "CALLS",
            "confidence": 0.85
        },
        {
            "from": "Method:flowsint-enrichers/src/flowsint_enrichers/website/to_text.py:WebsiteToText.execute_structured#1",
            "to": "Method:flowsint-enrichers/src/flowsint_enrichers/website/to_text.py:WebsiteToText.postprocess#1",
            "type": "CALLS",
            "confidence": 0.85
        },
        {
            "from": "Method:flowsint-core/src/flowsint_core/core/enricher_base.py:Enricher.async_init#0",
            "to": "Function:flowsint-core/src/flowsint_core/core/enricher_base.py:build_params_model",
            "type": "CALLS",
            "confidence": 0.85
        },
        {
            "from": "Method:flowsint-core/src/flowsint_core/core/enricher_base.py:Enricher.async_init#0",
            "to": "Method:flowsint-core/src/flowsint_core/core/enricher_base.py:Enricher.resolve_params#0",
            "type": "CALLS",
            "confidence": 0.85
        },
        {
            "from": "Method:flowsint-core/src/flowsint_core/core/enricher_base.py:Enricher.async_init#0",
            "to": "Method:flowsint-core/src/flowsint_core/core/enricher_base.py:Enricher.name#0",
            "type": "CALLS",
            "confidence": 0.85
        },
        {
            "from": "Method:flowsint-core/src/flowsint_core/core/enricher_base.py:Enricher._validate_single_input#3",
            "to": "Method:flowsint-core/src/flowsint_core/core/enricher_base.py:Enricher._input_validation_context#0",
            "type": "CALLS",
            "confidence": 0.85
        },
        {
            "from": "Method:flowsint-enrichers/src/flowsint_enrichers/website/to_text.py:WebsiteToText._scan_occurrence_specs#1",
            "to": "Method:flowsint-enrichers/src/flowsint_enrichers/website/to_text.py:WebsiteToText._cancelled_occurrence#3",
            "type": "CALLS",
            "confidence": 0.85
        },
        {
            "from": "Method:flowsint-enrichers/src/flowsint_enrichers/website/to_text.py:WebsiteToText._scan_occurrence_specs#1",
            "to": "Method:flowsint-enrichers/src/flowsint_enrichers/website/to_text.py:WebsiteToText._failed_occurrence#3",
            "type": "CALLS",
            "confidence": 0.85
        },
        {
            "from": "Method:flowsint-enrichers/src/flowsint_enrichers/website/to_text.py:WebsiteToText._scan_occurrence_specs#1",
            "to": "Method:flowsint-enrichers/src/flowsint_enrichers/website/to_text.py:WebsiteToText._fetch_occurrence#4",
            "type": "CALLS",
            "confidence": 0.85
        },
        {
            "from": "Method:flowsint-enrichers/src/flowsint_enrichers/website/to_text.py:WebsiteToText.postprocess#1",
            "to": "Method:flowsint-enrichers/src/flowsint_enrichers/website/to_text.py:WebsiteToText._legacy_outputs#1",
            "type": "CALLS",
            "confidence": 0.85
        },
        {
            "from": "Method:flowsint-enrichers/src/flowsint_enrichers/website/to_text.py:WebsiteToText.postprocess#1",
            "to": "Method:flowsint-enrichers/src/flowsint_enrichers/website/to_text.py:WebsiteToText._postprocess_occurrences#1",
            "type": "CALLS",
            "confidence": 0.85
        },
        {
            "from": "Method:flowsint-enrichers/src/flowsint_enrichers/website/to_text.py:WebsiteToText._postprocess_occurrences#1",
            "to": "Method:flowsint-core/src/flowsint_core/core/enricher_base.py:Enricher.create_node#1",
            "type": "CALLS",
            "confidence": 0.85
        },
        {
            "from": "Method:flowsint-enrichers/src/flowsint_enrichers/website/to_text.py:WebsiteToText._postprocess_occurrences#1",
            "to": "Method:flowsint-core/src/flowsint_core/core/enricher_base.py:Enricher.create_relationship#3",
            "type": "CALLS",
            "confidence": 0.85
        },
        {
            "from": "Method:flowsint-enrichers/src/flowsint_enrichers/website/to_text.py:WebsiteToText._postprocess_occurrences#1",
            "to": "Method:flowsint-core/src/flowsint_core/core/enricher_base.py:Enricher.log_graph_message#1",
            "type": "CALLS",
            "confidence": 0.85
        },
        {
            "from": "Method:flowsint-enrichers/src/flowsint_enrichers/website/to_text.py:WebsiteToText._fetch_occurrence#4",
            "to": "Method:flowsint-enrichers/src/flowsint_enrichers/website/to_text.py:WebsiteToText._outputs_from_text#1",
            "type": "CALLS",
            "confidence": 0.85
        },
        {
            "from": "Method:flowsint-enrichers/src/flowsint_enrichers/website/to_text.py:WebsiteToText._fetch_occurrence#4",
            "to": "Method:flowsint-enrichers/src/flowsint_enrichers/website/to_text.py:WebsiteToText._diagnostic#2",
            "type": "CALLS",
            "confidence": 0.85
        },
        {
            "from": "Method:flowsint-enrichers/src/flowsint_enrichers/website/to_text.py:WebsiteToText._failed_occurrence#3",
            "to": "Method:flowsint-enrichers/src/flowsint_enrichers/website/to_text.py:WebsiteToText._diagnostic#2",
            "type": "CALLS",
            "confidence": 0.85
        },
        {
            "from": "Method:flowsint-enrichers/src/flowsint_enrichers/website/to_text.py:WebsiteToText._cancelled_occurrence#3",
            "to": "Method:flowsint-enrichers/src/flowsint_enrichers/website/to_text.py:WebsiteToText._diagnostic#2",
            "type": "CALLS",
            "confidence": 0.85
        },
        {
            "from": "Method:flowsint-enrichers/src/flowsint_enrichers/website/to_text.py:WebsiteToText._fetch_occurrence#4",
            "to": "Method:flowsint-enrichers/src/flowsint_enrichers/website/to_text.py:WebsiteToText._cancelled_occurrence#3",
            "type": "CALLS",
            "confidence": 0.85
        },
        {
            "from": "Method:flowsint-enrichers/src/flowsint_enrichers/website/to_text.py:WebsiteToText._fetch_occurrence#4",
            "to": "Method:flowsint-enrichers/src/flowsint_enrichers/website/to_text.py:WebsiteToText._failed_occurrence#3",
            "type": "CALLS",
            "confidence": 0.85
        },
        {
            "from": "Method:flowsint-enrichers/src/flowsint_enrichers/website/to_text.py:WebsiteToText._fetch_occurrence#4",
            "to": "Method:flowsint-enrichers/src/flowsint_enrichers/website/to_text.py:WebsiteToText._fetch_text_async#3",
            "type": "CALLS",
            "confidence": 0.85
        }
    ],
    "files": [
        {
            "filePath": "flowsint-enrichers/src/flowsint_enrichers/website/to_text.py",
            "count": 12,
            "symbols": [
                {
                    "id": "Method:flowsint-enrichers/src/flowsint_enrichers/website/to_text.py:WebsiteToText.execute_structured#1",
                    "name": "execute_structured",
                    "filePath": "flowsint-enrichers/src/flowsint_enrichers/website/to_text.py",
                    "nodeType": "Method",
                    "startLine": 447,
                    "endLine": 543,
                    "content": "    async def execute_structured(self, values: List[Any]) -> StructuredExecutionResult:         \"\"\"Preserve every original input as one terminal structured outcome.\"\"\"         outcomes: list[InputOutcome | None] = [None] * len(values)         if self.name() != \"enricher_orchestrator\":             Logger.info(self.sketch_id, {\"message\": f\"Enricher {self.name()} started.\"})         try:             await self.async_init()         except asyncio.CancelledError:             outcomes = [                 InputOutcome(                     input_ref=canonical_input_hash(value),                     status=OutcomeStatus.HOLD,                     diagnostic=self._diagnostic(                         \"cancelled\", \"The operation was cancelled before completion.\"                     ),                 )                 for value in values             ]         except Exception as error:             diagnostic = self._classify_structured_exception(error)             outcomes = [                 InputOutcome(                     input_ref=canonical_input_hash(value),                     status=OutcomeStatus.FAILURE,                     diagnostic=diagnostic,                 )                 for value in values             ]         else:             adapter, primary_field = self._input_validation_context()             specs: list[tuple[int, Website, str]] = []             for index, value in enumerate(values):                 try:                     source = self._validate_single_input(                         value, adapter=adapter, primary_field=primary_field                     )                 except Exception as error:                     outcomes[index] = InputOutcome(                         input_ref=canonical_input_hash(value),                         status=OutcomeStatus.FAILURE,                         diagnostic=self._classify_structured_exception(error),                     )                 else:                     specs.append((index, source, canonical_input_hash(value)))             try:                 occurrences = await self._scan_occurrence_specs(specs)                 self.postprocess(occurrences)             except asyncio.CancelledError:                 for index, value in enumerate(values):                     if outcomes[index] is None:                         outcomes[index] = InputOutcome(                             input_ref=canonical_input_hash(value),                             status=OutcomeStatus.HOLD,                             diagnostic=self._diagnostic(                                 \"cancelled\", \"The operation was cancelled before completion.\"                             ),                         )             except Exception as error:                 diagnostic = self._classify_structured_exception(error)                 for index, value in enumerate(values):                     if outcomes[index] is None:                         outcomes[index] = InputOutcome(                             input_ref=canonical_input_hash(value),                             status=OutcomeStatus.FAILURE,                             diagnostic=diagnostic,                         )             else:                 for occurrence in occurrences:                     outcomes[occurrence.index] = occurrence.to_input_outcome()         finally:             try:                 self._graph_service.flush()             except Exception:                 Logger.error(                     self.sketch_id,                     {\"message\": f\"Enricher {self.name()} graph flush failed.\"},                 )         final_outcomes: list[InputOutcome] = []         for index, value in enumerate(values):             outcome = outcomes[index]             if outcome is None:                 outcome = InputOutcome(                     input_ref=canonical_input_hash(value),                     status=OutcomeStatus.FAILURE,                     diagnostic=self._diagnostic(                         \"unexpected_error\", \"Processing ended without a terminal outcome.\"                     ),                 )             final_outcomes.append(outcome)         if self.name() != \"enricher_orchestrator\":             Logger.completed(self.sketch_id, {\"message\": f\"Enricher {self.name()} finished.\"})         return StructuredExecutionResult(             enricher_name=self.name(),             outcomes=tuple(final_outcomes),         )"
                },
                {
                    "id": "Method:flowsint-enrichers/src/flowsint_enrichers/website/to_text.py:WebsiteToText.name#0",
                    "name": "name",
                    "filePath": "flowsint-enrichers/src/flowsint_enrichers/website/to_text.py",
                    "nodeType": "Method",
                    "startLine": 81,
                    "endLine": 82,
                    "content": "    def name(cls) -> str:         return \"website_to_text\""
                },
                {
                    "id": "Method:flowsint-enrichers/src/flowsint_enrichers/website/to_text.py:WebsiteToText._outputs_from_text#1",
                    "name": "_outputs_from_text",
                    "filePath": "flowsint-enrichers/src/flowsint_enrichers/website/to_text.py",
                    "nodeType": "Method",
                    "startLine": 121,
                    "endLine": 123,
                    "content": "    def _outputs_from_text(self, text: str) -> tuple[Phrase, ...]:         \"\"\"Build the per-occurrence outputs without flattening their ownership.\"\"\"         return (Phrase(text=text),) if text else ()"
                },
                {
                    "id": "Method:flowsint-enrichers/src/flowsint_enrichers/website/to_text.py:WebsiteToText._diagnostic#2",
                    "name": "_diagnostic",
                    "filePath": "flowsint-enrichers/src/flowsint_enrichers/website/to_text.py",
                    "nodeType": "Method",
                    "startLine": 126,
                    "endLine": 127,
                    "content": "    def _diagnostic(code: str, message: str) -> RedactedDiagnostic:         return RedactedDiagnostic(code=code, safe_message=message, retryable=False)"
                },
                {
                    "id": "Method:flowsint-enrichers/src/flowsint_enrichers/website/to_text.py:WebsiteToText._cancelled_occurrence#3",
                    "name": "_cancelled_occurrence",
                    "filePath": "flowsint-enrichers/src/flowsint_enrichers/website/to_text.py",
                    "nodeType": "Method",
                    "startLine": 129,
                    "endLine": 140,
                    "content": "    def _cancelled_occurrence(         self, index: int, source: Website, input_ref: str     ) -> WebsiteTextOccurrence:         return WebsiteTextOccurrence(             source=source,             index=index,             input_ref=input_ref,             status=OutcomeStatus.HOLD,             diagnostic=self._diagnostic(                 \"cancelled\", \"The operation was cancelled before completion.\"             ),         )"
                },
                {
                    "id": "Method:flowsint-enrichers/src/flowsint_enrichers/website/to_text.py:WebsiteToText._failed_occurrence#3",
                    "name": "_failed_occurrence",
                    "filePath": "flowsint-enrichers/src/flowsint_enrichers/website/to_text.py",
                    "nodeType": "Method",
                    "startLine": 142,
                    "endLine": 153,
                    "content": "    def _failed_occurrence(         self, index: int, source: Website, input_ref: str     ) -> WebsiteTextOccurrence:         return WebsiteTextOccurrence(             source=source,             index=index,             input_ref=input_ref,             status=OutcomeStatus.FAILURE,             diagnostic=self._diagnostic(                 \"unexpected_error\", \"Unexpected processing failure.\"             ),         )"
                },
                {
                    "id": "Method:flowsint-enrichers/src/flowsint_enrichers/website/to_text.py:WebsiteToText._fetch_occurrence#4",
                    "name": "_fetch_occurrence",
                    "filePath": "flowsint-enrichers/src/flowsint_enrichers/website/to_text.py",
                    "nodeType": "Method",
                    "startLine": 155,
                    "endLine": 186,
                    "content": "    async def _fetch_occurrence(         self, index: int, source: Website, input_ref: str, semaphore: asyncio.Semaphore     ) -> WebsiteTextOccurrence:         \"\"\"Return one terminal, source-owned outcome from one transport future.\"\"\"         try:             async with semaphore:                 text = await self._fetch_text_async(                     str(source.url),                     timeout=self.params.get(\"request_timeout\", 10),                     enable_quic=self.params.get(\"enable_quic\", False),                 )             if text is None:                 return WebsiteTextOccurrence(                     source=source,                     index=index,                     input_ref=input_ref,                     status=OutcomeStatus.FAILURE,                     diagnostic=self._diagnostic(                         \"transport_failed\", \"All configured transports failed.\"                     ),                 )             return WebsiteTextOccurrence(                 source=source,                 index=index,                 input_ref=input_ref,                 status=OutcomeStatus.SUCCESS,                 outputs=self._outputs_from_text(text),             )         except asyncio.CancelledError:             return self._cancelled_occurrence(index, source, input_ref)         except Exception:             return self._failed_occurrence(index, source, input_ref)"
                },
                {
                    "id": "Method:flowsint-enrichers/src/flowsint_enrichers/website/to_text.py:WebsiteToText._scan_occurrence_specs#1",
                    "name": "_scan_occurrence_specs",
                    "filePath": "flowsint-enrichers/src/flowsint_enrichers/website/to_text.py",
                    "nodeType": "Method",
                    "startLine": 188,
                    "endLine": 212,
                    "content": "    async def _scan_occurrence_specs(         self, specs: Sequence[tuple[int, Website, str]]     ) -> tuple[WebsiteTextOccurrence, ...]:         semaphore = asyncio.Semaphore(self.params.get(\"max_concurrency\", 10))         tasks = tuple(             asyncio.create_task(self._fetch_occurrence(index, source, input_ref, semaphore))             for index, source, input_ref in specs         )         try:             results = await asyncio.gather(*tasks)         except asyncio.CancelledError:             for task in tasks:                 task.cancel()             results = await asyncio.gather(*tasks, return_exceptions=True)         occurrences: list[WebsiteTextOccurrence] = []         for position, result in enumerate(results):             index, source, input_ref = specs[position]             if isinstance(result, WebsiteTextOccurrence):                 occurrences.append(result)             elif isinstance(result, asyncio.CancelledError):                 occurrences.append(self._cancelled_occurrence(index, source, input_ref))             else:                 occurrences.append(self._failed_occurrence(index, source, input_ref))         return tuple(occurrences)"
                },
                {
                    "id": "Method:flowsint-enrichers/src/flowsint_enrichers/website/to_text.py:WebsiteToText._legacy_outputs#1",
                    "name": "_legacy_outputs",
                    "filePath": "flowsint-enrichers/src/flowsint_enrichers/website/to_text.py",
                    "nodeType": "Method",
                    "startLine": 225,
                    "endLine": 233,
                    "content": "    def _legacy_outputs(         occurrences: Sequence[WebsiteTextOccurrence],     ) -> List[OutputType]:         return [             output             for occurrence in occurrences             if occurrence.status is OutcomeStatus.SUCCESS             for output in occurrence.outputs         ]"
                },
                {
                    "id": "Method:flowsint-enrichers/src/flowsint_enrichers/website/to_text.py:WebsiteToText._fetch_text_async#3",
                    "name": "_fetch_text_async",
                    "filePath": "flowsint-enrichers/src/flowsint_enrichers/website/to_text.py",
                    "nodeType": "Method",
                    "startLine": 239,
                    "endLine": 287,
                    "content": "    async def _fetch_text_async(         self,         url: str,         timeout: int = 10,         enable_quic: bool = False,     ) -> Optional[str]:         \"\"\"Fetch URL using httpx (primary), aioquic (optional), requests (fallback).\"\"\"         # 1) httpx — async HTTP/2 + HTTP/1.1 with connection pooling         try:             import httpx             if self._http_client is None:                 self._http_client = httpx.AsyncClient(                     http2=True,                     timeout=timeout,                     follow_redirects=True,                     limits=httpx.Limits(                         max_connections=self.params.get(\"max_concurrency\", 10)                     ),                 )             resp = await self._http_client.get(url)             resp.raise_for_status()             return self._extract_text(html=resp.text)         except Exception as exc:             log.debug(\"httpx failed for %s: %s\", url, exc)         # 2) aioquic — experimental QUIC probe (opt-in)         if HAS_QUIC and enable_quic:             try:                 text = await self._fetch_via_quic(url, timeout=min(timeout, 5))                 if text:                     return text             except Exception as exc:                 log.debug(\"QUIC failed for %s: %s\", url, exc)         # 3) requests — sync fallback         try:             import requests             resp = requests.get(url, timeout=timeout, allow_redirects=True)             resp.raise_for_status()             return self._extract_text(html=resp.text)         except Exception as exc:             Logger.error(                 self.sketch_id,                 {\"message\": f\"All transports failed for {url}: {exc}\"},             )             return None"
                },
                {
                    "id": "Method:flowsint-enrichers/src/flowsint_enrichers/website/to_text.py:WebsiteToText.postprocess#1",
                    "name": "postprocess",
                    "filePath": "flowsint-enrichers/src/flowsint_enrichers/website/to_text.py",
                    "nodeType": "Method",
                    "startLine": 392,
                    "endLine": 400,
                    "content": "    def postprocess(         self, occurrences: Sequence[WebsiteTextOccurrence]     ) -> List[OutputType]:         \"\"\"Capture graph edges from source-owned occurrence envelopes only.\"\"\"         retained = tuple(occurrences)         if any(not isinstance(occurrence, WebsiteTextOccurrence) for occurrence in retained):             raise TypeError(\"WebsiteToText.postprocess requires occurrence envelopes from scan().\")         self._postprocess_occurrences(retained)         return self._legacy_outputs(retained)"
                },
                {
                    "id": "Method:flowsint-enrichers/src/flowsint_enrichers/website/to_text.py:WebsiteToText._postprocess_occurrences#1",
                    "name": "_postprocess_occurrences",
                    "filePath": "flowsint-enrichers/src/flowsint_enrichers/website/to_text.py",
                    "nodeType": "Method",
                    "startLine": 402,
                    "endLine": 422,
                    "content": "    def _postprocess_occurrences(         self, occurrences: Sequence[WebsiteTextOccurrence]     ) -> None:         if not self._graph_service:             return         for occurrence in occurrences:             if occurrence.status is not OutcomeStatus.SUCCESS:                 continue             self.create_node(occurrence.source)             for output in occurrence.outputs:                 if not output.text:                     continue                 self.create_node(output)                 self.create_relationship(                     occurrence.source, output, \"HAS_INNER_TEXT\"                 )                 self.log_graph_message(                     f\"Extracted text from {occurrence.source.url} \"                     f\"({len(output.text)} chars).\"                 )"
                }
            ]
        },
        {
            "filePath": "flowsint-core/src/flowsint_core/core/enricher_base.py",
            "count": 10,
            "symbols": [
                {
                    "id": "Function:flowsint-core/src/flowsint_core/core/enricher_base.py:build_params_model",
                    "name": "build_params_model",
                    "filePath": "flowsint-core/src/flowsint_core/core/enricher_base.py",
                    "nodeType": "Function",
                    "startLine": 29,
                    "endLine": 59,
                    "content": "def build_params_model(params_schema: list) -> BaseModel:     \"\"\"     Build a strict Pydantic model from a params_schema.     Unknown fields will raise a validation error.     Note: Vault secrets are always optional in the Pydantic model to allow     for deferred configuration. Required validation happens after vault resolution.     \"\"\"     fields: Dict[str, Any] = {}     for param in params_schema:         name = param[\"name\"]         param_type = param.get(\"type\", \"string\")         field_type = bool if param_type == \"bool\" else str         required = param.get(\"required\", False)         # Vault secrets are always optional in Pydantic validation         # Required validation happens after vault resolution         if param_type == \"vaultSecret\":             default = param.get(\"default\", None)         else:             default = ... if required else param.get(\"default\")         fields[name] = (             Optional[field_type],             Field(default=default, description=param.get(\"description\", \"\")),         )     model = create_model(\"ParamsModel\", __config__=ConfigDict(extra=\"forbid\"), **fields)     return model"
                },
                {
                    "id": "Method:flowsint-core/src/flowsint_core/core/enricher_base.py:Enricher.async_init#0",
                    "name": "async_init",
                    "filePath": "flowsint-core/src/flowsint_core/core/enricher_base.py",
                    "nodeType": "Method",
                    "startLine": 152,
                    "endLine": 166,
                    "content": "    async def async_init(self):         self.ParamsModel = build_params_model(self.params_schema)         # Always resolve parameters, even if self.params is empty         # This allows vault secrets to be fetched by name from params_schema         resolved_params = self.resolve_params()         # Strict validation after resolution         try:             validated = self.ParamsModel(**resolved_params)             self.params = validated.model_dump()         except ValidationError as e:             raise InvalidEnricherParams(                 f\"Enricher '{self.name()}' received invalid parameters: {e}\"             )"
                },
                {
                    "id": "Method:flowsint-core/src/flowsint_core/core/enricher_base.py:Enricher.resolve_params#0",
                    "name": "resolve_params",
                    "filePath": "flowsint-core/src/flowsint_core/core/enricher_base.py",
                    "nodeType": "Method",
                    "startLine": 168,
                    "endLine": 203,
                    "content": "    def resolve_params(self) -> Dict[str, Any]:         resolved = {}         for param in self.params_schema:             param_name = param[\"name\"]             param_type = param.get(\"type\", \"string\")             if param_type == \"vaultSecret\":                 # For vault secrets, try to get from vault by name or ID                 secret = None                 if self.vault is not None:                     # First, check if user provided a specific vault ID in params                     if param_name in self.params and self.params[param_name]:                         secret = self.vault.get_secret(self.params[param_name])                     # Otherwise, try to get the secret by the param name itself                     if secret is None:                         secret = self.vault.get_secret(param_name)                     if secret is not None:                         resolved[param_name] = secret                     elif param.get(\"required\", False):                         raise Exception(                             f\"Required vault secret '{param_name}' is missing. Please go to the Vault settings and create a '{param_name}' key.\"                         )                 # If no vault or no secret found, use default if available                 if param_name not in resolved and param.get(\"default\") is not None:                     resolved[param_name] = param[\"default\"]             else:                 # For non-vault params, use the provided value or default                 if param_name in self.params and self.params[param_name] is not None:                     resolved[param_name] = self.params[param_name]                 elif param.get(\"default\") is not None:                     resolved[param_name] = param[\"default\"]         return resolved"
                },
                {
                    "id": "Method:flowsint-core/src/flowsint_core/core/enricher_base.py:Enricher.name#0",
                    "name": "name",
                    "filePath": "flowsint-core/src/flowsint_core/core/enricher_base.py",
                    "nodeType": "Method",
                    "startLine": 211,
                    "endLine": 212,
                    "content": "    def name(cls) -> str:         pass"
                },
                {
                    "id": "Method:flowsint-core/src/flowsint_core/core/enricher_base.py:Enricher._input_validation_context#0",
                    "name": "_input_validation_context",
                    "filePath": "flowsint-core/src/flowsint_core/core/enricher_base.py",
                    "nodeType": "Method",
                    "startLine": 373,
                    "endLine": 392,
                    "content": "    def _input_validation_context(self) -> tuple[TypeAdapter | None, str | None]:         if self.InputType is NotImplemented:             return None, None         base_type = self.InputType         adapter = TypeAdapter(base_type)         primary_field = None         if issubclass(base_type, BaseModel):             for name, field in base_type.model_fields.items():                 if field.json_schema_extra and field.json_schema_extra.get(\"primary\"):                     primary_field = name                     break             if primary_field is None:                 for name, field in base_type.model_fields.items():                     if field.is_required():                         primary_field = name                         break                 if primary_field is None:                     primary_field = next(iter(base_type.model_fields.keys()))         return adapter, primary_field"
                },
                {
                    "id": "Method:flowsint-core/src/flowsint_core/core/enricher_base.py:Enricher._validate_single_input#3",
                    "name": "_validate_single_input",
                    "filePath": "flowsint-core/src/flowsint_core/core/enricher_base.py",
                    "nodeType": "Method",
                    "startLine": 394,
                    "endLine": 408,
                    "content": "    def _validate_single_input(         self,         item: Any,         *,         adapter: TypeAdapter | None = None,         primary_field: str | None = None,     ) -> Any:         \"\"\"Validate one input using the same conversion rules as ``preprocess``.\"\"\"         if self.InputType is NotImplemented:             return item         if adapter is None:             adapter, primary_field = self._input_validation_context()         if isinstance(item, str) and primary_field:             item = {primary_field: item}         return adapter.validate_python(item)"
                },
                {
                    "id": "Method:flowsint-core/src/flowsint_core/core/enricher_base.py:Enricher._classify_structured_exception#1",
                    "name": "_classify_structured_exception",
                    "filePath": "flowsint-core/src/flowsint_core/core/enricher_base.py",
                    "nodeType": "Method",
                    "startLine": 463,
                    "endLine": 506,
                    "content": "    def _classify_structured_exception(self, error: Exception) -> RedactedDiagnostic:         \"\"\"Classify failures without retaining exception text or request data.\"\"\"         if isinstance(error, (InvalidEnricherParams, ValidationError)):             return RedactedDiagnostic(                 code=\"validation_error\",                 safe_message=\"Input validation failed.\",                 retryable=False,             )         if isinstance(error, httpx.TimeoutException):             return RedactedDiagnostic(                 code=\"timeout\",                 safe_message=\"The operation timed out.\",                 retryable=True,             )         if isinstance(error, httpx.HTTPStatusError):             status_code = error.response.status_code             if status_code == 429:                 return RedactedDiagnostic(                     code=\"http_rate_limited\",                     safe_message=\"The remote service rate limited the request.\",                     retryable=True,                 )             if 500 <= status_code < 600:                 return RedactedDiagnostic(                     code=\"http_server_error\",                     safe_message=\"The remote service failed.\",                     retryable=True,                 )             if 400 <= status_code < 500:                 return RedactedDiagnostic(                     code=\"http_client_error\",                     safe_message=\"The remote service rejected the request.\",                     retryable=False,                 )             return RedactedDiagnostic(                 code=\"http_error\",                 safe_message=\"The remote service returned an HTTP error.\",                 retryable=False,             )         return RedactedDiagnostic(             code=\"unexpected_error\",             safe_message=\"Unexpected processing failure.\",             retryable=False,         )"
                },
                {
                    "id": "Method:flowsint-core/src/flowsint_core/core/enricher_base.py:Enricher.create_node#1",
                    "name": "create_node",
                    "filePath": "flowsint-core/src/flowsint_core/core/enricher_base.py",
                    "nodeType": "Method",
                    "startLine": 657,
                    "endLine": 676,
                    "content": "    def create_node(self, node_obj) -> None:         \"\"\"         Create a single Neo4j node.         The following properties are automatically added to every node:         - type: Lowercase version of node_type         - sketch_id: Current sketch ID from enricher context         - label: Automatically computed by FlowsintType, or defaults to key_value if not provided         - created_at: ISO 8601 UTC timestamp (only on creation, not updates)         Use Pydantic object directly:             ```python             self.create_node(ip)             ```         Args:             node_obj: Either a Pydantic object or node label string             **properties: Additional node properties or overrides         \"\"\"         self._graph_service.create_node_from_flowsint_type(node_obj=node_obj)"
                },
                {
                    "id": "Method:flowsint-core/src/flowsint_core/core/enricher_base.py:Enricher.create_relationship#3",
                    "name": "create_relationship",
                    "filePath": "flowsint-core/src/flowsint_core/core/enricher_base.py",
                    "nodeType": "Method",
                    "startLine": 678,
                    "endLine": 700,
                    "content": "    def create_relationship(         self,         from_obj,         to_obj,         rel_label=\"IS_RELATED_TO\",     ) -> None:         \"\"\"         Create a relationship between two nodes.         Best Practice - Use Pydantic objects directly:             ```python             self.create_relationship(individual, domain, \"HAS_DOMAIN\")             self.create_relationship(email, breach, \"FOUND_IN_BREACH\")             ```         Args:             from_obj: Either a Pydantic object (source) or source node label             to_obj: Either a Pydantic object (target) or source node key property             rel_label: Either relationship type (Pydantic) or source node key value         \"\"\"         self._graph_service.create_relationship(             from_obj=from_obj, to_obj=to_obj, rel_label=rel_label         )"
                },
                {
                    "id": "Method:flowsint-core/src/flowsint_core/core/enricher_base.py:Enricher.log_graph_message#1",
                    "name": "log_graph_message",
                    "filePath": "flowsint-core/src/flowsint_core/core/enricher_base.py",
                    "nodeType": "Method",
                    "startLine": 702,
                    "endLine": 709,
                    "content": "    def log_graph_message(self, message: str) -> None:         \"\"\"         Log a graph operation message.         Args:             message: Message to log         \"\"\"         self._graph_service.log_graph_message(message)"
                }
            ]
        }
    ],
    "affected_modules": [
        {
            "name": "flowsint-core",
            "direct": true,
            "symbolCount": 10
        },
        {
            "name": "flowsint-enrichers",
            "direct": true,
            "symbolCount": 11
        }
    ],
    "affected_processes": [],
    "byDepth": {
        "d=1": {
            "depth": 1,
            "label": "WILL BREAK",
            "symbols": [
                {
                    "id": "Method:flowsint-core/src/flowsint_core/core/enricher_base.py:Enricher.async_init#0",
                    "name": "async_init",
                    "filePath": "flowsint-core/src/flowsint_core/core/enricher_base.py",
                    "nodeType": "Method",
                    "startLine": 152,
                    "endLine": 166,
                    "content": "    async def async_init(self):         self.ParamsModel = build_params_model(self.params_schema)         # Always resolve parameters, even if self.params is empty         # This allows vault secrets to be fetched by name from params_schema         resolved_params = self.resolve_params()         # Strict validation after resolution         try:             validated = self.ParamsModel(**resolved_params)             self.params = validated.model_dump()         except ValidationError as e:             raise InvalidEnricherParams(                 f\"Enricher '{self.name()}' received invalid parameters: {e}\"             )"
                },
                {
                    "id": "Method:flowsint-core/src/flowsint_core/core/enricher_base.py:Enricher._input_validation_context#0",
                    "name": "_input_validation_context",
                    "filePath": "flowsint-core/src/flowsint_core/core/enricher_base.py",
                    "nodeType": "Method",
                    "startLine": 373,
                    "endLine": 392,
                    "content": "    def _input_validation_context(self) -> tuple[TypeAdapter | None, str | None]:         if self.InputType is NotImplemented:             return None, None         base_type = self.InputType         adapter = TypeAdapter(base_type)         primary_field = None         if issubclass(base_type, BaseModel):             for name, field in base_type.model_fields.items():                 if field.json_schema_extra and field.json_schema_extra.get(\"primary\"):                     primary_field = name                     break             if primary_field is None:                 for name, field in base_type.model_fields.items():                     if field.is_required():                         primary_field = name                         break                 if primary_field is None:                     primary_field = next(iter(base_type.model_fields.keys()))         return adapter, primary_field"
                },
                {
                    "id": "Method:flowsint-core/src/flowsint_core/core/enricher_base.py:Enricher._validate_single_input#3",
                    "name": "_validate_single_input",
                    "filePath": "flowsint-core/src/flowsint_core/core/enricher_base.py",
                    "nodeType": "Method",
                    "startLine": 394,
                    "endLine": 408,
                    "content": "    def _validate_single_input(         self,         item: Any,         *,         adapter: TypeAdapter | None = None,         primary_field: str | None = None,     ) -> Any:         \"\"\"Validate one input using the same conversion rules as ``preprocess``.\"\"\"         if self.InputType is NotImplemented:             return item         if adapter is None:             adapter, primary_field = self._input_validation_context()         if isinstance(item, str) and primary_field:             item = {primary_field: item}         return adapter.validate_python(item)"
                },
                {
                    "id": "Method:flowsint-core/src/flowsint_core/core/enricher_base.py:Enricher._classify_structured_exception#1",
                    "name": "_classify_structured_exception",
                    "filePath": "flowsint-core/src/flowsint_core/core/enricher_base.py",
                    "nodeType": "Method",
                    "startLine": 463,
                    "endLine": 506,
                    "content": "    def _classify_structured_exception(self, error: Exception) -> RedactedDiagnostic:         \"\"\"Classify failures without retaining exception text or request data.\"\"\"         if isinstance(error, (InvalidEnricherParams, ValidationError)):             return RedactedDiagnostic(                 code=\"validation_error\",                 safe_message=\"Input validation failed.\",                 retryable=False,             )         if isinstance(error, httpx.TimeoutException):             return RedactedDiagnostic(                 code=\"timeout\",                 safe_message=\"The operation timed out.\",                 retryable=True,             )         if isinstance(error, httpx.HTTPStatusError):             status_code = error.response.status_code             if status_code == 429:                 return RedactedDiagnostic(                     code=\"http_rate_limited\",                     safe_message=\"The remote service rate limited the request.\",                     retryable=True,                 )             if 500 <= status_code < 600:                 return RedactedDiagnostic(                     code=\"http_server_error\",                     safe_message=\"The remote service failed.\",                     retryable=True,                 )             if 400 <= status_code < 500:                 return RedactedDiagnostic(                     code=\"http_client_error\",                     safe_message=\"The remote service rejected the request.\",                     retryable=False,                 )             return RedactedDiagnostic(                 code=\"http_error\",                 safe_message=\"The remote service returned an HTTP error.\",                 retryable=False,             )         return RedactedDiagnostic(             code=\"unexpected_error\",             safe_message=\"Unexpected processing failure.\",             retryable=False,         )"
                },
                {
                    "id": "Method:flowsint-enrichers/src/flowsint_enrichers/website/to_text.py:WebsiteToText.name#0",
                    "name": "name",
                    "filePath": "flowsint-enrichers/src/flowsint_enrichers/website/to_text.py",
                    "nodeType": "Method",
                    "startLine": 81,
                    "endLine": 82,
                    "content": "    def name(cls) -> str:         return \"website_to_text\""
                },
                {
                    "id": "Method:flowsint-enrichers/src/flowsint_enrichers/website/to_text.py:WebsiteToText._diagnostic#2",
                    "name": "_diagnostic",
                    "filePath": "flowsint-enrichers/src/flowsint_enrichers/website/to_text.py",
                    "nodeType": "Method",
                    "startLine": 126,
                    "endLine": 127,
                    "content": "    def _diagnostic(code: str, message: str) -> RedactedDiagnostic:         return RedactedDiagnostic(code=code, safe_message=message, retryable=False)"
                },
                {
                    "id": "Method:flowsint-enrichers/src/flowsint_enrichers/website/to_text.py:WebsiteToText._scan_occurrence_specs#1",
                    "name": "_scan_occurrence_specs",
                    "filePath": "flowsint-enrichers/src/flowsint_enrichers/website/to_text.py",
                    "nodeType": "Method",
                    "startLine": 188,
                    "endLine": 212,
                    "content": "    async def _scan_occurrence_specs(         self, specs: Sequence[tuple[int, Website, str]]     ) -> tuple[WebsiteTextOccurrence, ...]:         semaphore = asyncio.Semaphore(self.params.get(\"max_concurrency\", 10))         tasks = tuple(             asyncio.create_task(self._fetch_occurrence(index, source, input_ref, semaphore))             for index, source, input_ref in specs         )         try:             results = await asyncio.gather(*tasks)         except asyncio.CancelledError:             for task in tasks:                 task.cancel()             results = await asyncio.gather(*tasks, return_exceptions=True)         occurrences: list[WebsiteTextOccurrence] = []         for position, result in enumerate(results):             index, source, input_ref = specs[position]             if isinstance(result, WebsiteTextOccurrence):                 occurrences.append(result)             elif isinstance(result, asyncio.CancelledError):                 occurrences.append(self._cancelled_occurrence(index, source, input_ref))             else:                 occurrences.append(self._failed_occurrence(index, source, input_ref))         return tuple(occurrences)"
                },
                {
                    "id": "Method:flowsint-enrichers/src/flowsint_enrichers/website/to_text.py:WebsiteToText.postprocess#1",
                    "name": "postprocess",
                    "filePath": "flowsint-enrichers/src/flowsint_enrichers/website/to_text.py",
                    "nodeType": "Method",
                    "startLine": 392,
                    "endLine": 400,
                    "content": "    def postprocess(         self, occurrences: Sequence[WebsiteTextOccurrence]     ) -> List[OutputType]:         \"\"\"Capture graph edges from source-owned occurrence envelopes only.\"\"\"         retained = tuple(occurrences)         if any(not isinstance(occurrence, WebsiteTextOccurrence) for occurrence in retained):             raise TypeError(\"WebsiteToText.postprocess requires occurrence envelopes from scan().\")         self._postprocess_occurrences(retained)         return self._legacy_outputs(retained)"
                }
            ]
        },
        "d=2": {
            "depth": 2,
            "label": "LIKELY AFFECTED",
            "symbols": [
                {
                    "id": "Function:flowsint-core/src/flowsint_core/core/enricher_base.py:build_params_model",
                    "name": "build_params_model",
                    "filePath": "flowsint-core/src/flowsint_core/core/enricher_base.py",
                    "nodeType": "Function",
                    "startLine": 29,
                    "endLine": 59,
                    "content": "def build_params_model(params_schema: list) -> BaseModel:     \"\"\"     Build a strict Pydantic model from a params_schema.     Unknown fields will raise a validation error.     Note: Vault secrets are always optional in the Pydantic model to allow     for deferred configuration. Required validation happens after vault resolution.     \"\"\"     fields: Dict[str, Any] = {}     for param in params_schema:         name = param[\"name\"]         param_type = param.get(\"type\", \"string\")         field_type = bool if param_type == \"bool\" else str         required = param.get(\"required\", False)         # Vault secrets are always optional in Pydantic validation         # Required validation happens after vault resolution         if param_type == \"vaultSecret\":             default = param.get(\"default\", None)         else:             default = ... if required else param.get(\"default\")         fields[name] = (             Optional[field_type],             Field(default=default, description=param.get(\"description\", \"\")),         )     model = create_model(\"ParamsModel\", __config__=ConfigDict(extra=\"forbid\"), **fields)     return model"
                },
                {
                    "id": "Method:flowsint-core/src/flowsint_core/core/enricher_base.py:Enricher.resolve_params#0",
                    "name": "resolve_params",
                    "filePath": "flowsint-core/src/flowsint_core/core/enricher_base.py",
                    "nodeType": "Method",
                    "startLine": 168,
                    "endLine": 203,
                    "content": "    def resolve_params(self) -> Dict[str, Any]:         resolved = {}         for param in self.params_schema:             param_name = param[\"name\"]             param_type = param.get(\"type\", \"string\")             if param_type == \"vaultSecret\":                 # For vault secrets, try to get from vault by name or ID                 secret = None                 if self.vault is not None:                     # First, check if user provided a specific vault ID in params                     if param_name in self.params and self.params[param_name]:                         secret = self.vault.get_secret(self.params[param_name])                     # Otherwise, try to get the secret by the param name itself                     if secret is None:                         secret = self.vault.get_secret(param_name)                     if secret is not None:                         resolved[param_name] = secret                     elif param.get(\"required\", False):                         raise Exception(                             f\"Required vault secret '{param_name}' is missing. Please go to the Vault settings and create a '{param_name}' key.\"                         )                 # If no vault or no secret found, use default if available                 if param_name not in resolved and param.get(\"default\") is not None:                     resolved[param_name] = param[\"default\"]             else:                 # For non-vault params, use the provided value or default                 if param_name in self.params and self.params[param_name] is not None:                     resolved[param_name] = self.params[param_name]                 elif param.get(\"default\") is not None:                     resolved[param_name] = param[\"default\"]         return resolved"
                },
                {
                    "id": "Method:flowsint-core/src/flowsint_core/core/enricher_base.py:Enricher.name#0",
                    "name": "name",
                    "filePath": "flowsint-core/src/flowsint_core/core/enricher_base.py",
                    "nodeType": "Method",
                    "startLine": 211,
                    "endLine": 212,
                    "content": "    def name(cls) -> str:         pass"
                },
                {
                    "id": "Method:flowsint-enrichers/src/flowsint_enrichers/website/to_text.py:WebsiteToText._cancelled_occurrence#3",
                    "name": "_cancelled_occurrence",
                    "filePath": "flowsint-enrichers/src/flowsint_enrichers/website/to_text.py",
                    "nodeType": "Method",
                    "startLine": 129,
                    "endLine": 140,
                    "content": "    def _cancelled_occurrence(         self, index: int, source: Website, input_ref: str     ) -> WebsiteTextOccurrence:         return WebsiteTextOccurrence(             source=source,             index=index,             input_ref=input_ref,             status=OutcomeStatus.HOLD,             diagnostic=self._diagnostic(                 \"cancelled\", \"The operation was cancelled before completion.\"             ),         )"
                },
                {
                    "id": "Method:flowsint-enrichers/src/flowsint_enrichers/website/to_text.py:WebsiteToText._failed_occurrence#3",
                    "name": "_failed_occurrence",
                    "filePath": "flowsint-enrichers/src/flowsint_enrichers/website/to_text.py",
                    "nodeType": "Method",
                    "startLine": 142,
                    "endLine": 153,
                    "content": "    def _failed_occurrence(         self, index: int, source: Website, input_ref: str     ) -> WebsiteTextOccurrence:         return WebsiteTextOccurrence(             source=source,             index=index,             input_ref=input_ref,             status=OutcomeStatus.FAILURE,             diagnostic=self._diagnostic(                 \"unexpected_error\", \"Unexpected processing failure.\"             ),         )"
                },
                {
                    "id": "Method:flowsint-enrichers/src/flowsint_enrichers/website/to_text.py:WebsiteToText._fetch_occurrence#4",
                    "name": "_fetch_occurrence",
                    "filePath": "flowsint-enrichers/src/flowsint_enrichers/website/to_text.py",
                    "nodeType": "Method",
                    "startLine": 155,
                    "endLine": 186,
                    "content": "    async def _fetch_occurrence(         self, index: int, source: Website, input_ref: str, semaphore: asyncio.Semaphore     ) -> WebsiteTextOccurrence:         \"\"\"Return one terminal, source-owned outcome from one transport future.\"\"\"         try:             async with semaphore:                 text = await self._fetch_text_async(                     str(source.url),                     timeout=self.params.get(\"request_timeout\", 10),                     enable_quic=self.params.get(\"enable_quic\", False),                 )             if text is None:                 return WebsiteTextOccurrence(                     source=source,                     index=index,                     input_ref=input_ref,                     status=OutcomeStatus.FAILURE,                     diagnostic=self._diagnostic(                         \"transport_failed\", \"All configured transports failed.\"                     ),                 )             return WebsiteTextOccurrence(                 source=source,                 index=index,                 input_ref=input_ref,                 status=OutcomeStatus.SUCCESS,                 outputs=self._outputs_from_text(text),             )         except asyncio.CancelledError:             return self._cancelled_occurrence(index, source, input_ref)         except Exception:             return self._failed_occurrence(index, source, input_ref)"
                },
                {
                    "id": "Method:flowsint-enrichers/src/flowsint_enrichers/website/to_text.py:WebsiteToText._legacy_outputs#1",
                    "name": "_legacy_outputs",
                    "filePath": "flowsint-enrichers/src/flowsint_enrichers/website/to_text.py",
                    "nodeType": "Method",
                    "startLine": 225,
                    "endLine": 233,
                    "content": "    def _legacy_outputs(         occurrences: Sequence[WebsiteTextOccurrence],     ) -> List[OutputType]:         return [             output             for occurrence in occurrences             if occurrence.status is OutcomeStatus.SUCCESS             for output in occurrence.outputs         ]"
                },
                {
                    "id": "Method:flowsint-enrichers/src/flowsint_enrichers/website/to_text.py:WebsiteToText._postprocess_occurrences#1",
                    "name": "_postprocess_occurrences",
                    "filePath": "flowsint-enrichers/src/flowsint_enrichers/website/to_text.py",
                    "nodeType": "Method",
                    "startLine": 402,
                    "endLine": 422,
                    "content": "    def _postprocess_occurrences(         self, occurrences: Sequence[WebsiteTextOccurrence]     ) -> None:         if not self._graph_service:             return         for occurrence in occurrences:             if occurrence.status is not OutcomeStatus.SUCCESS:                 continue             self.create_node(occurrence.source)             for output in occurrence.outputs:                 if not output.text:                     continue                 self.create_node(output)                 self.create_relationship(                     occurrence.source, output, \"HAS_INNER_TEXT\"                 )                 self.log_graph_message(                     f\"Extracted text from {occurrence.source.url} \"                     f\"({len(output.text)} chars).\"                 )"
                }
            ]
        },
        "d=3": {
            "depth": 3,
            "label": "MAY NEED TESTING",
            "symbols": [
                {
                    "id": "Method:flowsint-core/src/flowsint_core/core/enricher_base.py:Enricher.create_node#1",
                    "name": "create_node",
                    "filePath": "flowsint-core/src/flowsint_core/core/enricher_base.py",
                    "nodeType": "Method",
                    "startLine": 657,
                    "endLine": 676,
                    "content": "    def create_node(self, node_obj) -> None:         \"\"\"         Create a single Neo4j node.         The following properties are automatically added to every node:         - type: Lowercase version of node_type         - sketch_id: Current sketch ID from enricher context         - label: Automatically computed by FlowsintType, or defaults to key_value if not provided         - created_at: ISO 8601 UTC timestamp (only on creation, not updates)         Use Pydantic object directly:             ```python             self.create_node(ip)             ```         Args:             node_obj: Either a Pydantic object or node label string             **properties: Additional node properties or overrides         \"\"\"         self._graph_service.create_node_from_flowsint_type(node_obj=node_obj)"
                },
                {
                    "id": "Method:flowsint-core/src/flowsint_core/core/enricher_base.py:Enricher.create_relationship#3",
                    "name": "create_relationship",
                    "filePath": "flowsint-core/src/flowsint_core/core/enricher_base.py",
                    "nodeType": "Method",
                    "startLine": 678,
                    "endLine": 700,
                    "content": "    def create_relationship(         self,         from_obj,         to_obj,         rel_label=\"IS_RELATED_TO\",     ) -> None:         \"\"\"         Create a relationship between two nodes.         Best Practice - Use Pydantic objects directly:             ```python             self.create_relationship(individual, domain, \"HAS_DOMAIN\")             self.create_relationship(email, breach, \"FOUND_IN_BREACH\")             ```         Args:             from_obj: Either a Pydantic object (source) or source node label             to_obj: Either a Pydantic object (target) or source node key property             rel_label: Either relationship type (Pydantic) or source node key value         \"\"\"         self._graph_service.create_relationship(             from_obj=from_obj, to_obj=to_obj, rel_label=rel_label         )"
                },
                {
                    "id": "Method:flowsint-core/src/flowsint_core/core/enricher_base.py:Enricher.log_graph_message#1",
                    "name": "log_graph_message",
                    "filePath": "flowsint-core/src/flowsint_core/core/enricher_base.py",
                    "nodeType": "Method",
                    "startLine": 702,
                    "endLine": 709,
                    "content": "    def log_graph_message(self, message: str) -> None:         \"\"\"         Log a graph operation message.         Args:             message: Message to log         \"\"\"         self._graph_service.log_graph_message(message)"
                },
                {
                    "id": "Method:flowsint-enrichers/src/flowsint_enrichers/website/to_text.py:WebsiteToText._outputs_from_text#1",
                    "name": "_outputs_from_text",
                    "filePath": "flowsint-enrichers/src/flowsint_enrichers/website/to_text.py",
                    "nodeType": "Method",
                    "startLine": 121,
                    "endLine": 123,
                    "content": "    def _outputs_from_text(self, text: str) -> tuple[Phrase, ...]:         \"\"\"Build the per-occurrence outputs without flattening their ownership.\"\"\"         return (Phrase(text=text),) if text else ()"
                },
                {
                    "id": "Method:flowsint-enrichers/src/flowsint_enrichers/website/to_text.py:WebsiteToText._fetch_text_async#3",
                    "name": "_fetch_text_async",
                    "filePath": "flowsint-enrichers/src/flowsint_enrichers/website/to_text.py",
                    "nodeType": "Method",
                    "startLine": 239,
                    "endLine": 287,
                    "content": "    async def _fetch_text_async(         self,         url: str,         timeout: int = 10,         enable_quic: bool = False,     ) -> Optional[str]:         \"\"\"Fetch URL using httpx (primary), aioquic (optional), requests (fallback).\"\"\"         # 1) httpx — async HTTP/2 + HTTP/1.1 with connection pooling         try:             import httpx             if self._http_client is None:                 self._http_client = httpx.AsyncClient(                     http2=True,                     timeout=timeout,                     follow_redirects=True,                     limits=httpx.Limits(                         max_connections=self.params.get(\"max_concurrency\", 10)                     ),                 )             resp = await self._http_client.get(url)             resp.raise_for_status()             return self._extract_text(html=resp.text)         except Exception as exc:             log.debug(\"httpx failed for %s: %s\", url, exc)         # 2) aioquic — experimental QUIC probe (opt-in)         if HAS_QUIC and enable_quic:             try:                 text = await self._fetch_via_quic(url, timeout=min(timeout, 5))                 if text:                     return text             except Exception as exc:                 log.debug(\"QUIC failed for %s: %s\", url, exc)         # 3) requests — sync fallback         try:             import requests             resp = requests.get(url, timeout=timeout, allow_redirects=True)             resp.raise_for_status()             return self._extract_text(html=resp.text)         except Exception as exc:             Logger.error(                 self.sketch_id,                 {\"message\": f\"All transports failed for {url}: {exc}\"},             )             return None"
                }
            ]
        }
    },
    "summary": {
        "cwd": "/home/n4s5ti/Documents/dev/fl0sint-def42-s02",
        "rootPath": "/home/n4s5ti/Documents/dev/fl0sint-def42-s02",
        "repo": "fl0sint-def42-s02",
        "lbugPath": "/home/n4s5ti/Documents/dev/fl0sint-def42-s02/.gitnexus/lbug",
        "symbol": "flowsint-enrichers/src/flowsint_enrichers/website/to_text.py:execute_structured",
        "rootSymbols": 1,
        "totalSymbols": 22,
        "totalEdges": 27,
        "filesMatched": 2,
        "truncated": false,
        "direct": 8,
        "processes": 0,
        "modules": 2
    },
    "warnings": [],
    "completeness": "complete",
    "completenessReasons": [],
    "indexStatus": "ready"
}
