{
    "symbol": "flowsint-enrichers/src/flowsint_enrichers/website/to_text.py:WebsiteToText",
    "repo": "fl0sint-def42-s02",
    "lbugPath": "/home/n4s5ti/Documents/dev/fl0sint-def42-s02/.gitnexus/lbug",
    "rootPath": "/home/n4s5ti/Documents/dev/fl0sint-def42-s02",
    "direction": "downstream",
    "risk": "CRITICAL",
    "target": {
        "id": "Class:flowsint-enrichers/src/flowsint_enrichers/website/to_text.py:WebsiteToText",
        "name": "WebsiteToText",
        "filePath": "flowsint-enrichers/src/flowsint_enrichers/website/to_text.py",
        "nodeType": "Class",
        "startLine": 71,
        "endLine": 543,
        "content": "class WebsiteToText(Enricher):     \"\"\"Extracts text from webpages using async HTTP/2 with optional QUIC.\"\"\"     InputType = Website     OutputType = Phrase     # Reusable httpx client — lazy-initialised per event loop     _http_client: Optional[\"httpx.AsyncClient\"] = None     @classmethod     def name(cls) -> str:         return \"website_to_text\"     @classmethod     def category(cls) -> str:         return \"Website\"     @classmethod     def key(cls) -> str:         return \"website\"     @classmethod     def get_params_schema(cls) -> List[Dict[str, Any]]:         return [             {                 \"name\": \"enable_quic\",                 \"type\": \"bool\",                 \"default\": False,                 \"label\": \"Enable QUIC/HTTP3 probe\",                 \"description\": \"Try HTTP/3 via QUIC as transport (experimental, most servers ignore it)\",             },             {                 \"name\": \"max_concurrency\",                 \"type\": \"int\",                 \"default\": 10,                 \"label\": \"Max concurrent connections\",                 \"description\": \"Maximum number of simultaneous HTTP connections\",             },             {                 \"name\": \"request_timeout\",                 \"type\": \"int\",                 \"default\": 10,                 \"label\": \"Request timeout (seconds)\",                 \"description\": \"Timeout for each HTTP request\",             },         ]     # ------------------------------------------------------------------     # scan — async concurrent fetches     # ------------------------------------------------------------------     def _outputs_from_text(self, text: str) -> tuple[Phrase, ...]:         \"\"\"Build the per-occurrence outputs without flattening their ownership.\"\"\"         return (Phrase(text=text),) if text else ()     @staticmethod     def _diagnostic(code: str, message: str) -> RedactedDiagnostic:         return RedactedDiagnostic(code=code, safe_message=message, retryable=False)     def _cancelled_occurrence(         self, index: int, source: Website, input_ref: str     ) -> WebsiteTextOccurrence:         return WebsiteTextOccurrence(             source=source,             index=index,             input_ref=input_ref,             status=OutcomeStatus.HOLD,             diagnostic=self._diagnostic(                 \"cancelled\", \"The operation was cancelled before completion.\"             ),         )     def _failed_occurrence(         self, index: int, source: Website, input_ref: str     ) -> WebsiteTextOccurrence:         return WebsiteTextOccurrence(             source=source,             index=index,             input_ref=input_ref,             status=OutcomeStatus.FAILURE,             diagnostic=self._diagnostic(                 \"unexpected_error\", \"Unexpected processing failure.\"             ),         )     async def _fetch_occurrence(         self, index: int, source: Website, input_ref: str, semaphore: asyncio.Semaphore     ) -> WebsiteTextOccurrence:         \"\"\"Return one terminal, source-owned outcome from one transport future.\"\"\"         try:             async with semaphore:                 text = await self._fetch_text_async(                     str(source.url),                     timeout=self.params.get(\"request_timeout\", 10),                     enable_quic=self.params.get(\"enable_quic\", False),                 )             if text is None:                 return WebsiteTextOccurrence(                     source=source,                     index=index,                     input_ref=input_ref,                     status=OutcomeStatus.FAILURE,                     diagnostic=self._diagnostic(                         \"transport_failed\", \"All configured transports failed.\"                     ),                 )             return WebsiteTextOccurrence(                 source=source,                 index=index,                 input_ref=input_ref,                 status=OutcomeStatus.SUCCESS,                 outputs=self._outputs_from_text(text),             )         except asyncio.CancelledError:             return self._cancelled_occurrence(index, source, input_ref)         except Exception:             return self._failed_occurrence(index, source, input_ref)     async def _scan_occurrence_specs(         self, specs: Sequence[tuple[int, Website, str]]     ) -> tuple[WebsiteTextOccurrence, ...]:         semaphore = asyncio.Semaphore(self.params.get(\"max_concurrency\", 10))         tasks = tuple(             asyncio.create_task(self._fetch_occurrence(index, source, input_ref, semaphore))             for index, source, input_ref in specs         )         try:             results = await asyncio.gather(*tasks)         except asyncio.CancelledError:             for task in tasks:                 task.cancel()             results = await asyncio.gather(*tasks, return_exceptions=True)         occurrences: list[WebsiteTextOccurrence] = []         for position, result in enumerate(results):             index, source, input_ref = specs[positio ... [truncated]"
    },
    "symbols": [
        {
            "id": "Class:flowsint-enrichers/src/flowsint_enrichers/website/to_text.py:WebsiteToText",
            "name": "WebsiteToText",
            "filePath": "flowsint-enrichers/src/flowsint_enrichers/website/to_text.py",
            "nodeType": "Class",
            "startLine": 71,
            "endLine": 543,
            "content": "class WebsiteToText(Enricher):     \"\"\"Extracts text from webpages using async HTTP/2 with optional QUIC.\"\"\"     InputType = Website     OutputType = Phrase     # Reusable httpx client — lazy-initialised per event loop     _http_client: Optional[\"httpx.AsyncClient\"] = None     @classmethod     def name(cls) -> str:         return \"website_to_text\"     @classmethod     def category(cls) -> str:         return \"Website\"     @classmethod     def key(cls) -> str:         return \"website\"     @classmethod     def get_params_schema(cls) -> List[Dict[str, Any]]:         return [             {                 \"name\": \"enable_quic\",                 \"type\": \"bool\",                 \"default\": False,                 \"label\": \"Enable QUIC/HTTP3 probe\",                 \"description\": \"Try HTTP/3 via QUIC as transport (experimental, most servers ignore it)\",             },             {                 \"name\": \"max_concurrency\",                 \"type\": \"int\",                 \"default\": 10,                 \"label\": \"Max concurrent connections\",                 \"description\": \"Maximum number of simultaneous HTTP connections\",             },             {                 \"name\": \"request_timeout\",                 \"type\": \"int\",                 \"default\": 10,                 \"label\": \"Request timeout (seconds)\",                 \"description\": \"Timeout for each HTTP request\",             },         ]     # ------------------------------------------------------------------     # scan — async concurrent fetches     # ------------------------------------------------------------------     def _outputs_from_text(self, text: str) -> tuple[Phrase, ...]:         \"\"\"Build the per-occurrence outputs without flattening their ownership.\"\"\"         return (Phrase(text=text),) if text else ()     @staticmethod     def _diagnostic(code: str, message: str) -> RedactedDiagnostic:         return RedactedDiagnostic(code=code, safe_message=message, retryable=False)     def _cancelled_occurrence(         self, index: int, source: Website, input_ref: str     ) -> WebsiteTextOccurrence:         return WebsiteTextOccurrence(             source=source,             index=index,             input_ref=input_ref,             status=OutcomeStatus.HOLD,             diagnostic=self._diagnostic(                 \"cancelled\", \"The operation was cancelled before completion.\"             ),         )     def _failed_occurrence(         self, index: int, source: Website, input_ref: str     ) -> WebsiteTextOccurrence:         return WebsiteTextOccurrence(             source=source,             index=index,             input_ref=input_ref,             status=OutcomeStatus.FAILURE,             diagnostic=self._diagnostic(                 \"unexpected_error\", \"Unexpected processing failure.\"             ),         )     async def _fetch_occurrence(         self, index: int, source: Website, input_ref: str, semaphore: asyncio.Semaphore     ) -> WebsiteTextOccurrence:         \"\"\"Return one terminal, source-owned outcome from one transport future.\"\"\"         try:             async with semaphore:                 text = await self._fetch_text_async(                     str(source.url),                     timeout=self.params.get(\"request_timeout\", 10),                     enable_quic=self.params.get(\"enable_quic\", False),                 )             if text is None:                 return WebsiteTextOccurrence(                     source=source,                     index=index,                     input_ref=input_ref,                     status=OutcomeStatus.FAILURE,                     diagnostic=self._diagnostic(                         \"transport_failed\", \"All configured transports failed.\"                     ),                 )             return WebsiteTextOccurrence(                 source=source,                 index=index,                 input_ref=input_ref,                 status=OutcomeStatus.SUCCESS,                 outputs=self._outputs_from_text(text),             )         except asyncio.CancelledError:             return self._cancelled_occurrence(index, source, input_ref)         except Exception:             return self._failed_occurrence(index, source, input_ref)     async def _scan_occurrence_specs(         self, specs: Sequence[tuple[int, Website, str]]     ) -> tuple[WebsiteTextOccurrence, ...]:         semaphore = asyncio.Semaphore(self.params.get(\"max_concurrency\", 10))         tasks = tuple(             asyncio.create_task(self._fetch_occurrence(index, source, input_ref, semaphore))             for index, source, input_ref in specs         )         try:             results = await asyncio.gather(*tasks)         except asyncio.CancelledError:             for task in tasks:                 task.cancel()             results = await asyncio.gather(*tasks, return_exceptions=True)         occurrences: list[WebsiteTextOccurrence] = []         for position, result in enumerate(results):             index, source, input_ref = specs[positio ... [truncated]"
        },
        {
            "id": "Function:flowsint-core/src/flowsint_core/core/enricher_base.py:build_params_model",
            "name": "build_params_model",
            "filePath": "flowsint-core/src/flowsint_core/core/enricher_base.py",
            "nodeType": "Function",
            "startLine": 29,
            "endLine": 59,
            "content": "def build_params_model(params_schema: list) -> BaseModel:     \"\"\"     Build a strict Pydantic model from a params_schema.     Unknown fields will raise a validation error.     Note: Vault secrets are always optional in the Pydantic model to allow     for deferred configuration. Required validation happens after vault resolution.     \"\"\"     fields: Dict[str, Any] = {}     for param in params_schema:         name = param[\"name\"]         param_type = param.get(\"type\", \"string\")         field_type = bool if param_type == \"bool\" else str         required = param.get(\"required\", False)         # Vault secrets are always optional in Pydantic validation         # Required validation happens after vault resolution         if param_type == \"vaultSecret\":             default = param.get(\"default\", None)         else:             default = ... if required else param.get(\"default\")         fields[name] = (             Optional[field_type],             Field(default=default, description=param.get(\"description\", \"\")),         )     model = create_model(\"ParamsModel\", __config__=ConfigDict(extra=\"forbid\"), **fields)     return model"
        },
        {
            "id": "Function:flowsint-core/src/flowsint_core/utils.py:resolve_type",
            "name": "resolve_type",
            "filePath": "flowsint-core/src/flowsint_core/utils.py",
            "nodeType": "Function",
            "startLine": 131,
            "endLine": 159,
            "content": "def resolve_type(details: dict, schema_context: dict = None) -> str:     if \"anyOf\" in details:         types = []         for option in details[\"anyOf\"]:             if \"$ref\" in option:                 ref = option[\"$ref\"].split(\"/\")[-1]                 types.append(ref)             elif option.get(\"type\") == \"array\":                 # Handle array types within anyOf                 item_type = resolve_type(option.get(\"items\", {}), schema_context)                 types.append(f\"{item_type}[]\")             else:                 types.append(option.get(\"type\", \"unknown\"))         return \" | \".join(types)     if \"type\" in details:         if details[\"type\"] == \"array\":             item_type = resolve_type(details.get(\"items\", {}), schema_context)             return f\"{item_type}[]\"         return details[\"type\"]     # Handle $ref in array items or other contexts     if \"$ref\" in details and schema_context:         ref_path = details[\"$ref\"]         if ref_path.startswith(\"#/$defs/\"):             ref_name = ref_path.split(\"/\")[-1]             return ref_name     return \"any\""
        },
        {
            "id": "Function:flowsint-core/src/flowsint_execution/models.py:_canonicalize_input",
            "name": "_canonicalize_input",
            "filePath": "flowsint-core/src/flowsint_execution/models.py",
            "nodeType": "Function",
            "startLine": 96,
            "endLine": 136,
            "content": "def _canonicalize_input(value: Any) -> Any:     \"\"\"Convert supported input values to a deterministic JSON-compatible shape.\"\"\"     if isinstance(value, BaseModel):         return _canonicalize_input(             value.model_dump(mode=\"json\", by_alias=True, exclude_none=False)         )     if isinstance(value, Mapping):         return {             str(key): _canonicalize_input(item)             for key, item in sorted(value.items(), key=lambda item: str(item[0]))         }     if isinstance(value, (list, tuple)):         return [_canonicalize_input(item) for item in value]     if isinstance(value, (set, frozenset)):         canonical_items = [_canonicalize_input(item) for item in value]         return sorted(             canonical_items,             key=lambda item: json.dumps(                 item, ensure_ascii=False, separators=(\",\", \":\"), sort_keys=True             ),         )     if isinstance(value, float):         if math.isnan(value):             return {\"float\": \"nan\"}         if math.isinf(value):             return {\"float\": \"infinity\" if value > 0 else \"-infinity\"}         return value     if isinstance(value, Enum):         return _canonicalize_input(value.value)     if isinstance(value, datetime):         if value.tzinfo is not None and value.utcoffset() is not None:             value = value.astimezone(timezone.utc)         return value.isoformat()     if isinstance(value, bytes):         return {\"bytes_base64\": base64.b64encode(value).decode(\"ascii\")}     if value is None or isinstance(value, (bool, int, str)):         return value     if hasattr(value, \"model_dump\"):         return _canonicalize_input(value.model_dump(mode=\"json\"))     return {\"type\": f\"{type(value).__module__}.{type(value).__qualname__}\"}"
        },
        {
            "id": "Function:flowsint-core/src/flowsint_execution/models.py:canonical_input_hash",
            "name": "canonical_input_hash",
            "filePath": "flowsint-core/src/flowsint_execution/models.py",
            "nodeType": "Function",
            "startLine": 139,
            "endLine": 149,
            "content": "def canonical_input_hash(value: Any) -> str:     \"\"\"Return the stable SHA-256 reference for an input without retaining it.\"\"\"     canonical = json.dumps(         _canonicalize_input(value),         ensure_ascii=False,         separators=(\",\", \":\"),         sort_keys=True,         allow_nan=False,     )     return hashlib.sha256(canonical.encode(\"utf-8\")).hexdigest()"
        },
        {
            "id": "Method:flowsint-core/src/flowsint_core/core/enricher_base.py:Enricher.__init__#6",
            "name": "__init__",
            "filePath": "flowsint-core/src/flowsint_core/core/enricher_base.py",
            "nodeType": "Method",
            "startLine": 123,
            "endLine": 150,
            "content": "    def __init__(         self,         sketch_id: Optional[str] = None,         scan_id: Optional[str] = None,         params_schema: Optional[List[Dict[str, Any]]] = None,         vault: Optional[VaultProtocol] = None,         params: Optional[Dict[str, Any]] = None,         graph_service: Optional[GraphService] = None,     ):         self.scan_id = scan_id or \"default\"         self.sketch_id = sketch_id or \"system\"         self.vault = vault         self.params_schema = params_schema or []         self.ParamsModel = build_params_model(self.params_schema)         self.params: Dict[str, Any] = params or {}         # Initialize graph service (uses singleton connection by default)         if graph_service:             self._graph_service = graph_service         else:             self._graph_service = create_graph_service(                 sketch_id=self.sketch_id,                 enable_batching=True,             )         # Params is filled synchronously by the constructor. This params is generally constructed of         # vaultSecret references, not the key directly. The idea is that the real key values are resolved after calling         # async_init(), right before the execution."
        },
        {
            "id": "Method:flowsint-core/src/flowsint_core/core/enricher_base.py:Enricher.async_init#0",
            "name": "async_init",
            "filePath": "flowsint-core/src/flowsint_core/core/enricher_base.py",
            "nodeType": "Method",
            "startLine": 152,
            "endLine": 166,
            "content": "    async def async_init(self):         self.ParamsModel = build_params_model(self.params_schema)         # Always resolve parameters, even if self.params is empty         # This allows vault secrets to be fetched by name from params_schema         resolved_params = self.resolve_params()         # Strict validation after resolution         try:             validated = self.ParamsModel(**resolved_params)             self.params = validated.model_dump()         except ValidationError as e:             raise InvalidEnricherParams(                 f\"Enricher '{self.name()}' received invalid parameters: {e}\"             )"
        },
        {
            "id": "Method:flowsint-core/src/flowsint_core/core/enricher_base.py:Enricher.resolve_params#0",
            "name": "resolve_params",
            "filePath": "flowsint-core/src/flowsint_core/core/enricher_base.py",
            "nodeType": "Method",
            "startLine": 168,
            "endLine": 203,
            "content": "    def resolve_params(self) -> Dict[str, Any]:         resolved = {}         for param in self.params_schema:             param_name = param[\"name\"]             param_type = param.get(\"type\", \"string\")             if param_type == \"vaultSecret\":                 # For vault secrets, try to get from vault by name or ID                 secret = None                 if self.vault is not None:                     # First, check if user provided a specific vault ID in params                     if param_name in self.params and self.params[param_name]:                         secret = self.vault.get_secret(self.params[param_name])                     # Otherwise, try to get the secret by the param name itself                     if secret is None:                         secret = self.vault.get_secret(param_name)                     if secret is not None:                         resolved[param_name] = secret                     elif param.get(\"required\", False):                         raise Exception(                             f\"Required vault secret '{param_name}' is missing. Please go to the Vault settings and create a '{param_name}' key.\"                         )                 # If no vault or no secret found, use default if available                 if param_name not in resolved and param.get(\"default\") is not None:                     resolved[param_name] = param[\"default\"]             else:                 # For non-vault params, use the provided value or default                 if param_name in self.params and self.params[param_name] is not None:                     resolved[param_name] = self.params[param_name]                 elif param.get(\"default\") is not None:                     resolved[param_name] = param[\"default\"]         return resolved"
        },
        {
            "id": "Method:flowsint-core/src/flowsint_core/core/enricher_base.py:Enricher.required_params#0",
            "name": "required_params",
            "filePath": "flowsint-core/src/flowsint_core/core/enricher_base.py",
            "nodeType": "Method",
            "startLine": 206,
            "endLine": 207,
            "content": "    def required_params(self) -> bool:         return False"
        },
        {
            "id": "Method:flowsint-core/src/flowsint_core/core/enricher_base.py:Enricher.name#0",
            "name": "name",
            "filePath": "flowsint-core/src/flowsint_core/core/enricher_base.py",
            "nodeType": "Method",
            "startLine": 211,
            "endLine": 212,
            "content": "    def name(cls) -> str:         pass"
        },
        {
            "id": "Method:flowsint-core/src/flowsint_core/core/enricher_base.py:Enricher.icon#0",
            "name": "icon",
            "filePath": "flowsint-core/src/flowsint_core/core/enricher_base.py",
            "nodeType": "Method",
            "startLine": 215,
            "endLine": 216,
            "content": "    def icon(cls) -> str | None:         return None"
        },
        {
            "id": "Method:flowsint-core/src/flowsint_core/core/enricher_base.py:Enricher.category#0",
            "name": "category",
            "filePath": "flowsint-core/src/flowsint_core/core/enricher_base.py",
            "nodeType": "Method",
            "startLine": 220,
            "endLine": 221,
            "content": "    def category(cls) -> str:         pass"
        },
        {
            "id": "Method:flowsint-core/src/flowsint_core/core/enricher_base.py:Enricher.key#0",
            "name": "key",
            "filePath": "flowsint-core/src/flowsint_core/core/enricher_base.py",
            "nodeType": "Method",
            "startLine": 225,
            "endLine": 227,
            "content": "    def key(cls) -> str:         \"\"\"Primary key on which the enricher operates (e.g. domain, IP, etc.)\"\"\"         pass"
        },
        {
            "id": "Method:flowsint-core/src/flowsint_core/core/enricher_base.py:Enricher.documentation#0",
            "name": "documentation",
            "filePath": "flowsint-core/src/flowsint_core/core/enricher_base.py",
            "nodeType": "Method",
            "startLine": 230,
            "endLine": 238,
            "content": "    def documentation(cls) -> str:         \"\"\"         Return formatted markdown documentation for this enricher.         Override this method to provide custom documentation.         Falls back to cleaned docstring if not overridden.         \"\"\"         import inspect         return inspect.cleandoc(cls.__doc__ or \"No documentation available.\")"
        },
        {
            "id": "Method:flowsint-core/src/flowsint_core/core/enricher_base.py:Enricher.input_schema#0",
            "name": "input_schema",
            "filePath": "flowsint-core/src/flowsint_core/core/enricher_base.py",
            "nodeType": "Method",
            "startLine": 241,
            "endLine": 246,
            "content": "    def input_schema(cls) -> Dict[str, Any]:         \"\"\"         Generate input schema from InputType class attribute.         Subclasses don't need to override this unless they have special requirements.         \"\"\"         return cls.generate_input_schema()"
        },
        {
            "id": "Method:flowsint-core/src/flowsint_core/core/enricher_base.py:Enricher.get_params_schema#0",
            "name": "get_params_schema",
            "filePath": "flowsint-core/src/flowsint_core/core/enricher_base.py",
            "nodeType": "Method",
            "startLine": 249,
            "endLine": 251,
            "content": "    def get_params_schema(cls) -> List[Dict[str, Any]]:         \"\"\"Can be overridden in subclasses to declare required parameters\"\"\"         return []"
        },
        {
            "id": "Method:flowsint-core/src/flowsint_core/core/enricher_base.py:Enricher.output_schema#0",
            "name": "output_schema",
            "filePath": "flowsint-core/src/flowsint_core/core/enricher_base.py",
            "nodeType": "Method",
            "startLine": 254,
            "endLine": 259,
            "content": "    def output_schema(cls) -> Dict[str, Any]:         \"\"\"         Generate output schema from OutputType class attribute.         Subclasses don't need to override this unless they have special requirements.         \"\"\"         return cls.generate_output_schema()"
        },
        {
            "id": "Method:flowsint-core/src/flowsint_core/core/enricher_base.py:Enricher.generate_input_schema#0",
            "name": "generate_input_schema",
            "filePath": "flowsint-core/src/flowsint_core/core/enricher_base.py",
            "nodeType": "Method",
            "startLine": 262,
            "endLine": 302,
            "content": "    def generate_input_schema(cls) -> Dict[str, Any]:         \"\"\"         Helper method to generate input schema from InputType class attribute.         Raises:             NotImplementedError: If InputType is not defined in the subclass         \"\"\"         if cls.InputType is NotImplemented:             raise NotImplementedError(f\"InputType must be defined in {cls.__name__}\")         adapter = TypeAdapter(cls.InputType)         schema = adapter.json_schema()         # Handle different schema structures         # Check for direct properties first (even if $defs exists for nested types)         if \"properties\" in schema and \"title\" in schema:             # Direct type definition (e.g., Domain, Ip, Website)             return {                 \"type\": schema.get(\"title\", \"Any\"),                 \"properties\": [                     {\"name\": prop, \"type\": resolve_type(info, schema)}                     for prop, info in schema[\"properties\"].items()                 ],             }         elif \"$defs\" in schema and schema[\"$defs\"] and \"$ref\" in schema:             # Reference to a type in $defs             type_name = schema[\"$ref\"].split(\"/\")[-1]             details = schema[\"$defs\"][type_name]             return {                 \"type\": type_name,                 \"properties\": [                     {\"name\": prop, \"type\": resolve_type(info, schema)}                     for prop, info in details[\"properties\"].items()                 ],             }         else:             # Fallback for unknown schema structures             return {                 \"type\": schema.get(\"title\", \"Any\"),                 \"properties\": [{\"name\": \"value\", \"type\": \"object\"}],             }"
        },
        {
            "id": "Method:flowsint-core/src/flowsint_core/core/enricher_base.py:Enricher.generate_output_schema#0",
            "name": "generate_output_schema",
            "filePath": "flowsint-core/src/flowsint_core/core/enricher_base.py",
            "nodeType": "Method",
            "startLine": 305,
            "endLine": 345,
            "content": "    def generate_output_schema(cls) -> Dict[str, Any]:         \"\"\"         Helper method to generate output schema from OutputType class attribute.         Raises:             NotImplementedError: If OutputType is not defined in the subclass         \"\"\"         if cls.OutputType is NotImplemented:             raise NotImplementedError(f\"OutputType must be defined in {cls.__name__}\")         adapter = TypeAdapter(cls.OutputType)         schema = adapter.json_schema()         # Handle different schema structures         # Check for direct properties first (even if $defs exists for nested types)         if \"properties\" in schema and \"title\" in schema:             # Direct type definition (e.g., Domain, Ip, Website)             return {                 \"type\": schema.get(\"title\", \"Any\"),                 \"properties\": [                     {\"name\": prop, \"type\": resolve_type(info, schema)}                     for prop, info in schema[\"properties\"].items()                 ],             }         elif \"$defs\" in schema and schema[\"$defs\"] and \"$ref\" in schema:             # Reference to a type in $defs             type_name = schema[\"$ref\"].split(\"/\")[-1]             details = schema[\"$defs\"][type_name]             return {                 \"type\": type_name,                 \"properties\": [                     {\"name\": prop, \"type\": resolve_type(info, schema)}                     for prop, info in details[\"properties\"].items()                 ],             }         else:             # Fallback for unknown schema structures             return {                 \"type\": schema.get(\"title\", \"Any\"),                 \"properties\": [{\"name\": \"value\", \"type\": \"object\"}],             }"
        },
        {
            "id": "Method:flowsint-core/src/flowsint_core/core/enricher_base.py:Enricher.scan#1",
            "name": "scan",
            "filePath": "flowsint-core/src/flowsint_core/core/enricher_base.py",
            "nodeType": "Method",
            "startLine": 348,
            "endLine": 349,
            "content": "    async def scan(self, values: List[str]) -> List[Dict[str, Any]]:         pass"
        },
        {
            "id": "Method:flowsint-core/src/flowsint_core/core/enricher_base.py:Enricher.set_params#1",
            "name": "set_params",
            "filePath": "flowsint-core/src/flowsint_core/core/enricher_base.py",
            "nodeType": "Method",
            "startLine": 351,
            "endLine": 352,
            "content": "    def set_params(self, params: Dict[str, Any]) -> None:         self.params = params"
        },
        {
            "id": "Method:flowsint-core/src/flowsint_core/core/enricher_base.py:Enricher.get_params#0",
            "name": "get_params",
            "filePath": "flowsint-core/src/flowsint_core/core/enricher_base.py",
            "nodeType": "Method",
            "startLine": 354,
            "endLine": 355,
            "content": "    def get_params(self) -> Dict[str, Any]:         return self.params"
        },
        {
            "id": "Method:flowsint-core/src/flowsint_core/core/enricher_base.py:Enricher.get_secret#2",
            "name": "get_secret",
            "filePath": "flowsint-core/src/flowsint_core/core/enricher_base.py",
            "nodeType": "Method",
            "startLine": 357,
            "endLine": 371,
            "content": "    def get_secret(self, key_name: str, default: Any = None) -> Any:         \"\"\"         Get a secret value by key name.         The secret is automatically resolved from the vault during async_init.         Args:             key_name: The name of the secret parameter (e.g., \"WHOXY_API_KEY\")             default: Default value if secret is not found         Returns:             The secret value from the vault, or default if not found         \"\"\"         value = self.params.get(key_name, default)         # If the value is None, return the default instead (allows fallback to env vars)         return value if value is not None else default"
        },
        {
            "id": "Method:flowsint-core/src/flowsint_core/core/enricher_base.py:Enricher._input_validation_context#0",
            "name": "_input_validation_context",
            "filePath": "flowsint-core/src/flowsint_core/core/enricher_base.py",
            "nodeType": "Method",
            "startLine": 373,
            "endLine": 392,
            "content": "    def _input_validation_context(self) -> tuple[TypeAdapter | None, str | None]:         if self.InputType is NotImplemented:             return None, None         base_type = self.InputType         adapter = TypeAdapter(base_type)         primary_field = None         if issubclass(base_type, BaseModel):             for name, field in base_type.model_fields.items():                 if field.json_schema_extra and field.json_schema_extra.get(\"primary\"):                     primary_field = name                     break             if primary_field is None:                 for name, field in base_type.model_fields.items():                     if field.is_required():                         primary_field = name                         break                 if primary_field is None:                     primary_field = next(iter(base_type.model_fields.keys()))         return adapter, primary_field"
        },
        {
            "id": "Method:flowsint-core/src/flowsint_core/core/enricher_base.py:Enricher._validate_single_input#3",
            "name": "_validate_single_input",
            "filePath": "flowsint-core/src/flowsint_core/core/enricher_base.py",
            "nodeType": "Method",
            "startLine": 394,
            "endLine": 408,
            "content": "    def _validate_single_input(         self,         item: Any,         *,         adapter: TypeAdapter | None = None,         primary_field: str | None = None,     ) -> Any:         \"\"\"Validate one input using the same conversion rules as ``preprocess``.\"\"\"         if self.InputType is NotImplemented:             return item         if adapter is None:             adapter, primary_field = self._input_validation_context()         if isinstance(item, str) and primary_field:             item = {primary_field: item}         return adapter.validate_python(item)"
        },
        {
            "id": "Method:flowsint-core/src/flowsint_core/core/enricher_base.py:Enricher.preprocess#1",
            "name": "preprocess",
            "filePath": "flowsint-core/src/flowsint_core/core/enricher_base.py",
            "nodeType": "Method",
            "startLine": 410,
            "endLine": 444,
            "content": "    def preprocess(self, values: List) -> List:         \"\"\"         Generic preprocess that validates and converts input using InputType.         Automatically handles dicts, objects, and strings (using the model's primary field).         Invalid items are skipped silently.         Note: InputType should be defined as the base type (e.g., Ip, Domain),         not as a List (e.g., List[Ip]). The preprocess method expects a list of values         and returns a list of validated InputType instances.         \"\"\"         if self.InputType is NotImplemented:             return values         adapter, primary_field = self._input_validation_context()         cleaned = []         for item in values:             try:                 cleaned.append(                     self._validate_single_input(                         item, adapter=adapter, primary_field=primary_field                     )                 )             except Exception:                 continue         if len(cleaned) == 0:             Logger.warn(                 self.sketch_id,                 {                     \"message\": f\"No valid input were provided to enricher '{self.name()}'.\"                 },             )             return values         return cleaned"
        },
        {
            "id": "Method:flowsint-core/src/flowsint_core/core/enricher_base.py:Enricher._structured_execution_context#0",
            "name": "_structured_execution_context",
            "filePath": "flowsint-core/src/flowsint_core/core/enricher_base.py",
            "nodeType": "Method",
            "startLine": 447,
            "endLine": 449,
            "content": "    async def _structured_execution_context(self) -> AsyncIterator[Any]:         \"\"\"Provide optional shared resources for structured per-input processing.\"\"\"         yield None"
        },
        {
            "id": "Method:flowsint-core/src/flowsint_core/core/enricher_base.py:Enricher._process_single_input_structured#2",
            "name": "_process_single_input_structured",
            "filePath": "flowsint-core/src/flowsint_core/core/enricher_base.py",
            "nodeType": "Method",
            "startLine": 451,
            "endLine": 455,
            "content": "    async def _process_single_input_structured(         self, input_obj: Any, context: Any     ) -> List[Any]:         \"\"\"Process one validated input; subclasses can preserve richer grouping.\"\"\"         return await self.scan([input_obj])"
        },
        {
            "id": "Method:flowsint-core/src/flowsint_core/core/enricher_base.py:Enricher._build_structured_evidence#2",
            "name": "_build_structured_evidence",
            "filePath": "flowsint-core/src/flowsint_core/core/enricher_base.py",
            "nodeType": "Method",
            "startLine": 457,
            "endLine": 461,
            "content": "    def _build_structured_evidence(         self, input_obj: Any, input_ref: str     ) -> tuple[EvidenceEnvelope, ...]:         \"\"\"Return retainable evidence captured while processing one input.\"\"\"         return ()"
        },
        {
            "id": "Method:flowsint-core/src/flowsint_core/core/enricher_base.py:Enricher._classify_structured_exception#1",
            "name": "_classify_structured_exception",
            "filePath": "flowsint-core/src/flowsint_core/core/enricher_base.py",
            "nodeType": "Method",
            "startLine": 463,
            "endLine": 506,
            "content": "    def _classify_structured_exception(self, error: Exception) -> RedactedDiagnostic:         \"\"\"Classify failures without retaining exception text or request data.\"\"\"         if isinstance(error, (InvalidEnricherParams, ValidationError)):             return RedactedDiagnostic(                 code=\"validation_error\",                 safe_message=\"Input validation failed.\",                 retryable=False,             )         if isinstance(error, httpx.TimeoutException):             return RedactedDiagnostic(                 code=\"timeout\",                 safe_message=\"The operation timed out.\",                 retryable=True,             )         if isinstance(error, httpx.HTTPStatusError):             status_code = error.response.status_code             if status_code == 429:                 return RedactedDiagnostic(                     code=\"http_rate_limited\",                     safe_message=\"The remote service rate limited the request.\",                     retryable=True,                 )             if 500 <= status_code < 600:                 return RedactedDiagnostic(                     code=\"http_server_error\",                     safe_message=\"The remote service failed.\",                     retryable=True,                 )             if 400 <= status_code < 500:                 return RedactedDiagnostic(                     code=\"http_client_error\",                     safe_message=\"The remote service rejected the request.\",                     retryable=False,                 )             return RedactedDiagnostic(                 code=\"http_error\",                 safe_message=\"The remote service returned an HTTP error.\",                 retryable=False,             )         return RedactedDiagnostic(             code=\"unexpected_error\",             safe_message=\"Unexpected processing failure.\",             retryable=False,         )"
        },
        {
            "id": "Method:flowsint-core/src/flowsint_core/core/enricher_base.py:Enricher._classify_structured_success#2",
            "name": "_classify_structured_success",
            "filePath": "flowsint-core/src/flowsint_core/core/enricher_base.py",
            "nodeType": "Method",
            "startLine": 508,
            "endLine": 513,
            "content": "    def _classify_structured_success(         self,         outputs: tuple[Any, ...],         evidence: tuple[EvidenceEnvelope, ...],     ) -> tuple[OutcomeStatus, RedactedDiagnostic | None]:         return OutcomeStatus.SUCCESS, None"
        },
        {
            "id": "Method:flowsint-core/src/flowsint_core/core/enricher_base.py:Enricher._execute_structured_input#4",
            "name": "_execute_structured_input",
            "filePath": "flowsint-core/src/flowsint_core/core/enricher_base.py",
            "nodeType": "Method",
            "startLine": 515,
            "endLine": 563,
            "content": "    async def _execute_structured_input(         self,         original_input: Any,         context: Any,         *,         adapter: TypeAdapter | None = None,         primary_field: str | None = None,     ) -> InputOutcome:         input_ref = canonical_input_hash(original_input)         try:             input_obj = self._validate_single_input(                 original_input, adapter=adapter, primary_field=primary_field             )         except Exception as error:             return InputOutcome(                 input_ref=input_ref,                 status=OutcomeStatus.FAILURE,                 diagnostic=self._classify_structured_exception(error),             )         outputs: tuple[Any, ...] = ()         diagnostic: RedactedDiagnostic | None = None         status = OutcomeStatus.SUCCESS         try:             processed = await self._process_single_input_structured(input_obj, context)             outputs = tuple(self.postprocess(processed, [input_obj]))         except Exception as error:             status = OutcomeStatus.FAILURE             diagnostic = self._classify_structured_exception(error)         try:             evidence = self._build_structured_evidence(input_obj, input_ref)         except Exception as error:             evidence = ()             status = OutcomeStatus.FAILURE             diagnostic = self._classify_structured_exception(error)         if status is OutcomeStatus.SUCCESS:             status, diagnostic = self._classify_structured_success(outputs, evidence)         if status is not OutcomeStatus.SUCCESS:             outputs = ()         return InputOutcome(             input_ref=input_ref,             status=status,             outputs=outputs,             diagnostic=diagnostic,             evidence=evidence,         )"
        },
        {
            "id": "Method:flowsint-core/src/flowsint_core/core/enricher_base.py:Enricher.execute_structured#1",
            "name": "execute_structured",
            "filePath": "flowsint-core/src/flowsint_core/core/enricher_base.py",
            "nodeType": "Method",
            "startLine": 565,
            "endLine": 622,
            "content": "    async def execute_structured(self, values: List[Any]) -> StructuredExecutionResult:         \"\"\"Execute independently per original input without flattening outputs.\"\"\"         outcomes: list[InputOutcome] = []         if self.name() != \"enricher_orchestrator\":             Logger.info(self.sketch_id, {\"message\": f\"Enricher {self.name()} started.\"})         try:             await self.async_init()         except Exception as error:             diagnostic = self._classify_structured_exception(error)             outcomes = [                 InputOutcome(                     input_ref=canonical_input_hash(value),                     status=OutcomeStatus.FAILURE,                     diagnostic=diagnostic,                 )                 for value in values             ]         else:             try:                 adapter, primary_field = self._input_validation_context()                 async with self._structured_execution_context() as context:                     for value in values:                         outcomes.append(                             await self._execute_structured_input(                                 value,                                 context,                                 adapter=adapter,                                 primary_field=primary_field,                             )                         )             except Exception as error:                 diagnostic = self._classify_structured_exception(error)                 for value in values[len(outcomes) :]:                     outcomes.append(                         InputOutcome(                             input_ref=canonical_input_hash(value),                             status=OutcomeStatus.FAILURE,                             diagnostic=diagnostic,                         )                     )         finally:             try:                 self._graph_service.flush()             except Exception:                 Logger.error(                     self.sketch_id,                     {\"message\": f\"Enricher {self.name()} graph flush failed.\"},                 )         if self.name() != \"enricher_orchestrator\":             Logger.completed(                 self.sketch_id, {\"message\": f\"Enricher {self.name()} finished.\"}             )         return StructuredExecutionResult(             enricher_name=self.name(),             outcomes=tuple(outcomes),         )"
        },
        {
            "id": "Method:flowsint-core/src/flowsint_core/core/enricher_base.py:Enricher.postprocess#2",
            "name": "postprocess",
            "filePath": "flowsint-core/src/flowsint_core/core/enricher_base.py",
            "nodeType": "Method",
            "startLine": 624,
            "endLine": 627,
            "content": "    def postprocess(         self, results: List[Dict[str, Any]], input_data: List[str] = None     ) -> List[Dict[str, Any]]:         return results"
        },
        {
            "id": "Method:flowsint-core/src/flowsint_core/core/enricher_base.py:Enricher.execute#1",
            "name": "execute",
            "filePath": "flowsint-core/src/flowsint_core/core/enricher_base.py",
            "nodeType": "Method",
            "startLine": 630,
            "endLine": 655,
            "content": "    async def execute(self, values: List[Any]) -> List[Dict[str, Any]]:         if self.name() != \"enricher_orchestrator\":             Logger.info(self.sketch_id, {\"message\": f\"Enricher {self.name()} started.\"})         try:             await self.async_init()             preprocessed = self.preprocess(values)             results = await self.scan(preprocessed)             processed = self.postprocess(results, preprocessed)             # Flush any pending batch operations             self._graph_service.flush()             if self.name() != \"enricher_orchestrator\":                 Logger.completed(                     self.sketch_id, {\"message\": f\"Enricher {self.name()} finished.\"}                 )             return processed         except Exception:             if self.name() != \"enricher_orchestrator\":                 Logger.error(                     self.sketch_id,                     {\"message\": f\"Enricher {self.name()} errored.\"},                 )             return []"
        },
        {
            "id": "Method:flowsint-core/src/flowsint_core/core/enricher_base.py:Enricher.create_node#1",
            "name": "create_node",
            "filePath": "flowsint-core/src/flowsint_core/core/enricher_base.py",
            "nodeType": "Method",
            "startLine": 657,
            "endLine": 676,
            "content": "    def create_node(self, node_obj) -> None:         \"\"\"         Create a single Neo4j node.         The following properties are automatically added to every node:         - type: Lowercase version of node_type         - sketch_id: Current sketch ID from enricher context         - label: Automatically computed by FlowsintType, or defaults to key_value if not provided         - created_at: ISO 8601 UTC timestamp (only on creation, not updates)         Use Pydantic object directly:             ```python             self.create_node(ip)             ```         Args:             node_obj: Either a Pydantic object or node label string             **properties: Additional node properties or overrides         \"\"\"         self._graph_service.create_node_from_flowsint_type(node_obj=node_obj)"
        },
        {
            "id": "Method:flowsint-core/src/flowsint_core/core/enricher_base.py:Enricher.create_relationship#3",
            "name": "create_relationship",
            "filePath": "flowsint-core/src/flowsint_core/core/enricher_base.py",
            "nodeType": "Method",
            "startLine": 678,
            "endLine": 700,
            "content": "    def create_relationship(         self,         from_obj,         to_obj,         rel_label=\"IS_RELATED_TO\",     ) -> None:         \"\"\"         Create a relationship between two nodes.         Best Practice - Use Pydantic objects directly:             ```python             self.create_relationship(individual, domain, \"HAS_DOMAIN\")             self.create_relationship(email, breach, \"FOUND_IN_BREACH\")             ```         Args:             from_obj: Either a Pydantic object (source) or source node label             to_obj: Either a Pydantic object (target) or source node key property             rel_label: Either relationship type (Pydantic) or source node key value         \"\"\"         self._graph_service.create_relationship(             from_obj=from_obj, to_obj=to_obj, rel_label=rel_label         )"
        },
        {
            "id": "Method:flowsint-core/src/flowsint_core/core/enricher_base.py:Enricher.log_graph_message#1",
            "name": "log_graph_message",
            "filePath": "flowsint-core/src/flowsint_core/core/enricher_base.py",
            "nodeType": "Method",
            "startLine": 702,
            "endLine": 709,
            "content": "    def log_graph_message(self, message: str) -> None:         \"\"\"         Log a graph operation message.         Args:             message: Message to log         \"\"\"         self._graph_service.log_graph_message(message)"
        },
        {
            "id": "Method:flowsint-core/src/flowsint_core/core/enricher_base.py:Enricher.graph_service#0",
            "name": "graph_service",
            "filePath": "flowsint-core/src/flowsint_core/core/enricher_base.py",
            "nodeType": "Method",
            "startLine": 712,
            "endLine": 719,
            "content": "    def graph_service(self) -> GraphService:         \"\"\"         Get the graph service instance.         Returns:             GraphService instance for advanced operations         \"\"\"         return self._graph_service"
        },
        {
            "id": "Method:flowsint-core/src/flowsint_core/core/logger.py:LoggerSingleton._log#3",
            "name": "_log",
            "filePath": "flowsint-core/src/flowsint_core/core/logger.py",
            "nodeType": "Method",
            "startLine": 201,
            "endLine": 235,
            "content": "    def _log(         self, sketch_id: Union[str, UUID], level: EventLevel, content: Dict     ) -> None:         \"\"\"         Internal logging method.         Process:         1. Capture timestamp and sequence number immediately         2. Emit event immediately (real-time UI)         3. Queue for batch insertion with ordering info (performance)         Args:             sketch_id: Sketch ID for log routing             level: Log level             content: Log content/message         \"\"\"         # Capture timestamp and sequence at the time of logging (not insertion)         sequence = self._get_next_sequence()         timestamp = datetime.now(timezone.utc)         # Generate a temporary ID for immediate event emission         import uuid         temp_log_id = str(uuid.uuid4())         # 1. IMMEDIATE: Emit event for real-time display         self._emit_event(temp_log_id, str(sketch_id), level, content)         # 2. BATCHED: Queue for database insertion with ordering info         # Format: (sequence, timestamp, sketch_id, level, content)         self._log_queue.put((sequence, timestamp, str(sketch_id), level, content))         # 3. Check if we should flush immediately (batch size reached)         if self._log_queue.qsize() >= self._batch_size:             self._flush_batch()"
        },
        {
            "id": "Method:flowsint-core/src/flowsint_core/core/logger.py:LoggerSingleton.info#2",
            "name": "info",
            "filePath": "flowsint-core/src/flowsint_core/core/logger.py",
            "nodeType": "Method",
            "startLine": 239,
            "endLine": 241,
            "content": "    def info(self, sketch_id: Union[str, UUID], message: Dict) -> None:         \"\"\"Log an info message.\"\"\"         self._log(sketch_id, EventLevel.INFO, message)"
        },
        {
            "id": "Method:flowsint-core/src/flowsint_core/core/logger.py:LoggerSingleton.error#2",
            "name": "error",
            "filePath": "flowsint-core/src/flowsint_core/core/logger.py",
            "nodeType": "Method",
            "startLine": 243,
            "endLine": 245,
            "content": "    def error(self, sketch_id: Union[str, UUID], message: Dict) -> None:         \"\"\"Log an error message.\"\"\"         self._log(sketch_id, EventLevel.FAILED, message)"
        },
        {
            "id": "Method:flowsint-core/src/flowsint_core/core/logger.py:LoggerSingleton.warn#2",
            "name": "warn",
            "filePath": "flowsint-core/src/flowsint_core/core/logger.py",
            "nodeType": "Method",
            "startLine": 247,
            "endLine": 249,
            "content": "    def warn(self, sketch_id: Union[str, UUID], message: Dict) -> None:         \"\"\"Log a warning message.\"\"\"         self._log(sketch_id, EventLevel.WARNING, message)"
        },
        {
            "id": "Method:flowsint-core/src/flowsint_core/core/logger.py:LoggerSingleton.completed#2",
            "name": "completed",
            "filePath": "flowsint-core/src/flowsint_core/core/logger.py",
            "nodeType": "Method",
            "startLine": 259,
            "endLine": 276,
            "content": "    def completed(self, sketch_id: Union[str, UUID], message: Dict) -> None:         \"\"\"Log a completed message.\"\"\"         self._log(sketch_id, EventLevel.COMPLETED, message)         # Also publish to status channel for graph refresh         try:             import uuid             temp_log_id = str(uuid.uuid4())             from ..tasks.event import emit_status_event_task             emit_status_event_task.apply(                 args=[temp_log_id, str(sketch_id), EventLevel.COMPLETED, message]             )         except Exception as e:             import logging             logging.error(f\"Failed to emit status event: {e}\")"
        },
        {
            "id": "Method:flowsint-enrichers/src/flowsint_enrichers/website/to_text.py:WebsiteToText.name#0",
            "name": "name",
            "filePath": "flowsint-enrichers/src/flowsint_enrichers/website/to_text.py",
            "nodeType": "Method",
            "startLine": 81,
            "endLine": 82,
            "content": "    def name(cls) -> str:         return \"website_to_text\""
        },
        {
            "id": "Method:flowsint-enrichers/src/flowsint_enrichers/website/to_text.py:WebsiteToText.category#0",
            "name": "category",
            "filePath": "flowsint-enrichers/src/flowsint_enrichers/website/to_text.py",
            "nodeType": "Method",
            "startLine": 85,
            "endLine": 86,
            "content": "    def category(cls) -> str:         return \"Website\""
        },
        {
            "id": "Method:flowsint-enrichers/src/flowsint_enrichers/website/to_text.py:WebsiteToText.key#0",
            "name": "key",
            "filePath": "flowsint-enrichers/src/flowsint_enrichers/website/to_text.py",
            "nodeType": "Method",
            "startLine": 89,
            "endLine": 90,
            "content": "    def key(cls) -> str:         return \"website\""
        },
        {
            "id": "Method:flowsint-enrichers/src/flowsint_enrichers/website/to_text.py:WebsiteToText.get_params_schema#0",
            "name": "get_params_schema",
            "filePath": "flowsint-enrichers/src/flowsint_enrichers/website/to_text.py",
            "nodeType": "Method",
            "startLine": 93,
            "endLine": 116,
            "content": "    def get_params_schema(cls) -> List[Dict[str, Any]]:         return [             {                 \"name\": \"enable_quic\",                 \"type\": \"bool\",                 \"default\": False,                 \"label\": \"Enable QUIC/HTTP3 probe\",                 \"description\": \"Try HTTP/3 via QUIC as transport (experimental, most servers ignore it)\",             },             {                 \"name\": \"max_concurrency\",                 \"type\": \"int\",                 \"default\": 10,                 \"label\": \"Max concurrent connections\",                 \"description\": \"Maximum number of simultaneous HTTP connections\",             },             {                 \"name\": \"request_timeout\",                 \"type\": \"int\",                 \"default\": 10,                 \"label\": \"Request timeout (seconds)\",                 \"description\": \"Timeout for each HTTP request\",             },         ]"
        },
        {
            "id": "Method:flowsint-enrichers/src/flowsint_enrichers/website/to_text.py:WebsiteToText._outputs_from_text#1",
            "name": "_outputs_from_text",
            "filePath": "flowsint-enrichers/src/flowsint_enrichers/website/to_text.py",
            "nodeType": "Method",
            "startLine": 121,
            "endLine": 123,
            "content": "    def _outputs_from_text(self, text: str) -> tuple[Phrase, ...]:         \"\"\"Build the per-occurrence outputs without flattening their ownership.\"\"\"         return (Phrase(text=text),) if text else ()"
        },
        {
            "id": "Method:flowsint-enrichers/src/flowsint_enrichers/website/to_text.py:WebsiteToText._diagnostic#2",
            "name": "_diagnostic",
            "filePath": "flowsint-enrichers/src/flowsint_enrichers/website/to_text.py",
            "nodeType": "Method",
            "startLine": 126,
            "endLine": 127,
            "content": "    def _diagnostic(code: str, message: str) -> RedactedDiagnostic:         return RedactedDiagnostic(code=code, safe_message=message, retryable=False)"
        },
        {
            "id": "Method:flowsint-enrichers/src/flowsint_enrichers/website/to_text.py:WebsiteToText._cancelled_occurrence#3",
            "name": "_cancelled_occurrence",
            "filePath": "flowsint-enrichers/src/flowsint_enrichers/website/to_text.py",
            "nodeType": "Method",
            "startLine": 129,
            "endLine": 140,
            "content": "    def _cancelled_occurrence(         self, index: int, source: Website, input_ref: str     ) -> WebsiteTextOccurrence:         return WebsiteTextOccurrence(             source=source,             index=index,             input_ref=input_ref,             status=OutcomeStatus.HOLD,             diagnostic=self._diagnostic(                 \"cancelled\", \"The operation was cancelled before completion.\"             ),         )"
        },
        {
            "id": "Method:flowsint-enrichers/src/flowsint_enrichers/website/to_text.py:WebsiteToText._failed_occurrence#3",
            "name": "_failed_occurrence",
            "filePath": "flowsint-enrichers/src/flowsint_enrichers/website/to_text.py",
            "nodeType": "Method",
            "startLine": 142,
            "endLine": 153,
            "content": "    def _failed_occurrence(         self, index: int, source: Website, input_ref: str     ) -> WebsiteTextOccurrence:         return WebsiteTextOccurrence(             source=source,             index=index,             input_ref=input_ref,             status=OutcomeStatus.FAILURE,             diagnostic=self._diagnostic(                 \"unexpected_error\", \"Unexpected processing failure.\"             ),         )"
        },
        {
            "id": "Method:flowsint-enrichers/src/flowsint_enrichers/website/to_text.py:WebsiteToText._fetch_occurrence#4",
            "name": "_fetch_occurrence",
            "filePath": "flowsint-enrichers/src/flowsint_enrichers/website/to_text.py",
            "nodeType": "Method",
            "startLine": 155,
            "endLine": 186,
            "content": "    async def _fetch_occurrence(         self, index: int, source: Website, input_ref: str, semaphore: asyncio.Semaphore     ) -> WebsiteTextOccurrence:         \"\"\"Return one terminal, source-owned outcome from one transport future.\"\"\"         try:             async with semaphore:                 text = await self._fetch_text_async(                     str(source.url),                     timeout=self.params.get(\"request_timeout\", 10),                     enable_quic=self.params.get(\"enable_quic\", False),                 )             if text is None:                 return WebsiteTextOccurrence(                     source=source,                     index=index,                     input_ref=input_ref,                     status=OutcomeStatus.FAILURE,                     diagnostic=self._diagnostic(                         \"transport_failed\", \"All configured transports failed.\"                     ),                 )             return WebsiteTextOccurrence(                 source=source,                 index=index,                 input_ref=input_ref,                 status=OutcomeStatus.SUCCESS,                 outputs=self._outputs_from_text(text),             )         except asyncio.CancelledError:             return self._cancelled_occurrence(index, source, input_ref)         except Exception:             return self._failed_occurrence(index, source, input_ref)"
        },
        {
            "id": "Method:flowsint-enrichers/src/flowsint_enrichers/website/to_text.py:WebsiteToText._scan_occurrence_specs#1",
            "name": "_scan_occurrence_specs",
            "filePath": "flowsint-enrichers/src/flowsint_enrichers/website/to_text.py",
            "nodeType": "Method",
            "startLine": 188,
            "endLine": 212,
            "content": "    async def _scan_occurrence_specs(         self, specs: Sequence[tuple[int, Website, str]]     ) -> tuple[WebsiteTextOccurrence, ...]:         semaphore = asyncio.Semaphore(self.params.get(\"max_concurrency\", 10))         tasks = tuple(             asyncio.create_task(self._fetch_occurrence(index, source, input_ref, semaphore))             for index, source, input_ref in specs         )         try:             results = await asyncio.gather(*tasks)         except asyncio.CancelledError:             for task in tasks:                 task.cancel()             results = await asyncio.gather(*tasks, return_exceptions=True)         occurrences: list[WebsiteTextOccurrence] = []         for position, result in enumerate(results):             index, source, input_ref = specs[position]             if isinstance(result, WebsiteTextOccurrence):                 occurrences.append(result)             elif isinstance(result, asyncio.CancelledError):                 occurrences.append(self._cancelled_occurrence(index, source, input_ref))             else:                 occurrences.append(self._failed_occurrence(index, source, input_ref))         return tuple(occurrences)"
        },
        {
            "id": "Method:flowsint-enrichers/src/flowsint_enrichers/website/to_text.py:WebsiteToText._scan_occurrences#2",
            "name": "_scan_occurrences",
            "filePath": "flowsint-enrichers/src/flowsint_enrichers/website/to_text.py",
            "nodeType": "Method",
            "startLine": 214,
            "endLine": 222,
            "content": "    async def _scan_occurrences(         self, data: Sequence[Website], *, start_index: int = 0     ) -> tuple[WebsiteTextOccurrence, ...]:         return await self._scan_occurrence_specs(             tuple(                 (start_index + offset, source, canonical_input_hash(source))                 for offset, source in enumerate(data)             )         )"
        },
        {
            "id": "Method:flowsint-enrichers/src/flowsint_enrichers/website/to_text.py:WebsiteToText._legacy_outputs#1",
            "name": "_legacy_outputs",
            "filePath": "flowsint-enrichers/src/flowsint_enrichers/website/to_text.py",
            "nodeType": "Method",
            "startLine": 225,
            "endLine": 233,
            "content": "    def _legacy_outputs(         occurrences: Sequence[WebsiteTextOccurrence],     ) -> List[OutputType]:         return [             output             for occurrence in occurrences             if occurrence.status is OutcomeStatus.SUCCESS             for output in occurrence.outputs         ]"
        },
        {
            "id": "Method:flowsint-enrichers/src/flowsint_enrichers/website/to_text.py:WebsiteToText.scan#1",
            "name": "scan",
            "filePath": "flowsint-enrichers/src/flowsint_enrichers/website/to_text.py",
            "nodeType": "Method",
            "startLine": 235,
            "endLine": 237,
            "content": "    async def scan(self, data: List[InputType]) -> List[WebsiteTextOccurrence]:         \"\"\"Return source-owned occurrence envelopes for postprocess graph capture.\"\"\"         return list(await self._scan_occurrences(data))"
        },
        {
            "id": "Method:flowsint-enrichers/src/flowsint_enrichers/website/to_text.py:WebsiteToText._fetch_text_async#3",
            "name": "_fetch_text_async",
            "filePath": "flowsint-enrichers/src/flowsint_enrichers/website/to_text.py",
            "nodeType": "Method",
            "startLine": 239,
            "endLine": 287,
            "content": "    async def _fetch_text_async(         self,         url: str,         timeout: int = 10,         enable_quic: bool = False,     ) -> Optional[str]:         \"\"\"Fetch URL using httpx (primary), aioquic (optional), requests (fallback).\"\"\"         # 1) httpx — async HTTP/2 + HTTP/1.1 with connection pooling         try:             import httpx             if self._http_client is None:                 self._http_client = httpx.AsyncClient(                     http2=True,                     timeout=timeout,                     follow_redirects=True,                     limits=httpx.Limits(                         max_connections=self.params.get(\"max_concurrency\", 10)                     ),                 )             resp = await self._http_client.get(url)             resp.raise_for_status()             return self._extract_text(html=resp.text)         except Exception as exc:             log.debug(\"httpx failed for %s: %s\", url, exc)         # 2) aioquic — experimental QUIC probe (opt-in)         if HAS_QUIC and enable_quic:             try:                 text = await self._fetch_via_quic(url, timeout=min(timeout, 5))                 if text:                     return text             except Exception as exc:                 log.debug(\"QUIC failed for %s: %s\", url, exc)         # 3) requests — sync fallback         try:             import requests             resp = requests.get(url, timeout=timeout, allow_redirects=True)             resp.raise_for_status()             return self._extract_text(html=resp.text)         except Exception as exc:             Logger.error(                 self.sketch_id,                 {\"message\": f\"All transports failed for {url}: {exc}\"},             )             return None"
        },
        {
            "id": "Method:flowsint-enrichers/src/flowsint_enrichers/website/to_text.py:WebsiteToText._fetch_via_quic#2",
            "name": "_fetch_via_quic",
            "filePath": "flowsint-enrichers/src/flowsint_enrichers/website/to_text.py",
            "nodeType": "Method",
            "startLine": 292,
            "endLine": 378,
            "content": "    async def _fetch_via_quic(self, url: str, timeout: int = 5) -> Optional[str]:         \"\"\"Fetch via QUIC/HTTP3. Times out fast — most servers ignore UDP 443.\"\"\"         from urllib.parse import urlparse         parsed = urlparse(url)         host = parsed.hostname or \"localhost\"         path = (parsed.path or \"/\") + ((\"?\" + parsed.query) if parsed.query else \"\")         config = QuicConfiguration(is_client=True, alpn_protocols=[\"h3\", \"h3-29\"])         config.server_name = host         config.verify_mode = False  # type: ignore[assignment]         response_data = bytearray()         headers_ok = asyncio.Event()         stream_ended = asyncio.Event()         class _QuicSession:             def __init__(self):                 self.http = None             async def run(self) -> Optional[str]:                 try:                     async with quic_connect(                         host,                         parsed.port or 443,                         configuration=config,                         create_protocol=self._build_proto,                         wait_connected=True,                     ) as protocol:                         await asyncio.wait_for(                             asyncio.gather(headers_ok.wait(), stream_ended.wait()),                             timeout=timeout,                         )                 except (asyncio.TimeoutError, Exception):                     return None                 body = bytes(response_data).decode(\"utf-8\", errors=\"replace\")                 return self._extract(html=body) if body else None             def _extract(self, html: str) -> str:                 soup = BeautifulSoup(html, \"html.parser\")                 return soup.get_text(separator=\" \", strip=True)             def _build_proto(self, *args, **kwargs):                 from aioquic.asyncio.protocol import QuicConnectionProtocol                 class _H3(QuicConnectionProtocol):                     def __init__(self, *args, **kwargs):                         super().__init__(*args, **kwargs)                         self._h3 = None                         self._sent = False                     def quic_event_received(self, event):                         if isinstance(event, quic_events.HandshakeCompleted) and not self._sent:                             self._sent = True                             self._h3 = H3Connection(self._quic)                             sid = self._quic.get_next_available_stream_id()                             self._h3.send_headers(                                 stream_id=sid,                                 headers=[                                     (b\":method\", b\"GET\"),                                     (b\":scheme\", b\"https\"),                                     (b\":authority\", host.encode()),                                     (b\":path\", path.encode()),                                 ],                             )                             return                         if isinstance(event, quic_events.ConnectionTerminated):                             stream_ended.set()                             return                         if not self._h3:                             return                         for ev in self._h3.handle_event(event):                             if isinstance(ev, HeadersReceived):                                 status = dict(ev.headers).get(b\":status\", b\"0\")                                 if status == b\"200\":                                     headers_ok.set()                             elif isinstance(ev, DataReceived):                                 response_data.extend(ev.data)                                 if ev.stream_ended:                                     stream_ended.set()                 return _H3(*args, **kwargs)         session = _QuicSession()         return await session.run()"
        },
        {
            "id": "Method:flowsint-enrichers/src/flowsint_enrichers/website/to_text.py:_QuicSession.run#0",
            "name": "run",
            "filePath": "flowsint-enrichers/src/flowsint_enrichers/website/to_text.py",
            "nodeType": "Method",
            "startLine": 312,
            "endLine": 328,
            "content": "            async def run(self) -> Optional[str]:                 try:                     async with quic_connect(                         host,                         parsed.port or 443,                         configuration=config,                         create_protocol=self._build_proto,                         wait_connected=True,                     ) as protocol:                         await asyncio.wait_for(                             asyncio.gather(headers_ok.wait(), stream_ended.wait()),                             timeout=timeout,                         )                 except (asyncio.TimeoutError, Exception):                     return None                 body = bytes(response_data).decode(\"utf-8\", errors=\"replace\")                 return self._extract(html=body) if body else None"
        },
        {
            "id": "Method:flowsint-enrichers/src/flowsint_enrichers/website/to_text.py:_QuicSession._extract#1",
            "name": "_extract",
            "filePath": "flowsint-enrichers/src/flowsint_enrichers/website/to_text.py",
            "nodeType": "Method",
            "startLine": 330,
            "endLine": 332,
            "content": "            def _extract(self, html: str) -> str:                 soup = BeautifulSoup(html, \"html.parser\")                 return soup.get_text(separator=\" \", strip=True)"
        },
        {
            "id": "Method:flowsint-enrichers/src/flowsint_enrichers/website/to_text.py:WebsiteToText._extract_text#1",
            "name": "_extract_text",
            "filePath": "flowsint-enrichers/src/flowsint_enrichers/website/to_text.py",
            "nodeType": "Method",
            "startLine": 384,
            "endLine": 387,
            "content": "    def _extract_text(html: str) -> str:         \"\"\"Extract visible text from HTML.\"\"\"         soup = BeautifulSoup(html, \"html.parser\")         return soup.get_text(separator=\" \", strip=True)"
        },
        {
            "id": "Method:flowsint-enrichers/src/flowsint_enrichers/website/to_text.py:WebsiteToText.postprocess#1",
            "name": "postprocess",
            "filePath": "flowsint-enrichers/src/flowsint_enrichers/website/to_text.py",
            "nodeType": "Method",
            "startLine": 392,
            "endLine": 400,
            "content": "    def postprocess(         self, occurrences: Sequence[WebsiteTextOccurrence]     ) -> List[OutputType]:         \"\"\"Capture graph edges from source-owned occurrence envelopes only.\"\"\"         retained = tuple(occurrences)         if any(not isinstance(occurrence, WebsiteTextOccurrence) for occurrence in retained):             raise TypeError(\"WebsiteToText.postprocess requires occurrence envelopes from scan().\")         self._postprocess_occurrences(retained)         return self._legacy_outputs(retained)"
        },
        {
            "id": "Method:flowsint-enrichers/src/flowsint_enrichers/website/to_text.py:WebsiteToText._postprocess_occurrences#1",
            "name": "_postprocess_occurrences",
            "filePath": "flowsint-enrichers/src/flowsint_enrichers/website/to_text.py",
            "nodeType": "Method",
            "startLine": 402,
            "endLine": 422,
            "content": "    def _postprocess_occurrences(         self, occurrences: Sequence[WebsiteTextOccurrence]     ) -> None:         if not self._graph_service:             return         for occurrence in occurrences:             if occurrence.status is not OutcomeStatus.SUCCESS:                 continue             self.create_node(occurrence.source)             for output in occurrence.outputs:                 if not output.text:                     continue                 self.create_node(output)                 self.create_relationship(                     occurrence.source, output, \"HAS_INNER_TEXT\"                 )                 self.log_graph_message(                     f\"Extracted text from {occurrence.source.url} \"                     f\"({len(output.text)} chars).\"                 )"
        },
        {
            "id": "Method:flowsint-enrichers/src/flowsint_enrichers/website/to_text.py:WebsiteToText.execute#1",
            "name": "execute",
            "filePath": "flowsint-enrichers/src/flowsint_enrichers/website/to_text.py",
            "nodeType": "Method",
            "startLine": 425,
            "endLine": 445,
            "content": "    async def execute(self, values: List[Any]) -> List[OutputType]:         if self.name() != \"enricher_orchestrator\":             Logger.info(self.sketch_id, {\"message\": f\"Enricher {self.name()} started.\"})         try:             await self.async_init()             occurrences = await self.scan(self.preprocess(values))             processed = self.postprocess(occurrences)             self._graph_service.flush()             if self.name() != \"enricher_orchestrator\":                 Logger.completed(                     self.sketch_id, {\"message\": f\"Enricher {self.name()} finished.\"}                 )             return processed         except asyncio.CancelledError:             raise         except Exception:             if self.name() != \"enricher_orchestrator\":                 Logger.error(                     self.sketch_id, {\"message\": f\"Enricher {self.name()} errored.\"}                 )             return []"
        },
        {
            "id": "Method:flowsint-enrichers/src/flowsint_enrichers/website/to_text.py:WebsiteToText.execute_structured#1",
            "name": "execute_structured",
            "filePath": "flowsint-enrichers/src/flowsint_enrichers/website/to_text.py",
            "nodeType": "Method",
            "startLine": 447,
            "endLine": 543,
            "content": "    async def execute_structured(self, values: List[Any]) -> StructuredExecutionResult:         \"\"\"Preserve every original input as one terminal structured outcome.\"\"\"         outcomes: list[InputOutcome | None] = [None] * len(values)         if self.name() != \"enricher_orchestrator\":             Logger.info(self.sketch_id, {\"message\": f\"Enricher {self.name()} started.\"})         try:             await self.async_init()         except asyncio.CancelledError:             outcomes = [                 InputOutcome(                     input_ref=canonical_input_hash(value),                     status=OutcomeStatus.HOLD,                     diagnostic=self._diagnostic(                         \"cancelled\", \"The operation was cancelled before completion.\"                     ),                 )                 for value in values             ]         except Exception as error:             diagnostic = self._classify_structured_exception(error)             outcomes = [                 InputOutcome(                     input_ref=canonical_input_hash(value),                     status=OutcomeStatus.FAILURE,                     diagnostic=diagnostic,                 )                 for value in values             ]         else:             adapter, primary_field = self._input_validation_context()             specs: list[tuple[int, Website, str]] = []             for index, value in enumerate(values):                 try:                     source = self._validate_single_input(                         value, adapter=adapter, primary_field=primary_field                     )                 except Exception as error:                     outcomes[index] = InputOutcome(                         input_ref=canonical_input_hash(value),                         status=OutcomeStatus.FAILURE,                         diagnostic=self._classify_structured_exception(error),                     )                 else:                     specs.append((index, source, canonical_input_hash(value)))             try:                 occurrences = await self._scan_occurrence_specs(specs)                 self.postprocess(occurrences)             except asyncio.CancelledError:                 for index, value in enumerate(values):                     if outcomes[index] is None:                         outcomes[index] = InputOutcome(                             input_ref=canonical_input_hash(value),                             status=OutcomeStatus.HOLD,                             diagnostic=self._diagnostic(                                 \"cancelled\", \"The operation was cancelled before completion.\"                             ),                         )             except Exception as error:                 diagnostic = self._classify_structured_exception(error)                 for index, value in enumerate(values):                     if outcomes[index] is None:                         outcomes[index] = InputOutcome(                             input_ref=canonical_input_hash(value),                             status=OutcomeStatus.FAILURE,                             diagnostic=diagnostic,                         )             else:                 for occurrence in occurrences:                     outcomes[occurrence.index] = occurrence.to_input_outcome()         finally:             try:                 self._graph_service.flush()             except Exception:                 Logger.error(                     self.sketch_id,                     {\"message\": f\"Enricher {self.name()} graph flush failed.\"},                 )         final_outcomes: list[InputOutcome] = []         for index, value in enumerate(values):             outcome = outcomes[index]             if outcome is None:                 outcome = InputOutcome(                     input_ref=canonical_input_hash(value),                     status=OutcomeStatus.FAILURE,                     diagnostic=self._diagnostic(                         \"unexpected_error\", \"Processing ended without a terminal outcome.\"                     ),                 )             final_outcomes.append(outcome)         if self.name() != \"enricher_orchestrator\":             Logger.completed(self.sketch_id, {\"message\": f\"Enricher {self.name()} finished.\"})         return StructuredExecutionResult(             enricher_name=self.name(),             outcomes=tuple(final_outcomes),         )"
        },
        {
            "id": "Property:flowsint-enrichers/src/flowsint_enrichers/website/to_text.py:WebsiteToText._http_client",
            "name": "_http_client",
            "filePath": "flowsint-enrichers/src/flowsint_enrichers/website/to_text.py",
            "nodeType": "Property",
            "startLine": 78,
            "endLine": 78,
            "content": "    _http_client: Optional[\"httpx.AsyncClient\"] = None"
        },
        {
            "id": "Class:flowsint-core/src/flowsint_core/core/enricher_base.py:Enricher",
            "name": "Enricher",
            "filePath": "flowsint-core/src/flowsint_core/core/enricher_base.py",
            "nodeType": "Class",
            "startLine": 62,
            "endLine": 719,
            "content": "class Enricher(ABC):     \"\"\"     Abstract base class for all enrichers.     ## InputType and OutputType Pattern     Enrichers only need to define InputType and OutputType as class attributes.     The base class automatically handles schema generation:     ```python     from typing import List     from flowsint_types import Domain     from flowsint_types import Ip     class MyEnricher(Enricher):         # Define types as class attributes (base types, not lists)         InputType = Domain         OutputType = Ip         @classmethod         def name(cls):             return \"my_enricher\"         @classmethod         def category(cls):             return \"Domain\"         @classmethod         def key(cls):             return \"domain\"         # preprocess receives a list and returns a list of validated InputType instances         def preprocess(self, data: List) -> List[InputType]:             # Generic implementation handles validation automatically             return super().preprocess(data)         # scan receives a list of InputType and returns a list of OutputType         async def scan(self, data: List[InputType]) -> List[OutputType]:             results: List[OutputType] = []             # ... implementation             return results     # Make types available at module level for easy access     InputType = MyEnricher.InputType     OutputType = MyEnricher.OutputType     ```     The base class automatically provides:     - Generic preprocess() that validates inputs using InputType     - input_schema() method using InputType     - output_schema() method using OutputType     - Error handling for missing type definitions     - Consistent schema generation across all enrichers     Subclasses can override input_schema() or output_schema() if needed for special cases.     \"\"\"     # Abstract type aliases that must be defined in subclasses for runtime use     InputType = NotImplemented     OutputType = NotImplemented     def __init__(         self,         sketch_id: Optional[str] = None,         scan_id: Optional[str] = None,         params_schema: Optional[List[Dict[str, Any]]] = None,         vault: Optional[VaultProtocol] = None,         params: Optional[Dict[str, Any]] = None,         graph_service: Optional[GraphService] = None,     ):         self.scan_id = scan_id or \"default\"         self.sketch_id = sketch_id or \"system\"         self.vault = vault         self.params_schema = params_schema or []         self.ParamsModel = build_params_model(self.params_schema)         self.params: Dict[str, Any] = params or {}         # Initialize graph service (uses singleton connection by default)         if graph_service:             self._graph_service = graph_service         else:             self._graph_service = create_graph_service(                 sketch_id=self.sketch_id,                 enable_batching=True,             )         # Params is filled synchronously by the constructor. This params is generally constructed of         # vaultSecret references, not the key directly. The idea is that the real key values are resolved after calling         # async_init(), right before the execution.     async def async_init(self):         self.ParamsModel = build_params_model(self.params_schema)         # Always resolve parameters, even if self.params is empty         # This allows vault secrets to be fetched by name from params_schema         resolved_params = self.resolve_params()         # Strict validation after resolution         try:             validated = self.ParamsModel(**resolved_params)             self.params = validated.model_dump()         except ValidationError as e:             raise InvalidEnricherParams(                 f\"Enricher '{self.name()}' received invalid parameters: {e}\"             )     def resolve_params(self) -> Dict[str, Any]:         resolved = {}         for param in self.params_schema:             param_name = param[\"name\"]             param_type = param.get(\"type\", \"string\")             if param_type == \"vaultSecret\":                 # For vault secrets, try to get from vault by name or ID                 secret = None                 if self.vault is not None:                     # First, check if user provided a specific vault ID in params                     if param_name in self.params and self.params[param_name]:                         secret = self.vault.get_secret(self.params[param_name])                     # Otherwise, try to get the secret by the param name itself                     if secret is None:                         secret = self.vault.get_secret(param_name)                     if secret is not None:                         resolved[param_name] = secret                     elif param.get(\"required\", False):                         raise Exception(                             f\"Required vault secret '{param_name}' is missing. Please go to the Vault settings and create a '{param_name}' key.\"                         )                 # If no ... [truncated]"
        }
    ],
    "edges": [
        {
            "from": "Class:flowsint-enrichers/src/flowsint_enrichers/website/to_text.py:WebsiteToText",
            "to": "Property:flowsint-enrichers/src/flowsint_enrichers/website/to_text.py:WebsiteToText._http_client",
            "type": "HAS_PROPERTY",
            "confidence": 1
        },
        {
            "from": "Class:flowsint-enrichers/src/flowsint_enrichers/website/to_text.py:WebsiteToText",
            "to": "Method:flowsint-core/src/flowsint_core/core/enricher_base.py:Enricher.name#0",
            "type": "METHOD_OVERRIDES",
            "confidence": 0.9
        },
        {
            "from": "Class:flowsint-enrichers/src/flowsint_enrichers/website/to_text.py:WebsiteToText",
            "to": "Method:flowsint-core/src/flowsint_core/core/enricher_base.py:Enricher.category#0",
            "type": "METHOD_OVERRIDES",
            "confidence": 0.9
        },
        {
            "from": "Class:flowsint-enrichers/src/flowsint_enrichers/website/to_text.py:WebsiteToText",
            "to": "Method:flowsint-core/src/flowsint_core/core/enricher_base.py:Enricher.key#0",
            "type": "METHOD_OVERRIDES",
            "confidence": 0.9
        },
        {
            "from": "Class:flowsint-enrichers/src/flowsint_enrichers/website/to_text.py:WebsiteToText",
            "to": "Method:flowsint-core/src/flowsint_core/core/enricher_base.py:Enricher.get_params_schema#0",
            "type": "METHOD_OVERRIDES",
            "confidence": 0.9
        },
        {
            "from": "Class:flowsint-enrichers/src/flowsint_enrichers/website/to_text.py:WebsiteToText",
            "to": "Method:flowsint-core/src/flowsint_core/core/enricher_base.py:Enricher.scan#1",
            "type": "METHOD_OVERRIDES",
            "confidence": 0.9
        },
        {
            "from": "Class:flowsint-enrichers/src/flowsint_enrichers/website/to_text.py:WebsiteToText",
            "to": "Method:flowsint-core/src/flowsint_core/core/enricher_base.py:Enricher.execute_structured#1",
            "type": "METHOD_OVERRIDES",
            "confidence": 0.9
        },
        {
            "from": "Class:flowsint-enrichers/src/flowsint_enrichers/website/to_text.py:WebsiteToText",
            "to": "Method:flowsint-core/src/flowsint_core/core/enricher_base.py:Enricher.execute#1",
            "type": "METHOD_OVERRIDES",
            "confidence": 0.9
        },
        {
            "from": "Class:flowsint-enrichers/src/flowsint_enrichers/website/to_text.py:WebsiteToText",
            "to": "Method:flowsint-enrichers/src/flowsint_enrichers/website/to_text.py:WebsiteToText.name#0",
            "type": "HAS_METHOD",
            "confidence": 1
        },
        {
            "from": "Class:flowsint-enrichers/src/flowsint_enrichers/website/to_text.py:WebsiteToText",
            "to": "Method:flowsint-enrichers/src/flowsint_enrichers/website/to_text.py:WebsiteToText.category#0",
            "type": "HAS_METHOD",
            "confidence": 1
        },
        {
            "from": "Class:flowsint-enrichers/src/flowsint_enrichers/website/to_text.py:WebsiteToText",
            "to": "Method:flowsint-enrichers/src/flowsint_enrichers/website/to_text.py:WebsiteToText.key#0",
            "type": "HAS_METHOD",
            "confidence": 1
        },
        {
            "from": "Class:flowsint-enrichers/src/flowsint_enrichers/website/to_text.py:WebsiteToText",
            "to": "Method:flowsint-enrichers/src/flowsint_enrichers/website/to_text.py:WebsiteToText.get_params_schema#0",
            "type": "HAS_METHOD",
            "confidence": 1
        },
        {
            "from": "Class:flowsint-enrichers/src/flowsint_enrichers/website/to_text.py:WebsiteToText",
            "to": "Method:flowsint-enrichers/src/flowsint_enrichers/website/to_text.py:WebsiteToText._outputs_from_text#1",
            "type": "HAS_METHOD",
            "confidence": 1
        },
        {
            "from": "Class:flowsint-enrichers/src/flowsint_enrichers/website/to_text.py:WebsiteToText",
            "to": "Method:flowsint-enrichers/src/flowsint_enrichers/website/to_text.py:WebsiteToText._diagnostic#2",
            "type": "HAS_METHOD",
            "confidence": 1
        },
        {
            "from": "Class:flowsint-enrichers/src/flowsint_enrichers/website/to_text.py:WebsiteToText",
            "to": "Method:flowsint-enrichers/src/flowsint_enrichers/website/to_text.py:WebsiteToText._cancelled_occurrence#3",
            "type": "HAS_METHOD",
            "confidence": 1
        },
        {
            "from": "Class:flowsint-enrichers/src/flowsint_enrichers/website/to_text.py:WebsiteToText",
            "to": "Method:flowsint-enrichers/src/flowsint_enrichers/website/to_text.py:WebsiteToText._failed_occurrence#3",
            "type": "HAS_METHOD",
            "confidence": 1
        },
        {
            "from": "Class:flowsint-enrichers/src/flowsint_enrichers/website/to_text.py:WebsiteToText",
            "to": "Method:flowsint-enrichers/src/flowsint_enrichers/website/to_text.py:WebsiteToText._fetch_occurrence#4",
            "type": "HAS_METHOD",
            "confidence": 1
        },
        {
            "from": "Class:flowsint-enrichers/src/flowsint_enrichers/website/to_text.py:WebsiteToText",
            "to": "Method:flowsint-enrichers/src/flowsint_enrichers/website/to_text.py:WebsiteToText._scan_occurrence_specs#1",
            "type": "HAS_METHOD",
            "confidence": 1
        },
        {
            "from": "Class:flowsint-enrichers/src/flowsint_enrichers/website/to_text.py:WebsiteToText",
            "to": "Method:flowsint-enrichers/src/flowsint_enrichers/website/to_text.py:WebsiteToText._scan_occurrences#2",
            "type": "HAS_METHOD",
            "confidence": 1
        },
        {
            "from": "Class:flowsint-enrichers/src/flowsint_enrichers/website/to_text.py:WebsiteToText",
            "to": "Method:flowsint-enrichers/src/flowsint_enrichers/website/to_text.py:WebsiteToText._legacy_outputs#1",
            "type": "HAS_METHOD",
            "confidence": 1
        },
        {
            "from": "Class:flowsint-enrichers/src/flowsint_enrichers/website/to_text.py:WebsiteToText",
            "to": "Method:flowsint-enrichers/src/flowsint_enrichers/website/to_text.py:WebsiteToText.scan#1",
            "type": "HAS_METHOD",
            "confidence": 1
        },
        {
            "from": "Class:flowsint-enrichers/src/flowsint_enrichers/website/to_text.py:WebsiteToText",
            "to": "Method:flowsint-enrichers/src/flowsint_enrichers/website/to_text.py:WebsiteToText._fetch_text_async#3",
            "type": "HAS_METHOD",
            "confidence": 1
        },
        {
            "from": "Class:flowsint-enrichers/src/flowsint_enrichers/website/to_text.py:WebsiteToText",
            "to": "Method:flowsint-enrichers/src/flowsint_enrichers/website/to_text.py:WebsiteToText._fetch_via_quic#2",
            "type": "HAS_METHOD",
            "confidence": 1
        },
        {
            "from": "Class:flowsint-enrichers/src/flowsint_enrichers/website/to_text.py:WebsiteToText",
            "to": "Method:flowsint-enrichers/src/flowsint_enrichers/website/to_text.py:WebsiteToText._extract_text#1",
            "type": "HAS_METHOD",
            "confidence": 1
        },
        {
            "from": "Class:flowsint-enrichers/src/flowsint_enrichers/website/to_text.py:WebsiteToText",
            "to": "Method:flowsint-enrichers/src/flowsint_enrichers/website/to_text.py:WebsiteToText.postprocess#1",
            "type": "HAS_METHOD",
            "confidence": 1
        },
        {
            "from": "Class:flowsint-enrichers/src/flowsint_enrichers/website/to_text.py:WebsiteToText",
            "to": "Method:flowsint-enrichers/src/flowsint_enrichers/website/to_text.py:WebsiteToText._postprocess_occurrences#1",
            "type": "HAS_METHOD",
            "confidence": 1
        },
        {
            "from": "Class:flowsint-enrichers/src/flowsint_enrichers/website/to_text.py:WebsiteToText",
            "to": "Method:flowsint-enrichers/src/flowsint_enrichers/website/to_text.py:WebsiteToText.execute#1",
            "type": "HAS_METHOD",
            "confidence": 1
        },
        {
            "from": "Class:flowsint-enrichers/src/flowsint_enrichers/website/to_text.py:WebsiteToText",
            "to": "Method:flowsint-enrichers/src/flowsint_enrichers/website/to_text.py:WebsiteToText.execute_structured#1",
            "type": "HAS_METHOD",
            "confidence": 1
        },
        {
            "from": "Class:flowsint-enrichers/src/flowsint_enrichers/website/to_text.py:WebsiteToText",
            "to": "Class:flowsint-core/src/flowsint_core/core/enricher_base.py:Enricher",
            "type": "EXTENDS",
            "confidence": 0.85
        },
        {
            "from": "Class:flowsint-core/src/flowsint_core/core/enricher_base.py:Enricher",
            "to": "Method:flowsint-core/src/flowsint_core/core/enricher_base.py:Enricher.__init__#6",
            "type": "HAS_METHOD",
            "confidence": 1
        },
        {
            "from": "Class:flowsint-core/src/flowsint_core/core/enricher_base.py:Enricher",
            "to": "Method:flowsint-core/src/flowsint_core/core/enricher_base.py:Enricher.async_init#0",
            "type": "HAS_METHOD",
            "confidence": 1
        },
        {
            "from": "Method:flowsint-enrichers/src/flowsint_enrichers/website/to_text.py:WebsiteToText.execute_structured#1",
            "to": "Method:flowsint-core/src/flowsint_core/core/enricher_base.py:Enricher.async_init#0",
            "type": "CALLS",
            "confidence": 0.85
        },
        {
            "from": "Method:flowsint-enrichers/src/flowsint_enrichers/website/to_text.py:WebsiteToText.execute#1",
            "to": "Method:flowsint-core/src/flowsint_core/core/enricher_base.py:Enricher.async_init#0",
            "type": "CALLS",
            "confidence": 0.85
        },
        {
            "from": "Method:flowsint-core/src/flowsint_core/core/enricher_base.py:Enricher.execute#1",
            "to": "Method:flowsint-core/src/flowsint_core/core/enricher_base.py:Enricher.async_init#0",
            "type": "CALLS",
            "confidence": 0.85
        },
        {
            "from": "Method:flowsint-core/src/flowsint_core/core/enricher_base.py:Enricher.execute_structured#1",
            "to": "Method:flowsint-core/src/flowsint_core/core/enricher_base.py:Enricher.async_init#0",
            "type": "CALLS",
            "confidence": 0.85
        },
        {
            "from": "Class:flowsint-core/src/flowsint_core/core/enricher_base.py:Enricher",
            "to": "Method:flowsint-core/src/flowsint_core/core/enricher_base.py:Enricher.resolve_params#0",
            "type": "HAS_METHOD",
            "confidence": 1
        },
        {
            "from": "Class:flowsint-core/src/flowsint_core/core/enricher_base.py:Enricher",
            "to": "Method:flowsint-core/src/flowsint_core/core/enricher_base.py:Enricher.required_params#0",
            "type": "HAS_METHOD",
            "confidence": 1
        },
        {
            "from": "Class:flowsint-core/src/flowsint_core/core/enricher_base.py:Enricher",
            "to": "Method:flowsint-core/src/flowsint_core/core/enricher_base.py:Enricher.name#0",
            "type": "HAS_METHOD",
            "confidence": 1
        },
        {
            "from": "Method:flowsint-core/src/flowsint_core/core/enricher_base.py:Enricher.execute#1",
            "to": "Method:flowsint-core/src/flowsint_core/core/enricher_base.py:Enricher.name#0",
            "type": "CALLS",
            "confidence": 0.85
        },
        {
            "from": "Method:flowsint-core/src/flowsint_core/core/enricher_base.py:Enricher.execute_structured#1",
            "to": "Method:flowsint-core/src/flowsint_core/core/enricher_base.py:Enricher.name#0",
            "type": "CALLS",
            "confidence": 0.85
        },
        {
            "from": "Class:flowsint-core/src/flowsint_core/core/enricher_base.py:Enricher",
            "to": "Method:flowsint-core/src/flowsint_core/core/enricher_base.py:Enricher.icon#0",
            "type": "HAS_METHOD",
            "confidence": 1
        },
        {
            "from": "Class:flowsint-core/src/flowsint_core/core/enricher_base.py:Enricher",
            "to": "Method:flowsint-core/src/flowsint_core/core/enricher_base.py:Enricher.category#0",
            "type": "HAS_METHOD",
            "confidence": 1
        },
        {
            "from": "Class:flowsint-core/src/flowsint_core/core/enricher_base.py:Enricher",
            "to": "Method:flowsint-core/src/flowsint_core/core/enricher_base.py:Enricher.key#0",
            "type": "HAS_METHOD",
            "confidence": 1
        },
        {
            "from": "Class:flowsint-core/src/flowsint_core/core/enricher_base.py:Enricher",
            "to": "Method:flowsint-core/src/flowsint_core/core/enricher_base.py:Enricher.documentation#0",
            "type": "HAS_METHOD",
            "confidence": 1
        },
        {
            "from": "Class:flowsint-core/src/flowsint_core/core/enricher_base.py:Enricher",
            "to": "Method:flowsint-core/src/flowsint_core/core/enricher_base.py:Enricher.input_schema#0",
            "type": "HAS_METHOD",
            "confidence": 1
        },
        {
            "from": "Class:flowsint-core/src/flowsint_core/core/enricher_base.py:Enricher",
            "to": "Method:flowsint-core/src/flowsint_core/core/enricher_base.py:Enricher.get_params_schema#0",
            "type": "HAS_METHOD",
            "confidence": 1
        },
        {
            "from": "Class:flowsint-core/src/flowsint_core/core/enricher_base.py:Enricher",
            "to": "Method:flowsint-core/src/flowsint_core/core/enricher_base.py:Enricher.output_schema#0",
            "type": "HAS_METHOD",
            "confidence": 1
        },
        {
            "from": "Class:flowsint-core/src/flowsint_core/core/enricher_base.py:Enricher",
            "to": "Method:flowsint-core/src/flowsint_core/core/enricher_base.py:Enricher.generate_input_schema#0",
            "type": "HAS_METHOD",
            "confidence": 1
        },
        {
            "from": "Class:flowsint-core/src/flowsint_core/core/enricher_base.py:Enricher",
            "to": "Method:flowsint-core/src/flowsint_core/core/enricher_base.py:Enricher.generate_output_schema#0",
            "type": "HAS_METHOD",
            "confidence": 1
        },
        {
            "from": "Class:flowsint-core/src/flowsint_core/core/enricher_base.py:Enricher",
            "to": "Method:flowsint-core/src/flowsint_core/core/enricher_base.py:Enricher.scan#1",
            "type": "HAS_METHOD",
            "confidence": 1
        },
        {
            "from": "Method:flowsint-core/src/flowsint_core/core/enricher_base.py:Enricher.execute#1",
            "to": "Method:flowsint-core/src/flowsint_core/core/enricher_base.py:Enricher.scan#1",
            "type": "CALLS",
            "confidence": 0.85
        },
        {
            "from": "Class:flowsint-core/src/flowsint_core/core/enricher_base.py:Enricher",
            "to": "Method:flowsint-core/src/flowsint_core/core/enricher_base.py:Enricher.set_params#1",
            "type": "HAS_METHOD",
            "confidence": 1
        },
        {
            "from": "Class:flowsint-core/src/flowsint_core/core/enricher_base.py:Enricher",
            "to": "Method:flowsint-core/src/flowsint_core/core/enricher_base.py:Enricher.get_params#0",
            "type": "HAS_METHOD",
            "confidence": 1
        },
        {
            "from": "Class:flowsint-core/src/flowsint_core/core/enricher_base.py:Enricher",
            "to": "Method:flowsint-core/src/flowsint_core/core/enricher_base.py:Enricher.get_secret#2",
            "type": "HAS_METHOD",
            "confidence": 1
        },
        {
            "from": "Class:flowsint-core/src/flowsint_core/core/enricher_base.py:Enricher",
            "to": "Method:flowsint-core/src/flowsint_core/core/enricher_base.py:Enricher._input_validation_context#0",
            "type": "HAS_METHOD",
            "confidence": 1
        },
        {
            "from": "Method:flowsint-enrichers/src/flowsint_enrichers/website/to_text.py:WebsiteToText.execute_structured#1",
            "to": "Method:flowsint-core/src/flowsint_core/core/enricher_base.py:Enricher._input_validation_context#0",
            "type": "CALLS",
            "confidence": 0.85
        },
        {
            "from": "Method:flowsint-core/src/flowsint_core/core/enricher_base.py:Enricher.execute_structured#1",
            "to": "Method:flowsint-core/src/flowsint_core/core/enricher_base.py:Enricher._input_validation_context#0",
            "type": "CALLS",
            "confidence": 0.85
        },
        {
            "from": "Class:flowsint-core/src/flowsint_core/core/enricher_base.py:Enricher",
            "to": "Method:flowsint-core/src/flowsint_core/core/enricher_base.py:Enricher._validate_single_input#3",
            "type": "HAS_METHOD",
            "confidence": 1
        },
        {
            "from": "Method:flowsint-enrichers/src/flowsint_enrichers/website/to_text.py:WebsiteToText.execute_structured#1",
            "to": "Method:flowsint-core/src/flowsint_core/core/enricher_base.py:Enricher._validate_single_input#3",
            "type": "CALLS",
            "confidence": 0.85
        },
        {
            "from": "Class:flowsint-core/src/flowsint_core/core/enricher_base.py:Enricher",
            "to": "Method:flowsint-core/src/flowsint_core/core/enricher_base.py:Enricher.preprocess#1",
            "type": "HAS_METHOD",
            "confidence": 1
        },
        {
            "from": "Method:flowsint-enrichers/src/flowsint_enrichers/website/to_text.py:WebsiteToText.execute#1",
            "to": "Method:flowsint-core/src/flowsint_core/core/enricher_base.py:Enricher.preprocess#1",
            "type": "CALLS",
            "confidence": 0.85
        },
        {
            "from": "Method:flowsint-core/src/flowsint_core/core/enricher_base.py:Enricher.execute#1",
            "to": "Method:flowsint-core/src/flowsint_core/core/enricher_base.py:Enricher.preprocess#1",
            "type": "CALLS",
            "confidence": 0.85
        },
        {
            "from": "Class:flowsint-core/src/flowsint_core/core/enricher_base.py:Enricher",
            "to": "Method:flowsint-core/src/flowsint_core/core/enricher_base.py:Enricher._structured_execution_context#0",
            "type": "HAS_METHOD",
            "confidence": 1
        },
        {
            "from": "Method:flowsint-core/src/flowsint_core/core/enricher_base.py:Enricher.execute_structured#1",
            "to": "Method:flowsint-core/src/flowsint_core/core/enricher_base.py:Enricher._structured_execution_context#0",
            "type": "CALLS",
            "confidence": 0.85
        },
        {
            "from": "Class:flowsint-core/src/flowsint_core/core/enricher_base.py:Enricher",
            "to": "Method:flowsint-core/src/flowsint_core/core/enricher_base.py:Enricher._process_single_input_structured#2",
            "type": "HAS_METHOD",
            "confidence": 1
        },
        {
            "from": "Class:flowsint-core/src/flowsint_core/core/enricher_base.py:Enricher",
            "to": "Method:flowsint-core/src/flowsint_core/core/enricher_base.py:Enricher._build_structured_evidence#2",
            "type": "HAS_METHOD",
            "confidence": 1
        },
        {
            "from": "Class:flowsint-core/src/flowsint_core/core/enricher_base.py:Enricher",
            "to": "Method:flowsint-core/src/flowsint_core/core/enricher_base.py:Enricher._classify_structured_exception#1",
            "type": "HAS_METHOD",
            "confidence": 1
        },
        {
            "from": "Method:flowsint-enrichers/src/flowsint_enrichers/website/to_text.py:WebsiteToText.execute_structured#1",
            "to": "Method:flowsint-core/src/flowsint_core/core/enricher_base.py:Enricher._classify_structured_exception#1",
            "type": "CALLS",
            "confidence": 0.85
        },
        {
            "from": "Method:flowsint-core/src/flowsint_core/core/enricher_base.py:Enricher.execute_structured#1",
            "to": "Method:flowsint-core/src/flowsint_core/core/enricher_base.py:Enricher._classify_structured_exception#1",
            "type": "CALLS",
            "confidence": 0.85
        },
        {
            "from": "Class:flowsint-core/src/flowsint_core/core/enricher_base.py:Enricher",
            "to": "Method:flowsint-core/src/flowsint_core/core/enricher_base.py:Enricher._classify_structured_success#2",
            "type": "HAS_METHOD",
            "confidence": 1
        },
        {
            "from": "Class:flowsint-core/src/flowsint_core/core/enricher_base.py:Enricher",
            "to": "Method:flowsint-core/src/flowsint_core/core/enricher_base.py:Enricher._execute_structured_input#4",
            "type": "HAS_METHOD",
            "confidence": 1
        },
        {
            "from": "Method:flowsint-core/src/flowsint_core/core/enricher_base.py:Enricher.execute_structured#1",
            "to": "Method:flowsint-core/src/flowsint_core/core/enricher_base.py:Enricher._execute_structured_input#4",
            "type": "CALLS",
            "confidence": 0.85
        },
        {
            "from": "Class:flowsint-core/src/flowsint_core/core/enricher_base.py:Enricher",
            "to": "Method:flowsint-core/src/flowsint_core/core/enricher_base.py:Enricher.execute_structured#1",
            "type": "HAS_METHOD",
            "confidence": 1
        },
        {
            "from": "Class:flowsint-core/src/flowsint_core/core/enricher_base.py:Enricher",
            "to": "Method:flowsint-core/src/flowsint_core/core/enricher_base.py:Enricher.postprocess#2",
            "type": "HAS_METHOD",
            "confidence": 1
        },
        {
            "from": "Method:flowsint-core/src/flowsint_core/core/enricher_base.py:Enricher.execute#1",
            "to": "Method:flowsint-core/src/flowsint_core/core/enricher_base.py:Enricher.postprocess#2",
            "type": "CALLS",
            "confidence": 0.85
        },
        {
            "from": "Class:flowsint-core/src/flowsint_core/core/enricher_base.py:Enricher",
            "to": "Method:flowsint-core/src/flowsint_core/core/enricher_base.py:Enricher.execute#1",
            "type": "HAS_METHOD",
            "confidence": 1
        },
        {
            "from": "Class:flowsint-core/src/flowsint_core/core/enricher_base.py:Enricher",
            "to": "Method:flowsint-core/src/flowsint_core/core/enricher_base.py:Enricher.create_node#1",
            "type": "HAS_METHOD",
            "confidence": 1
        },
        {
            "from": "Method:flowsint-enrichers/src/flowsint_enrichers/website/to_text.py:WebsiteToText._postprocess_occurrences#1",
            "to": "Method:flowsint-core/src/flowsint_core/core/enricher_base.py:Enricher.create_node#1",
            "type": "CALLS",
            "confidence": 0.85
        },
        {
            "from": "Class:flowsint-core/src/flowsint_core/core/enricher_base.py:Enricher",
            "to": "Method:flowsint-core/src/flowsint_core/core/enricher_base.py:Enricher.create_relationship#3",
            "type": "HAS_METHOD",
            "confidence": 1
        },
        {
            "from": "Method:flowsint-enrichers/src/flowsint_enrichers/website/to_text.py:WebsiteToText._postprocess_occurrences#1",
            "to": "Method:flowsint-core/src/flowsint_core/core/enricher_base.py:Enricher.create_relationship#3",
            "type": "CALLS",
            "confidence": 0.85
        },
        {
            "from": "Class:flowsint-core/src/flowsint_core/core/enricher_base.py:Enricher",
            "to": "Method:flowsint-core/src/flowsint_core/core/enricher_base.py:Enricher.log_graph_message#1",
            "type": "HAS_METHOD",
            "confidence": 1
        },
        {
            "from": "Method:flowsint-enrichers/src/flowsint_enrichers/website/to_text.py:WebsiteToText._postprocess_occurrences#1",
            "to": "Method:flowsint-core/src/flowsint_core/core/enricher_base.py:Enricher.log_graph_message#1",
            "type": "CALLS",
            "confidence": 0.85
        },
        {
            "from": "Class:flowsint-core/src/flowsint_core/core/enricher_base.py:Enricher",
            "to": "Method:flowsint-core/src/flowsint_core/core/enricher_base.py:Enricher.graph_service#0",
            "type": "HAS_METHOD",
            "confidence": 1
        },
        {
            "from": "Method:flowsint-core/src/flowsint_core/core/enricher_base.py:Enricher.execute#1",
            "to": "Method:flowsint-core/src/flowsint_core/core/logger.py:LoggerSingleton.info#2",
            "type": "CALLS",
            "confidence": 0.85
        },
        {
            "from": "Method:flowsint-core/src/flowsint_core/core/enricher_base.py:Enricher.execute_structured#1",
            "to": "Method:flowsint-core/src/flowsint_core/core/logger.py:LoggerSingleton.info#2",
            "type": "CALLS",
            "confidence": 0.85
        },
        {
            "from": "Method:flowsint-core/src/flowsint_core/core/enricher_base.py:Enricher.execute#1",
            "to": "Method:flowsint-core/src/flowsint_core/core/logger.py:LoggerSingleton.error#2",
            "type": "CALLS",
            "confidence": 0.85
        },
        {
            "from": "Method:flowsint-core/src/flowsint_core/core/enricher_base.py:Enricher.execute_structured#1",
            "to": "Method:flowsint-core/src/flowsint_core/core/logger.py:LoggerSingleton.error#2",
            "type": "CALLS",
            "confidence": 0.85
        },
        {
            "from": "Method:flowsint-core/src/flowsint_core/core/enricher_base.py:Enricher.execute#1",
            "to": "Method:flowsint-core/src/flowsint_core/core/logger.py:LoggerSingleton.completed#2",
            "type": "CALLS",
            "confidence": 0.85
        },
        {
            "from": "Method:flowsint-core/src/flowsint_core/core/enricher_base.py:Enricher.execute_structured#1",
            "to": "Method:flowsint-core/src/flowsint_core/core/logger.py:LoggerSingleton.completed#2",
            "type": "CALLS",
            "confidence": 0.85
        },
        {
            "from": "Method:flowsint-enrichers/src/flowsint_enrichers/website/to_text.py:WebsiteToText.execute_structured#1",
            "to": "Method:flowsint-enrichers/src/flowsint_enrichers/website/to_text.py:WebsiteToText.name#0",
            "type": "CALLS",
            "confidence": 0.85
        },
        {
            "from": "Method:flowsint-enrichers/src/flowsint_enrichers/website/to_text.py:WebsiteToText.execute#1",
            "to": "Method:flowsint-enrichers/src/flowsint_enrichers/website/to_text.py:WebsiteToText.name#0",
            "type": "CALLS",
            "confidence": 0.85
        },
        {
            "from": "Method:flowsint-enrichers/src/flowsint_enrichers/website/to_text.py:WebsiteToText._fetch_occurrence#4",
            "to": "Method:flowsint-enrichers/src/flowsint_enrichers/website/to_text.py:WebsiteToText._outputs_from_text#1",
            "type": "CALLS",
            "confidence": 0.85
        },
        {
            "from": "Method:flowsint-enrichers/src/flowsint_enrichers/website/to_text.py:WebsiteToText.execute_structured#1",
            "to": "Method:flowsint-enrichers/src/flowsint_enrichers/website/to_text.py:WebsiteToText._diagnostic#2",
            "type": "CALLS",
            "confidence": 0.85
        },
        {
            "from": "Method:flowsint-enrichers/src/flowsint_enrichers/website/to_text.py:WebsiteToText._fetch_occurrence#4",
            "to": "Method:flowsint-enrichers/src/flowsint_enrichers/website/to_text.py:WebsiteToText._diagnostic#2",
            "type": "CALLS",
            "confidence": 0.85
        },
        {
            "from": "Method:flowsint-enrichers/src/flowsint_enrichers/website/to_text.py:WebsiteToText._failed_occurrence#3",
            "to": "Method:flowsint-enrichers/src/flowsint_enrichers/website/to_text.py:WebsiteToText._diagnostic#2",
            "type": "CALLS",
            "confidence": 0.85
        },
        {
            "from": "Method:flowsint-enrichers/src/flowsint_enrichers/website/to_text.py:WebsiteToText._cancelled_occurrence#3",
            "to": "Method:flowsint-enrichers/src/flowsint_enrichers/website/to_text.py:WebsiteToText._diagnostic#2",
            "type": "CALLS",
            "confidence": 0.85
        },
        {
            "from": "Method:flowsint-enrichers/src/flowsint_enrichers/website/to_text.py:WebsiteToText._scan_occurrence_specs#1",
            "to": "Method:flowsint-enrichers/src/flowsint_enrichers/website/to_text.py:WebsiteToText._cancelled_occurrence#3",
            "type": "CALLS",
            "confidence": 0.85
        },
        {
            "from": "Method:flowsint-enrichers/src/flowsint_enrichers/website/to_text.py:WebsiteToText._fetch_occurrence#4",
            "to": "Method:flowsint-enrichers/src/flowsint_enrichers/website/to_text.py:WebsiteToText._cancelled_occurrence#3",
            "type": "CALLS",
            "confidence": 0.85
        },
        {
            "from": "Method:flowsint-enrichers/src/flowsint_enrichers/website/to_text.py:WebsiteToText._scan_occurrence_specs#1",
            "to": "Method:flowsint-enrichers/src/flowsint_enrichers/website/to_text.py:WebsiteToText._failed_occurrence#3",
            "type": "CALLS",
            "confidence": 0.85
        },
        {
            "from": "Method:flowsint-enrichers/src/flowsint_enrichers/website/to_text.py:WebsiteToText._fetch_occurrence#4",
            "to": "Method:flowsint-enrichers/src/flowsint_enrichers/website/to_text.py:WebsiteToText._failed_occurrence#3",
            "type": "CALLS",
            "confidence": 0.85
        },
        {
            "from": "Method:flowsint-enrichers/src/flowsint_enrichers/website/to_text.py:WebsiteToText._scan_occurrence_specs#1",
            "to": "Method:flowsint-enrichers/src/flowsint_enrichers/website/to_text.py:WebsiteToText._fetch_occurrence#4",
            "type": "CALLS",
            "confidence": 0.85
        },
        {
            "from": "Method:flowsint-enrichers/src/flowsint_enrichers/website/to_text.py:WebsiteToText.execute_structured#1",
            "to": "Method:flowsint-enrichers/src/flowsint_enrichers/website/to_text.py:WebsiteToText._scan_occurrence_specs#1",
            "type": "CALLS",
            "confidence": 0.85
        },
        {
            "from": "Method:flowsint-enrichers/src/flowsint_enrichers/website/to_text.py:WebsiteToText._scan_occurrences#2",
            "to": "Method:flowsint-enrichers/src/flowsint_enrichers/website/to_text.py:WebsiteToText._scan_occurrence_specs#1",
            "type": "CALLS",
            "confidence": 0.85
        },
        {
            "from": "Method:flowsint-enrichers/src/flowsint_enrichers/website/to_text.py:WebsiteToText.scan#1",
            "to": "Method:flowsint-enrichers/src/flowsint_enrichers/website/to_text.py:WebsiteToText._scan_occurrences#2",
            "type": "CALLS",
            "confidence": 0.85
        },
        {
            "from": "Method:flowsint-enrichers/src/flowsint_enrichers/website/to_text.py:WebsiteToText.postprocess#1",
            "to": "Method:flowsint-enrichers/src/flowsint_enrichers/website/to_text.py:WebsiteToText._legacy_outputs#1",
            "type": "CALLS",
            "confidence": 0.85
        },
        {
            "from": "Method:flowsint-enrichers/src/flowsint_enrichers/website/to_text.py:WebsiteToText.execute#1",
            "to": "Method:flowsint-enrichers/src/flowsint_enrichers/website/to_text.py:WebsiteToText.scan#1",
            "type": "CALLS",
            "confidence": 0.85
        },
        {
            "from": "Method:flowsint-enrichers/src/flowsint_enrichers/website/to_text.py:WebsiteToText._fetch_occurrence#4",
            "to": "Method:flowsint-enrichers/src/flowsint_enrichers/website/to_text.py:WebsiteToText._fetch_text_async#3",
            "type": "CALLS",
            "confidence": 0.85
        },
        {
            "from": "Method:flowsint-enrichers/src/flowsint_enrichers/website/to_text.py:WebsiteToText._fetch_text_async#3",
            "to": "Method:flowsint-enrichers/src/flowsint_enrichers/website/to_text.py:WebsiteToText._fetch_via_quic#2",
            "type": "CALLS",
            "confidence": 0.85
        },
        {
            "from": "Method:flowsint-enrichers/src/flowsint_enrichers/website/to_text.py:WebsiteToText._fetch_via_quic#2",
            "to": "Method:flowsint-enrichers/src/flowsint_enrichers/website/to_text.py:_QuicSession.run#0",
            "type": "CALLS",
            "confidence": 0.85
        },
        {
            "from": "Method:flowsint-enrichers/src/flowsint_enrichers/website/to_text.py:WebsiteToText._fetch_text_async#3",
            "to": "Method:flowsint-enrichers/src/flowsint_enrichers/website/to_text.py:WebsiteToText._extract_text#1",
            "type": "CALLS",
            "confidence": 0.85
        },
        {
            "from": "Method:flowsint-enrichers/src/flowsint_enrichers/website/to_text.py:WebsiteToText.execute_structured#1",
            "to": "Method:flowsint-enrichers/src/flowsint_enrichers/website/to_text.py:WebsiteToText.postprocess#1",
            "type": "CALLS",
            "confidence": 0.85
        },
        {
            "from": "Method:flowsint-enrichers/src/flowsint_enrichers/website/to_text.py:WebsiteToText.execute#1",
            "to": "Method:flowsint-enrichers/src/flowsint_enrichers/website/to_text.py:WebsiteToText.postprocess#1",
            "type": "CALLS",
            "confidence": 0.85
        },
        {
            "from": "Method:flowsint-enrichers/src/flowsint_enrichers/website/to_text.py:WebsiteToText.postprocess#1",
            "to": "Method:flowsint-enrichers/src/flowsint_enrichers/website/to_text.py:WebsiteToText._postprocess_occurrences#1",
            "type": "CALLS",
            "confidence": 0.85
        },
        {
            "from": "Method:flowsint-core/src/flowsint_core/core/enricher_base.py:Enricher.execute_structured#1",
            "to": "Function:flowsint-core/src/flowsint_execution/models.py:canonical_input_hash",
            "type": "CALLS",
            "confidence": 0.85
        },
        {
            "from": "Method:flowsint-core/src/flowsint_core/core/enricher_base.py:Enricher.async_init#0",
            "to": "Method:flowsint-core/src/flowsint_core/core/enricher_base.py:Enricher.resolve_params#0",
            "type": "CALLS",
            "confidence": 0.85
        },
        {
            "from": "Method:flowsint-core/src/flowsint_core/core/enricher_base.py:Enricher.preprocess#1",
            "to": "Method:flowsint-core/src/flowsint_core/core/enricher_base.py:Enricher.name#0",
            "type": "CALLS",
            "confidence": 0.85
        },
        {
            "from": "Method:flowsint-core/src/flowsint_core/core/enricher_base.py:Enricher.async_init#0",
            "to": "Method:flowsint-core/src/flowsint_core/core/enricher_base.py:Enricher.name#0",
            "type": "CALLS",
            "confidence": 0.85
        },
        {
            "from": "Method:flowsint-core/src/flowsint_core/core/enricher_base.py:Enricher.input_schema#0",
            "to": "Method:flowsint-core/src/flowsint_core/core/enricher_base.py:Enricher.generate_input_schema#0",
            "type": "CALLS",
            "confidence": 0.85
        },
        {
            "from": "Method:flowsint-core/src/flowsint_core/core/enricher_base.py:Enricher.output_schema#0",
            "to": "Method:flowsint-core/src/flowsint_core/core/enricher_base.py:Enricher.generate_output_schema#0",
            "type": "CALLS",
            "confidence": 0.85
        },
        {
            "from": "Method:flowsint-core/src/flowsint_core/core/enricher_base.py:Enricher._process_single_input_structured#2",
            "to": "Method:flowsint-core/src/flowsint_core/core/enricher_base.py:Enricher.scan#1",
            "type": "CALLS",
            "confidence": 0.85
        },
        {
            "from": "Method:flowsint-core/src/flowsint_core/core/enricher_base.py:Enricher.preprocess#1",
            "to": "Method:flowsint-core/src/flowsint_core/core/enricher_base.py:Enricher._input_validation_context#0",
            "type": "CALLS",
            "confidence": 0.85
        },
        {
            "from": "Method:flowsint-core/src/flowsint_core/core/enricher_base.py:Enricher._validate_single_input#3",
            "to": "Method:flowsint-core/src/flowsint_core/core/enricher_base.py:Enricher._input_validation_context#0",
            "type": "CALLS",
            "confidence": 0.85
        },
        {
            "from": "Method:flowsint-core/src/flowsint_core/core/enricher_base.py:Enricher._execute_structured_input#4",
            "to": "Method:flowsint-core/src/flowsint_core/core/enricher_base.py:Enricher._validate_single_input#3",
            "type": "CALLS",
            "confidence": 0.85
        },
        {
            "from": "Method:flowsint-core/src/flowsint_core/core/enricher_base.py:Enricher.preprocess#1",
            "to": "Method:flowsint-core/src/flowsint_core/core/enricher_base.py:Enricher._validate_single_input#3",
            "type": "CALLS",
            "confidence": 0.85
        },
        {
            "from": "Method:flowsint-core/src/flowsint_core/core/enricher_base.py:Enricher._execute_structured_input#4",
            "to": "Method:flowsint-core/src/flowsint_core/core/enricher_base.py:Enricher._process_single_input_structured#2",
            "type": "CALLS",
            "confidence": 0.85
        },
        {
            "from": "Method:flowsint-core/src/flowsint_core/core/enricher_base.py:Enricher._execute_structured_input#4",
            "to": "Method:flowsint-core/src/flowsint_core/core/enricher_base.py:Enricher._build_structured_evidence#2",
            "type": "CALLS",
            "confidence": 0.85
        },
        {
            "from": "Method:flowsint-core/src/flowsint_core/core/enricher_base.py:Enricher._execute_structured_input#4",
            "to": "Method:flowsint-core/src/flowsint_core/core/enricher_base.py:Enricher._classify_structured_exception#1",
            "type": "CALLS",
            "confidence": 0.85
        },
        {
            "from": "Method:flowsint-core/src/flowsint_core/core/enricher_base.py:Enricher._execute_structured_input#4",
            "to": "Method:flowsint-core/src/flowsint_core/core/enricher_base.py:Enricher._classify_structured_success#2",
            "type": "CALLS",
            "confidence": 0.85
        },
        {
            "from": "Method:flowsint-core/src/flowsint_core/core/enricher_base.py:Enricher._execute_structured_input#4",
            "to": "Method:flowsint-core/src/flowsint_core/core/enricher_base.py:Enricher.postprocess#2",
            "type": "CALLS",
            "confidence": 0.85
        },
        {
            "from": "Method:flowsint-core/src/flowsint_core/core/logger.py:LoggerSingleton.completed#2",
            "to": "Method:flowsint-core/src/flowsint_core/core/logger.py:LoggerSingleton._log#3",
            "type": "CALLS",
            "confidence": 0.85
        },
        {
            "from": "Method:flowsint-core/src/flowsint_core/core/logger.py:LoggerSingleton.error#2",
            "to": "Method:flowsint-core/src/flowsint_core/core/logger.py:LoggerSingleton._log#3",
            "type": "CALLS",
            "confidence": 0.85
        },
        {
            "from": "Method:flowsint-core/src/flowsint_core/core/logger.py:LoggerSingleton.info#2",
            "to": "Method:flowsint-core/src/flowsint_core/core/logger.py:LoggerSingleton._log#3",
            "type": "CALLS",
            "confidence": 0.85
        },
        {
            "from": "Method:flowsint-core/src/flowsint_core/core/enricher_base.py:Enricher.preprocess#1",
            "to": "Method:flowsint-core/src/flowsint_core/core/logger.py:LoggerSingleton.warn#2",
            "type": "CALLS",
            "confidence": 0.85
        },
        {
            "from": "Method:flowsint-enrichers/src/flowsint_enrichers/website/to_text.py:_QuicSession.run#0",
            "to": "Method:flowsint-enrichers/src/flowsint_enrichers/website/to_text.py:_QuicSession._extract#1",
            "type": "CALLS",
            "confidence": 0.85
        },
        {
            "from": "Method:flowsint-core/src/flowsint_core/core/enricher_base.py:Enricher.async_init#0",
            "to": "Function:flowsint-core/src/flowsint_core/core/enricher_base.py:build_params_model",
            "type": "CALLS",
            "confidence": 0.85
        },
        {
            "from": "Method:flowsint-core/src/flowsint_core/core/enricher_base.py:Enricher.__init__#6",
            "to": "Function:flowsint-core/src/flowsint_core/core/enricher_base.py:build_params_model",
            "type": "CALLS",
            "confidence": 0.85
        },
        {
            "from": "Method:flowsint-core/src/flowsint_core/core/enricher_base.py:Enricher.generate_output_schema#0",
            "to": "Function:flowsint-core/src/flowsint_core/utils.py:resolve_type",
            "type": "CALLS",
            "confidence": 0.85
        },
        {
            "from": "Method:flowsint-core/src/flowsint_core/core/enricher_base.py:Enricher.generate_input_schema#0",
            "to": "Function:flowsint-core/src/flowsint_core/utils.py:resolve_type",
            "type": "CALLS",
            "confidence": 0.85
        },
        {
            "from": "Function:flowsint-core/src/flowsint_execution/models.py:canonical_input_hash",
            "to": "Function:flowsint-core/src/flowsint_execution/models.py:_canonicalize_input",
            "type": "CALLS",
            "confidence": 0.85
        },
        {
            "from": "Method:flowsint-core/src/flowsint_core/core/enricher_base.py:Enricher._execute_structured_input#4",
            "to": "Function:flowsint-core/src/flowsint_execution/models.py:canonical_input_hash",
            "type": "CALLS",
            "confidence": 0.85
        }
    ],
    "files": [
        {
            "filePath": "flowsint-enrichers/src/flowsint_enrichers/website/to_text.py",
            "count": 24,
            "symbols": [
                {
                    "id": "Class:flowsint-enrichers/src/flowsint_enrichers/website/to_text.py:WebsiteToText",
                    "name": "WebsiteToText",
                    "filePath": "flowsint-enrichers/src/flowsint_enrichers/website/to_text.py",
                    "nodeType": "Class",
                    "startLine": 71,
                    "endLine": 543,
                    "content": "class WebsiteToText(Enricher):     \"\"\"Extracts text from webpages using async HTTP/2 with optional QUIC.\"\"\"     InputType = Website     OutputType = Phrase     # Reusable httpx client — lazy-initialised per event loop     _http_client: Optional[\"httpx.AsyncClient\"] = None     @classmethod     def name(cls) -> str:         return \"website_to_text\"     @classmethod     def category(cls) -> str:         return \"Website\"     @classmethod     def key(cls) -> str:         return \"website\"     @classmethod     def get_params_schema(cls) -> List[Dict[str, Any]]:         return [             {                 \"name\": \"enable_quic\",                 \"type\": \"bool\",                 \"default\": False,                 \"label\": \"Enable QUIC/HTTP3 probe\",                 \"description\": \"Try HTTP/3 via QUIC as transport (experimental, most servers ignore it)\",             },             {                 \"name\": \"max_concurrency\",                 \"type\": \"int\",                 \"default\": 10,                 \"label\": \"Max concurrent connections\",                 \"description\": \"Maximum number of simultaneous HTTP connections\",             },             {                 \"name\": \"request_timeout\",                 \"type\": \"int\",                 \"default\": 10,                 \"label\": \"Request timeout (seconds)\",                 \"description\": \"Timeout for each HTTP request\",             },         ]     # ------------------------------------------------------------------     # scan — async concurrent fetches     # ------------------------------------------------------------------     def _outputs_from_text(self, text: str) -> tuple[Phrase, ...]:         \"\"\"Build the per-occurrence outputs without flattening their ownership.\"\"\"         return (Phrase(text=text),) if text else ()     @staticmethod     def _diagnostic(code: str, message: str) -> RedactedDiagnostic:         return RedactedDiagnostic(code=code, safe_message=message, retryable=False)     def _cancelled_occurrence(         self, index: int, source: Website, input_ref: str     ) -> WebsiteTextOccurrence:         return WebsiteTextOccurrence(             source=source,             index=index,             input_ref=input_ref,             status=OutcomeStatus.HOLD,             diagnostic=self._diagnostic(                 \"cancelled\", \"The operation was cancelled before completion.\"             ),         )     def _failed_occurrence(         self, index: int, source: Website, input_ref: str     ) -> WebsiteTextOccurrence:         return WebsiteTextOccurrence(             source=source,             index=index,             input_ref=input_ref,             status=OutcomeStatus.FAILURE,             diagnostic=self._diagnostic(                 \"unexpected_error\", \"Unexpected processing failure.\"             ),         )     async def _fetch_occurrence(         self, index: int, source: Website, input_ref: str, semaphore: asyncio.Semaphore     ) -> WebsiteTextOccurrence:         \"\"\"Return one terminal, source-owned outcome from one transport future.\"\"\"         try:             async with semaphore:                 text = await self._fetch_text_async(                     str(source.url),                     timeout=self.params.get(\"request_timeout\", 10),                     enable_quic=self.params.get(\"enable_quic\", False),                 )             if text is None:                 return WebsiteTextOccurrence(                     source=source,                     index=index,                     input_ref=input_ref,                     status=OutcomeStatus.FAILURE,                     diagnostic=self._diagnostic(                         \"transport_failed\", \"All configured transports failed.\"                     ),                 )             return WebsiteTextOccurrence(                 source=source,                 index=index,                 input_ref=input_ref,                 status=OutcomeStatus.SUCCESS,                 outputs=self._outputs_from_text(text),             )         except asyncio.CancelledError:             return self._cancelled_occurrence(index, source, input_ref)         except Exception:             return self._failed_occurrence(index, source, input_ref)     async def _scan_occurrence_specs(         self, specs: Sequence[tuple[int, Website, str]]     ) -> tuple[WebsiteTextOccurrence, ...]:         semaphore = asyncio.Semaphore(self.params.get(\"max_concurrency\", 10))         tasks = tuple(             asyncio.create_task(self._fetch_occurrence(index, source, input_ref, semaphore))             for index, source, input_ref in specs         )         try:             results = await asyncio.gather(*tasks)         except asyncio.CancelledError:             for task in tasks:                 task.cancel()             results = await asyncio.gather(*tasks, return_exceptions=True)         occurrences: list[WebsiteTextOccurrence] = []         for position, result in enumerate(results):             index, source, input_ref = specs[positio ... [truncated]"
                },
                {
                    "id": "Method:flowsint-enrichers/src/flowsint_enrichers/website/to_text.py:WebsiteToText.name#0",
                    "name": "name",
                    "filePath": "flowsint-enrichers/src/flowsint_enrichers/website/to_text.py",
                    "nodeType": "Method",
                    "startLine": 81,
                    "endLine": 82,
                    "content": "    def name(cls) -> str:         return \"website_to_text\""
                },
                {
                    "id": "Method:flowsint-enrichers/src/flowsint_enrichers/website/to_text.py:WebsiteToText.category#0",
                    "name": "category",
                    "filePath": "flowsint-enrichers/src/flowsint_enrichers/website/to_text.py",
                    "nodeType": "Method",
                    "startLine": 85,
                    "endLine": 86,
                    "content": "    def category(cls) -> str:         return \"Website\""
                },
                {
                    "id": "Method:flowsint-enrichers/src/flowsint_enrichers/website/to_text.py:WebsiteToText.key#0",
                    "name": "key",
                    "filePath": "flowsint-enrichers/src/flowsint_enrichers/website/to_text.py",
                    "nodeType": "Method",
                    "startLine": 89,
                    "endLine": 90,
                    "content": "    def key(cls) -> str:         return \"website\""
                },
                {
                    "id": "Method:flowsint-enrichers/src/flowsint_enrichers/website/to_text.py:WebsiteToText.get_params_schema#0",
                    "name": "get_params_schema",
                    "filePath": "flowsint-enrichers/src/flowsint_enrichers/website/to_text.py",
                    "nodeType": "Method",
                    "startLine": 93,
                    "endLine": 116,
                    "content": "    def get_params_schema(cls) -> List[Dict[str, Any]]:         return [             {                 \"name\": \"enable_quic\",                 \"type\": \"bool\",                 \"default\": False,                 \"label\": \"Enable QUIC/HTTP3 probe\",                 \"description\": \"Try HTTP/3 via QUIC as transport (experimental, most servers ignore it)\",             },             {                 \"name\": \"max_concurrency\",                 \"type\": \"int\",                 \"default\": 10,                 \"label\": \"Max concurrent connections\",                 \"description\": \"Maximum number of simultaneous HTTP connections\",             },             {                 \"name\": \"request_timeout\",                 \"type\": \"int\",                 \"default\": 10,                 \"label\": \"Request timeout (seconds)\",                 \"description\": \"Timeout for each HTTP request\",             },         ]"
                },
                {
                    "id": "Method:flowsint-enrichers/src/flowsint_enrichers/website/to_text.py:WebsiteToText._outputs_from_text#1",
                    "name": "_outputs_from_text",
                    "filePath": "flowsint-enrichers/src/flowsint_enrichers/website/to_text.py",
                    "nodeType": "Method",
                    "startLine": 121,
                    "endLine": 123,
                    "content": "    def _outputs_from_text(self, text: str) -> tuple[Phrase, ...]:         \"\"\"Build the per-occurrence outputs without flattening their ownership.\"\"\"         return (Phrase(text=text),) if text else ()"
                },
                {
                    "id": "Method:flowsint-enrichers/src/flowsint_enrichers/website/to_text.py:WebsiteToText._diagnostic#2",
                    "name": "_diagnostic",
                    "filePath": "flowsint-enrichers/src/flowsint_enrichers/website/to_text.py",
                    "nodeType": "Method",
                    "startLine": 126,
                    "endLine": 127,
                    "content": "    def _diagnostic(code: str, message: str) -> RedactedDiagnostic:         return RedactedDiagnostic(code=code, safe_message=message, retryable=False)"
                },
                {
                    "id": "Method:flowsint-enrichers/src/flowsint_enrichers/website/to_text.py:WebsiteToText._cancelled_occurrence#3",
                    "name": "_cancelled_occurrence",
                    "filePath": "flowsint-enrichers/src/flowsint_enrichers/website/to_text.py",
                    "nodeType": "Method",
                    "startLine": 129,
                    "endLine": 140,
                    "content": "    def _cancelled_occurrence(         self, index: int, source: Website, input_ref: str     ) -> WebsiteTextOccurrence:         return WebsiteTextOccurrence(             source=source,             index=index,             input_ref=input_ref,             status=OutcomeStatus.HOLD,             diagnostic=self._diagnostic(                 \"cancelled\", \"The operation was cancelled before completion.\"             ),         )"
                },
                {
                    "id": "Method:flowsint-enrichers/src/flowsint_enrichers/website/to_text.py:WebsiteToText._failed_occurrence#3",
                    "name": "_failed_occurrence",
                    "filePath": "flowsint-enrichers/src/flowsint_enrichers/website/to_text.py",
                    "nodeType": "Method",
                    "startLine": 142,
                    "endLine": 153,
                    "content": "    def _failed_occurrence(         self, index: int, source: Website, input_ref: str     ) -> WebsiteTextOccurrence:         return WebsiteTextOccurrence(             source=source,             index=index,             input_ref=input_ref,             status=OutcomeStatus.FAILURE,             diagnostic=self._diagnostic(                 \"unexpected_error\", \"Unexpected processing failure.\"             ),         )"
                },
                {
                    "id": "Method:flowsint-enrichers/src/flowsint_enrichers/website/to_text.py:WebsiteToText._fetch_occurrence#4",
                    "name": "_fetch_occurrence",
                    "filePath": "flowsint-enrichers/src/flowsint_enrichers/website/to_text.py",
                    "nodeType": "Method",
                    "startLine": 155,
                    "endLine": 186,
                    "content": "    async def _fetch_occurrence(         self, index: int, source: Website, input_ref: str, semaphore: asyncio.Semaphore     ) -> WebsiteTextOccurrence:         \"\"\"Return one terminal, source-owned outcome from one transport future.\"\"\"         try:             async with semaphore:                 text = await self._fetch_text_async(                     str(source.url),                     timeout=self.params.get(\"request_timeout\", 10),                     enable_quic=self.params.get(\"enable_quic\", False),                 )             if text is None:                 return WebsiteTextOccurrence(                     source=source,                     index=index,                     input_ref=input_ref,                     status=OutcomeStatus.FAILURE,                     diagnostic=self._diagnostic(                         \"transport_failed\", \"All configured transports failed.\"                     ),                 )             return WebsiteTextOccurrence(                 source=source,                 index=index,                 input_ref=input_ref,                 status=OutcomeStatus.SUCCESS,                 outputs=self._outputs_from_text(text),             )         except asyncio.CancelledError:             return self._cancelled_occurrence(index, source, input_ref)         except Exception:             return self._failed_occurrence(index, source, input_ref)"
                },
                {
                    "id": "Method:flowsint-enrichers/src/flowsint_enrichers/website/to_text.py:WebsiteToText._scan_occurrence_specs#1",
                    "name": "_scan_occurrence_specs",
                    "filePath": "flowsint-enrichers/src/flowsint_enrichers/website/to_text.py",
                    "nodeType": "Method",
                    "startLine": 188,
                    "endLine": 212,
                    "content": "    async def _scan_occurrence_specs(         self, specs: Sequence[tuple[int, Website, str]]     ) -> tuple[WebsiteTextOccurrence, ...]:         semaphore = asyncio.Semaphore(self.params.get(\"max_concurrency\", 10))         tasks = tuple(             asyncio.create_task(self._fetch_occurrence(index, source, input_ref, semaphore))             for index, source, input_ref in specs         )         try:             results = await asyncio.gather(*tasks)         except asyncio.CancelledError:             for task in tasks:                 task.cancel()             results = await asyncio.gather(*tasks, return_exceptions=True)         occurrences: list[WebsiteTextOccurrence] = []         for position, result in enumerate(results):             index, source, input_ref = specs[position]             if isinstance(result, WebsiteTextOccurrence):                 occurrences.append(result)             elif isinstance(result, asyncio.CancelledError):                 occurrences.append(self._cancelled_occurrence(index, source, input_ref))             else:                 occurrences.append(self._failed_occurrence(index, source, input_ref))         return tuple(occurrences)"
                },
                {
                    "id": "Method:flowsint-enrichers/src/flowsint_enrichers/website/to_text.py:WebsiteToText._scan_occurrences#2",
                    "name": "_scan_occurrences",
                    "filePath": "flowsint-enrichers/src/flowsint_enrichers/website/to_text.py",
                    "nodeType": "Method",
                    "startLine": 214,
                    "endLine": 222,
                    "content": "    async def _scan_occurrences(         self, data: Sequence[Website], *, start_index: int = 0     ) -> tuple[WebsiteTextOccurrence, ...]:         return await self._scan_occurrence_specs(             tuple(                 (start_index + offset, source, canonical_input_hash(source))                 for offset, source in enumerate(data)             )         )"
                },
                {
                    "id": "Method:flowsint-enrichers/src/flowsint_enrichers/website/to_text.py:WebsiteToText._legacy_outputs#1",
                    "name": "_legacy_outputs",
                    "filePath": "flowsint-enrichers/src/flowsint_enrichers/website/to_text.py",
                    "nodeType": "Method",
                    "startLine": 225,
                    "endLine": 233,
                    "content": "    def _legacy_outputs(         occurrences: Sequence[WebsiteTextOccurrence],     ) -> List[OutputType]:         return [             output             for occurrence in occurrences             if occurrence.status is OutcomeStatus.SUCCESS             for output in occurrence.outputs         ]"
                },
                {
                    "id": "Method:flowsint-enrichers/src/flowsint_enrichers/website/to_text.py:WebsiteToText.scan#1",
                    "name": "scan",
                    "filePath": "flowsint-enrichers/src/flowsint_enrichers/website/to_text.py",
                    "nodeType": "Method",
                    "startLine": 235,
                    "endLine": 237,
                    "content": "    async def scan(self, data: List[InputType]) -> List[WebsiteTextOccurrence]:         \"\"\"Return source-owned occurrence envelopes for postprocess graph capture.\"\"\"         return list(await self._scan_occurrences(data))"
                },
                {
                    "id": "Method:flowsint-enrichers/src/flowsint_enrichers/website/to_text.py:WebsiteToText._fetch_text_async#3",
                    "name": "_fetch_text_async",
                    "filePath": "flowsint-enrichers/src/flowsint_enrichers/website/to_text.py",
                    "nodeType": "Method",
                    "startLine": 239,
                    "endLine": 287,
                    "content": "    async def _fetch_text_async(         self,         url: str,         timeout: int = 10,         enable_quic: bool = False,     ) -> Optional[str]:         \"\"\"Fetch URL using httpx (primary), aioquic (optional), requests (fallback).\"\"\"         # 1) httpx — async HTTP/2 + HTTP/1.1 with connection pooling         try:             import httpx             if self._http_client is None:                 self._http_client = httpx.AsyncClient(                     http2=True,                     timeout=timeout,                     follow_redirects=True,                     limits=httpx.Limits(                         max_connections=self.params.get(\"max_concurrency\", 10)                     ),                 )             resp = await self._http_client.get(url)             resp.raise_for_status()             return self._extract_text(html=resp.text)         except Exception as exc:             log.debug(\"httpx failed for %s: %s\", url, exc)         # 2) aioquic — experimental QUIC probe (opt-in)         if HAS_QUIC and enable_quic:             try:                 text = await self._fetch_via_quic(url, timeout=min(timeout, 5))                 if text:                     return text             except Exception as exc:                 log.debug(\"QUIC failed for %s: %s\", url, exc)         # 3) requests — sync fallback         try:             import requests             resp = requests.get(url, timeout=timeout, allow_redirects=True)             resp.raise_for_status()             return self._extract_text(html=resp.text)         except Exception as exc:             Logger.error(                 self.sketch_id,                 {\"message\": f\"All transports failed for {url}: {exc}\"},             )             return None"
                },
                {
                    "id": "Method:flowsint-enrichers/src/flowsint_enrichers/website/to_text.py:WebsiteToText._fetch_via_quic#2",
                    "name": "_fetch_via_quic",
                    "filePath": "flowsint-enrichers/src/flowsint_enrichers/website/to_text.py",
                    "nodeType": "Method",
                    "startLine": 292,
                    "endLine": 378,
                    "content": "    async def _fetch_via_quic(self, url: str, timeout: int = 5) -> Optional[str]:         \"\"\"Fetch via QUIC/HTTP3. Times out fast — most servers ignore UDP 443.\"\"\"         from urllib.parse import urlparse         parsed = urlparse(url)         host = parsed.hostname or \"localhost\"         path = (parsed.path or \"/\") + ((\"?\" + parsed.query) if parsed.query else \"\")         config = QuicConfiguration(is_client=True, alpn_protocols=[\"h3\", \"h3-29\"])         config.server_name = host         config.verify_mode = False  # type: ignore[assignment]         response_data = bytearray()         headers_ok = asyncio.Event()         stream_ended = asyncio.Event()         class _QuicSession:             def __init__(self):                 self.http = None             async def run(self) -> Optional[str]:                 try:                     async with quic_connect(                         host,                         parsed.port or 443,                         configuration=config,                         create_protocol=self._build_proto,                         wait_connected=True,                     ) as protocol:                         await asyncio.wait_for(                             asyncio.gather(headers_ok.wait(), stream_ended.wait()),                             timeout=timeout,                         )                 except (asyncio.TimeoutError, Exception):                     return None                 body = bytes(response_data).decode(\"utf-8\", errors=\"replace\")                 return self._extract(html=body) if body else None             def _extract(self, html: str) -> str:                 soup = BeautifulSoup(html, \"html.parser\")                 return soup.get_text(separator=\" \", strip=True)             def _build_proto(self, *args, **kwargs):                 from aioquic.asyncio.protocol import QuicConnectionProtocol                 class _H3(QuicConnectionProtocol):                     def __init__(self, *args, **kwargs):                         super().__init__(*args, **kwargs)                         self._h3 = None                         self._sent = False                     def quic_event_received(self, event):                         if isinstance(event, quic_events.HandshakeCompleted) and not self._sent:                             self._sent = True                             self._h3 = H3Connection(self._quic)                             sid = self._quic.get_next_available_stream_id()                             self._h3.send_headers(                                 stream_id=sid,                                 headers=[                                     (b\":method\", b\"GET\"),                                     (b\":scheme\", b\"https\"),                                     (b\":authority\", host.encode()),                                     (b\":path\", path.encode()),                                 ],                             )                             return                         if isinstance(event, quic_events.ConnectionTerminated):                             stream_ended.set()                             return                         if not self._h3:                             return                         for ev in self._h3.handle_event(event):                             if isinstance(ev, HeadersReceived):                                 status = dict(ev.headers).get(b\":status\", b\"0\")                                 if status == b\"200\":                                     headers_ok.set()                             elif isinstance(ev, DataReceived):                                 response_data.extend(ev.data)                                 if ev.stream_ended:                                     stream_ended.set()                 return _H3(*args, **kwargs)         session = _QuicSession()         return await session.run()"
                },
                {
                    "id": "Method:flowsint-enrichers/src/flowsint_enrichers/website/to_text.py:_QuicSession.run#0",
                    "name": "run",
                    "filePath": "flowsint-enrichers/src/flowsint_enrichers/website/to_text.py",
                    "nodeType": "Method",
                    "startLine": 312,
                    "endLine": 328,
                    "content": "            async def run(self) -> Optional[str]:                 try:                     async with quic_connect(                         host,                         parsed.port or 443,                         configuration=config,                         create_protocol=self._build_proto,                         wait_connected=True,                     ) as protocol:                         await asyncio.wait_for(                             asyncio.gather(headers_ok.wait(), stream_ended.wait()),                             timeout=timeout,                         )                 except (asyncio.TimeoutError, Exception):                     return None                 body = bytes(response_data).decode(\"utf-8\", errors=\"replace\")                 return self._extract(html=body) if body else None"
                },
                {
                    "id": "Method:flowsint-enrichers/src/flowsint_enrichers/website/to_text.py:_QuicSession._extract#1",
                    "name": "_extract",
                    "filePath": "flowsint-enrichers/src/flowsint_enrichers/website/to_text.py",
                    "nodeType": "Method",
                    "startLine": 330,
                    "endLine": 332,
                    "content": "            def _extract(self, html: str) -> str:                 soup = BeautifulSoup(html, \"html.parser\")                 return soup.get_text(separator=\" \", strip=True)"
                },
                {
                    "id": "Method:flowsint-enrichers/src/flowsint_enrichers/website/to_text.py:WebsiteToText._extract_text#1",
                    "name": "_extract_text",
                    "filePath": "flowsint-enrichers/src/flowsint_enrichers/website/to_text.py",
                    "nodeType": "Method",
                    "startLine": 384,
                    "endLine": 387,
                    "content": "    def _extract_text(html: str) -> str:         \"\"\"Extract visible text from HTML.\"\"\"         soup = BeautifulSoup(html, \"html.parser\")         return soup.get_text(separator=\" \", strip=True)"
                },
                {
                    "id": "Method:flowsint-enrichers/src/flowsint_enrichers/website/to_text.py:WebsiteToText.postprocess#1",
                    "name": "postprocess",
                    "filePath": "flowsint-enrichers/src/flowsint_enrichers/website/to_text.py",
                    "nodeType": "Method",
                    "startLine": 392,
                    "endLine": 400,
                    "content": "    def postprocess(         self, occurrences: Sequence[WebsiteTextOccurrence]     ) -> List[OutputType]:         \"\"\"Capture graph edges from source-owned occurrence envelopes only.\"\"\"         retained = tuple(occurrences)         if any(not isinstance(occurrence, WebsiteTextOccurrence) for occurrence in retained):             raise TypeError(\"WebsiteToText.postprocess requires occurrence envelopes from scan().\")         self._postprocess_occurrences(retained)         return self._legacy_outputs(retained)"
                },
                {
                    "id": "Method:flowsint-enrichers/src/flowsint_enrichers/website/to_text.py:WebsiteToText._postprocess_occurrences#1",
                    "name": "_postprocess_occurrences",
                    "filePath": "flowsint-enrichers/src/flowsint_enrichers/website/to_text.py",
                    "nodeType": "Method",
                    "startLine": 402,
                    "endLine": 422,
                    "content": "    def _postprocess_occurrences(         self, occurrences: Sequence[WebsiteTextOccurrence]     ) -> None:         if not self._graph_service:             return         for occurrence in occurrences:             if occurrence.status is not OutcomeStatus.SUCCESS:                 continue             self.create_node(occurrence.source)             for output in occurrence.outputs:                 if not output.text:                     continue                 self.create_node(output)                 self.create_relationship(                     occurrence.source, output, \"HAS_INNER_TEXT\"                 )                 self.log_graph_message(                     f\"Extracted text from {occurrence.source.url} \"                     f\"({len(output.text)} chars).\"                 )"
                },
                {
                    "id": "Method:flowsint-enrichers/src/flowsint_enrichers/website/to_text.py:WebsiteToText.execute#1",
                    "name": "execute",
                    "filePath": "flowsint-enrichers/src/flowsint_enrichers/website/to_text.py",
                    "nodeType": "Method",
                    "startLine": 425,
                    "endLine": 445,
                    "content": "    async def execute(self, values: List[Any]) -> List[OutputType]:         if self.name() != \"enricher_orchestrator\":             Logger.info(self.sketch_id, {\"message\": f\"Enricher {self.name()} started.\"})         try:             await self.async_init()             occurrences = await self.scan(self.preprocess(values))             processed = self.postprocess(occurrences)             self._graph_service.flush()             if self.name() != \"enricher_orchestrator\":                 Logger.completed(                     self.sketch_id, {\"message\": f\"Enricher {self.name()} finished.\"}                 )             return processed         except asyncio.CancelledError:             raise         except Exception:             if self.name() != \"enricher_orchestrator\":                 Logger.error(                     self.sketch_id, {\"message\": f\"Enricher {self.name()} errored.\"}                 )             return []"
                },
                {
                    "id": "Method:flowsint-enrichers/src/flowsint_enrichers/website/to_text.py:WebsiteToText.execute_structured#1",
                    "name": "execute_structured",
                    "filePath": "flowsint-enrichers/src/flowsint_enrichers/website/to_text.py",
                    "nodeType": "Method",
                    "startLine": 447,
                    "endLine": 543,
                    "content": "    async def execute_structured(self, values: List[Any]) -> StructuredExecutionResult:         \"\"\"Preserve every original input as one terminal structured outcome.\"\"\"         outcomes: list[InputOutcome | None] = [None] * len(values)         if self.name() != \"enricher_orchestrator\":             Logger.info(self.sketch_id, {\"message\": f\"Enricher {self.name()} started.\"})         try:             await self.async_init()         except asyncio.CancelledError:             outcomes = [                 InputOutcome(                     input_ref=canonical_input_hash(value),                     status=OutcomeStatus.HOLD,                     diagnostic=self._diagnostic(                         \"cancelled\", \"The operation was cancelled before completion.\"                     ),                 )                 for value in values             ]         except Exception as error:             diagnostic = self._classify_structured_exception(error)             outcomes = [                 InputOutcome(                     input_ref=canonical_input_hash(value),                     status=OutcomeStatus.FAILURE,                     diagnostic=diagnostic,                 )                 for value in values             ]         else:             adapter, primary_field = self._input_validation_context()             specs: list[tuple[int, Website, str]] = []             for index, value in enumerate(values):                 try:                     source = self._validate_single_input(                         value, adapter=adapter, primary_field=primary_field                     )                 except Exception as error:                     outcomes[index] = InputOutcome(                         input_ref=canonical_input_hash(value),                         status=OutcomeStatus.FAILURE,                         diagnostic=self._classify_structured_exception(error),                     )                 else:                     specs.append((index, source, canonical_input_hash(value)))             try:                 occurrences = await self._scan_occurrence_specs(specs)                 self.postprocess(occurrences)             except asyncio.CancelledError:                 for index, value in enumerate(values):                     if outcomes[index] is None:                         outcomes[index] = InputOutcome(                             input_ref=canonical_input_hash(value),                             status=OutcomeStatus.HOLD,                             diagnostic=self._diagnostic(                                 \"cancelled\", \"The operation was cancelled before completion.\"                             ),                         )             except Exception as error:                 diagnostic = self._classify_structured_exception(error)                 for index, value in enumerate(values):                     if outcomes[index] is None:                         outcomes[index] = InputOutcome(                             input_ref=canonical_input_hash(value),                             status=OutcomeStatus.FAILURE,                             diagnostic=diagnostic,                         )             else:                 for occurrence in occurrences:                     outcomes[occurrence.index] = occurrence.to_input_outcome()         finally:             try:                 self._graph_service.flush()             except Exception:                 Logger.error(                     self.sketch_id,                     {\"message\": f\"Enricher {self.name()} graph flush failed.\"},                 )         final_outcomes: list[InputOutcome] = []         for index, value in enumerate(values):             outcome = outcomes[index]             if outcome is None:                 outcome = InputOutcome(                     input_ref=canonical_input_hash(value),                     status=OutcomeStatus.FAILURE,                     diagnostic=self._diagnostic(                         \"unexpected_error\", \"Processing ended without a terminal outcome.\"                     ),                 )             final_outcomes.append(outcome)         if self.name() != \"enricher_orchestrator\":             Logger.completed(self.sketch_id, {\"message\": f\"Enricher {self.name()} finished.\"})         return StructuredExecutionResult(             enricher_name=self.name(),             outcomes=tuple(final_outcomes),         )"
                },
                {
                    "id": "Property:flowsint-enrichers/src/flowsint_enrichers/website/to_text.py:WebsiteToText._http_client",
                    "name": "_http_client",
                    "filePath": "flowsint-enrichers/src/flowsint_enrichers/website/to_text.py",
                    "nodeType": "Property",
                    "startLine": 78,
                    "endLine": 78,
                    "content": "    _http_client: Optional[\"httpx.AsyncClient\"] = None"
                }
            ]
        },
        {
            "filePath": "flowsint-core/src/flowsint_core/core/enricher_base.py",
            "count": 36,
            "symbols": [
                {
                    "id": "Function:flowsint-core/src/flowsint_core/core/enricher_base.py:build_params_model",
                    "name": "build_params_model",
                    "filePath": "flowsint-core/src/flowsint_core/core/enricher_base.py",
                    "nodeType": "Function",
                    "startLine": 29,
                    "endLine": 59,
                    "content": "def build_params_model(params_schema: list) -> BaseModel:     \"\"\"     Build a strict Pydantic model from a params_schema.     Unknown fields will raise a validation error.     Note: Vault secrets are always optional in the Pydantic model to allow     for deferred configuration. Required validation happens after vault resolution.     \"\"\"     fields: Dict[str, Any] = {}     for param in params_schema:         name = param[\"name\"]         param_type = param.get(\"type\", \"string\")         field_type = bool if param_type == \"bool\" else str         required = param.get(\"required\", False)         # Vault secrets are always optional in Pydantic validation         # Required validation happens after vault resolution         if param_type == \"vaultSecret\":             default = param.get(\"default\", None)         else:             default = ... if required else param.get(\"default\")         fields[name] = (             Optional[field_type],             Field(default=default, description=param.get(\"description\", \"\")),         )     model = create_model(\"ParamsModel\", __config__=ConfigDict(extra=\"forbid\"), **fields)     return model"
                },
                {
                    "id": "Method:flowsint-core/src/flowsint_core/core/enricher_base.py:Enricher.__init__#6",
                    "name": "__init__",
                    "filePath": "flowsint-core/src/flowsint_core/core/enricher_base.py",
                    "nodeType": "Method",
                    "startLine": 123,
                    "endLine": 150,
                    "content": "    def __init__(         self,         sketch_id: Optional[str] = None,         scan_id: Optional[str] = None,         params_schema: Optional[List[Dict[str, Any]]] = None,         vault: Optional[VaultProtocol] = None,         params: Optional[Dict[str, Any]] = None,         graph_service: Optional[GraphService] = None,     ):         self.scan_id = scan_id or \"default\"         self.sketch_id = sketch_id or \"system\"         self.vault = vault         self.params_schema = params_schema or []         self.ParamsModel = build_params_model(self.params_schema)         self.params: Dict[str, Any] = params or {}         # Initialize graph service (uses singleton connection by default)         if graph_service:             self._graph_service = graph_service         else:             self._graph_service = create_graph_service(                 sketch_id=self.sketch_id,                 enable_batching=True,             )         # Params is filled synchronously by the constructor. This params is generally constructed of         # vaultSecret references, not the key directly. The idea is that the real key values are resolved after calling         # async_init(), right before the execution."
                },
                {
                    "id": "Method:flowsint-core/src/flowsint_core/core/enricher_base.py:Enricher.async_init#0",
                    "name": "async_init",
                    "filePath": "flowsint-core/src/flowsint_core/core/enricher_base.py",
                    "nodeType": "Method",
                    "startLine": 152,
                    "endLine": 166,
                    "content": "    async def async_init(self):         self.ParamsModel = build_params_model(self.params_schema)         # Always resolve parameters, even if self.params is empty         # This allows vault secrets to be fetched by name from params_schema         resolved_params = self.resolve_params()         # Strict validation after resolution         try:             validated = self.ParamsModel(**resolved_params)             self.params = validated.model_dump()         except ValidationError as e:             raise InvalidEnricherParams(                 f\"Enricher '{self.name()}' received invalid parameters: {e}\"             )"
                },
                {
                    "id": "Method:flowsint-core/src/flowsint_core/core/enricher_base.py:Enricher.resolve_params#0",
                    "name": "resolve_params",
                    "filePath": "flowsint-core/src/flowsint_core/core/enricher_base.py",
                    "nodeType": "Method",
                    "startLine": 168,
                    "endLine": 203,
                    "content": "    def resolve_params(self) -> Dict[str, Any]:         resolved = {}         for param in self.params_schema:             param_name = param[\"name\"]             param_type = param.get(\"type\", \"string\")             if param_type == \"vaultSecret\":                 # For vault secrets, try to get from vault by name or ID                 secret = None                 if self.vault is not None:                     # First, check if user provided a specific vault ID in params                     if param_name in self.params and self.params[param_name]:                         secret = self.vault.get_secret(self.params[param_name])                     # Otherwise, try to get the secret by the param name itself                     if secret is None:                         secret = self.vault.get_secret(param_name)                     if secret is not None:                         resolved[param_name] = secret                     elif param.get(\"required\", False):                         raise Exception(                             f\"Required vault secret '{param_name}' is missing. Please go to the Vault settings and create a '{param_name}' key.\"                         )                 # If no vault or no secret found, use default if available                 if param_name not in resolved and param.get(\"default\") is not None:                     resolved[param_name] = param[\"default\"]             else:                 # For non-vault params, use the provided value or default                 if param_name in self.params and self.params[param_name] is not None:                     resolved[param_name] = self.params[param_name]                 elif param.get(\"default\") is not None:                     resolved[param_name] = param[\"default\"]         return resolved"
                },
                {
                    "id": "Method:flowsint-core/src/flowsint_core/core/enricher_base.py:Enricher.required_params#0",
                    "name": "required_params",
                    "filePath": "flowsint-core/src/flowsint_core/core/enricher_base.py",
                    "nodeType": "Method",
                    "startLine": 206,
                    "endLine": 207,
                    "content": "    def required_params(self) -> bool:         return False"
                },
                {
                    "id": "Method:flowsint-core/src/flowsint_core/core/enricher_base.py:Enricher.name#0",
                    "name": "name",
                    "filePath": "flowsint-core/src/flowsint_core/core/enricher_base.py",
                    "nodeType": "Method",
                    "startLine": 211,
                    "endLine": 212,
                    "content": "    def name(cls) -> str:         pass"
                },
                {
                    "id": "Method:flowsint-core/src/flowsint_core/core/enricher_base.py:Enricher.icon#0",
                    "name": "icon",
                    "filePath": "flowsint-core/src/flowsint_core/core/enricher_base.py",
                    "nodeType": "Method",
                    "startLine": 215,
                    "endLine": 216,
                    "content": "    def icon(cls) -> str | None:         return None"
                },
                {
                    "id": "Method:flowsint-core/src/flowsint_core/core/enricher_base.py:Enricher.category#0",
                    "name": "category",
                    "filePath": "flowsint-core/src/flowsint_core/core/enricher_base.py",
                    "nodeType": "Method",
                    "startLine": 220,
                    "endLine": 221,
                    "content": "    def category(cls) -> str:         pass"
                },
                {
                    "id": "Method:flowsint-core/src/flowsint_core/core/enricher_base.py:Enricher.key#0",
                    "name": "key",
                    "filePath": "flowsint-core/src/flowsint_core/core/enricher_base.py",
                    "nodeType": "Method",
                    "startLine": 225,
                    "endLine": 227,
                    "content": "    def key(cls) -> str:         \"\"\"Primary key on which the enricher operates (e.g. domain, IP, etc.)\"\"\"         pass"
                },
                {
                    "id": "Method:flowsint-core/src/flowsint_core/core/enricher_base.py:Enricher.documentation#0",
                    "name": "documentation",
                    "filePath": "flowsint-core/src/flowsint_core/core/enricher_base.py",
                    "nodeType": "Method",
                    "startLine": 230,
                    "endLine": 238,
                    "content": "    def documentation(cls) -> str:         \"\"\"         Return formatted markdown documentation for this enricher.         Override this method to provide custom documentation.         Falls back to cleaned docstring if not overridden.         \"\"\"         import inspect         return inspect.cleandoc(cls.__doc__ or \"No documentation available.\")"
                },
                {
                    "id": "Method:flowsint-core/src/flowsint_core/core/enricher_base.py:Enricher.input_schema#0",
                    "name": "input_schema",
                    "filePath": "flowsint-core/src/flowsint_core/core/enricher_base.py",
                    "nodeType": "Method",
                    "startLine": 241,
                    "endLine": 246,
                    "content": "    def input_schema(cls) -> Dict[str, Any]:         \"\"\"         Generate input schema from InputType class attribute.         Subclasses don't need to override this unless they have special requirements.         \"\"\"         return cls.generate_input_schema()"
                },
                {
                    "id": "Method:flowsint-core/src/flowsint_core/core/enricher_base.py:Enricher.get_params_schema#0",
                    "name": "get_params_schema",
                    "filePath": "flowsint-core/src/flowsint_core/core/enricher_base.py",
                    "nodeType": "Method",
                    "startLine": 249,
                    "endLine": 251,
                    "content": "    def get_params_schema(cls) -> List[Dict[str, Any]]:         \"\"\"Can be overridden in subclasses to declare required parameters\"\"\"         return []"
                },
                {
                    "id": "Method:flowsint-core/src/flowsint_core/core/enricher_base.py:Enricher.output_schema#0",
                    "name": "output_schema",
                    "filePath": "flowsint-core/src/flowsint_core/core/enricher_base.py",
                    "nodeType": "Method",
                    "startLine": 254,
                    "endLine": 259,
                    "content": "    def output_schema(cls) -> Dict[str, Any]:         \"\"\"         Generate output schema from OutputType class attribute.         Subclasses don't need to override this unless they have special requirements.         \"\"\"         return cls.generate_output_schema()"
                },
                {
                    "id": "Method:flowsint-core/src/flowsint_core/core/enricher_base.py:Enricher.generate_input_schema#0",
                    "name": "generate_input_schema",
                    "filePath": "flowsint-core/src/flowsint_core/core/enricher_base.py",
                    "nodeType": "Method",
                    "startLine": 262,
                    "endLine": 302,
                    "content": "    def generate_input_schema(cls) -> Dict[str, Any]:         \"\"\"         Helper method to generate input schema from InputType class attribute.         Raises:             NotImplementedError: If InputType is not defined in the subclass         \"\"\"         if cls.InputType is NotImplemented:             raise NotImplementedError(f\"InputType must be defined in {cls.__name__}\")         adapter = TypeAdapter(cls.InputType)         schema = adapter.json_schema()         # Handle different schema structures         # Check for direct properties first (even if $defs exists for nested types)         if \"properties\" in schema and \"title\" in schema:             # Direct type definition (e.g., Domain, Ip, Website)             return {                 \"type\": schema.get(\"title\", \"Any\"),                 \"properties\": [                     {\"name\": prop, \"type\": resolve_type(info, schema)}                     for prop, info in schema[\"properties\"].items()                 ],             }         elif \"$defs\" in schema and schema[\"$defs\"] and \"$ref\" in schema:             # Reference to a type in $defs             type_name = schema[\"$ref\"].split(\"/\")[-1]             details = schema[\"$defs\"][type_name]             return {                 \"type\": type_name,                 \"properties\": [                     {\"name\": prop, \"type\": resolve_type(info, schema)}                     for prop, info in details[\"properties\"].items()                 ],             }         else:             # Fallback for unknown schema structures             return {                 \"type\": schema.get(\"title\", \"Any\"),                 \"properties\": [{\"name\": \"value\", \"type\": \"object\"}],             }"
                },
                {
                    "id": "Method:flowsint-core/src/flowsint_core/core/enricher_base.py:Enricher.generate_output_schema#0",
                    "name": "generate_output_schema",
                    "filePath": "flowsint-core/src/flowsint_core/core/enricher_base.py",
                    "nodeType": "Method",
                    "startLine": 305,
                    "endLine": 345,
                    "content": "    def generate_output_schema(cls) -> Dict[str, Any]:         \"\"\"         Helper method to generate output schema from OutputType class attribute.         Raises:             NotImplementedError: If OutputType is not defined in the subclass         \"\"\"         if cls.OutputType is NotImplemented:             raise NotImplementedError(f\"OutputType must be defined in {cls.__name__}\")         adapter = TypeAdapter(cls.OutputType)         schema = adapter.json_schema()         # Handle different schema structures         # Check for direct properties first (even if $defs exists for nested types)         if \"properties\" in schema and \"title\" in schema:             # Direct type definition (e.g., Domain, Ip, Website)             return {                 \"type\": schema.get(\"title\", \"Any\"),                 \"properties\": [                     {\"name\": prop, \"type\": resolve_type(info, schema)}                     for prop, info in schema[\"properties\"].items()                 ],             }         elif \"$defs\" in schema and schema[\"$defs\"] and \"$ref\" in schema:             # Reference to a type in $defs             type_name = schema[\"$ref\"].split(\"/\")[-1]             details = schema[\"$defs\"][type_name]             return {                 \"type\": type_name,                 \"properties\": [                     {\"name\": prop, \"type\": resolve_type(info, schema)}                     for prop, info in details[\"properties\"].items()                 ],             }         else:             # Fallback for unknown schema structures             return {                 \"type\": schema.get(\"title\", \"Any\"),                 \"properties\": [{\"name\": \"value\", \"type\": \"object\"}],             }"
                },
                {
                    "id": "Method:flowsint-core/src/flowsint_core/core/enricher_base.py:Enricher.scan#1",
                    "name": "scan",
                    "filePath": "flowsint-core/src/flowsint_core/core/enricher_base.py",
                    "nodeType": "Method",
                    "startLine": 348,
                    "endLine": 349,
                    "content": "    async def scan(self, values: List[str]) -> List[Dict[str, Any]]:         pass"
                },
                {
                    "id": "Method:flowsint-core/src/flowsint_core/core/enricher_base.py:Enricher.set_params#1",
                    "name": "set_params",
                    "filePath": "flowsint-core/src/flowsint_core/core/enricher_base.py",
                    "nodeType": "Method",
                    "startLine": 351,
                    "endLine": 352,
                    "content": "    def set_params(self, params: Dict[str, Any]) -> None:         self.params = params"
                },
                {
                    "id": "Method:flowsint-core/src/flowsint_core/core/enricher_base.py:Enricher.get_params#0",
                    "name": "get_params",
                    "filePath": "flowsint-core/src/flowsint_core/core/enricher_base.py",
                    "nodeType": "Method",
                    "startLine": 354,
                    "endLine": 355,
                    "content": "    def get_params(self) -> Dict[str, Any]:         return self.params"
                },
                {
                    "id": "Method:flowsint-core/src/flowsint_core/core/enricher_base.py:Enricher.get_secret#2",
                    "name": "get_secret",
                    "filePath": "flowsint-core/src/flowsint_core/core/enricher_base.py",
                    "nodeType": "Method",
                    "startLine": 357,
                    "endLine": 371,
                    "content": "    def get_secret(self, key_name: str, default: Any = None) -> Any:         \"\"\"         Get a secret value by key name.         The secret is automatically resolved from the vault during async_init.         Args:             key_name: The name of the secret parameter (e.g., \"WHOXY_API_KEY\")             default: Default value if secret is not found         Returns:             The secret value from the vault, or default if not found         \"\"\"         value = self.params.get(key_name, default)         # If the value is None, return the default instead (allows fallback to env vars)         return value if value is not None else default"
                },
                {
                    "id": "Method:flowsint-core/src/flowsint_core/core/enricher_base.py:Enricher._input_validation_context#0",
                    "name": "_input_validation_context",
                    "filePath": "flowsint-core/src/flowsint_core/core/enricher_base.py",
                    "nodeType": "Method",
                    "startLine": 373,
                    "endLine": 392,
                    "content": "    def _input_validation_context(self) -> tuple[TypeAdapter | None, str | None]:         if self.InputType is NotImplemented:             return None, None         base_type = self.InputType         adapter = TypeAdapter(base_type)         primary_field = None         if issubclass(base_type, BaseModel):             for name, field in base_type.model_fields.items():                 if field.json_schema_extra and field.json_schema_extra.get(\"primary\"):                     primary_field = name                     break             if primary_field is None:                 for name, field in base_type.model_fields.items():                     if field.is_required():                         primary_field = name                         break                 if primary_field is None:                     primary_field = next(iter(base_type.model_fields.keys()))         return adapter, primary_field"
                },
                {
                    "id": "Method:flowsint-core/src/flowsint_core/core/enricher_base.py:Enricher._validate_single_input#3",
                    "name": "_validate_single_input",
                    "filePath": "flowsint-core/src/flowsint_core/core/enricher_base.py",
                    "nodeType": "Method",
                    "startLine": 394,
                    "endLine": 408,
                    "content": "    def _validate_single_input(         self,         item: Any,         *,         adapter: TypeAdapter | None = None,         primary_field: str | None = None,     ) -> Any:         \"\"\"Validate one input using the same conversion rules as ``preprocess``.\"\"\"         if self.InputType is NotImplemented:             return item         if adapter is None:             adapter, primary_field = self._input_validation_context()         if isinstance(item, str) and primary_field:             item = {primary_field: item}         return adapter.validate_python(item)"
                },
                {
                    "id": "Method:flowsint-core/src/flowsint_core/core/enricher_base.py:Enricher.preprocess#1",
                    "name": "preprocess",
                    "filePath": "flowsint-core/src/flowsint_core/core/enricher_base.py",
                    "nodeType": "Method",
                    "startLine": 410,
                    "endLine": 444,
                    "content": "    def preprocess(self, values: List) -> List:         \"\"\"         Generic preprocess that validates and converts input using InputType.         Automatically handles dicts, objects, and strings (using the model's primary field).         Invalid items are skipped silently.         Note: InputType should be defined as the base type (e.g., Ip, Domain),         not as a List (e.g., List[Ip]). The preprocess method expects a list of values         and returns a list of validated InputType instances.         \"\"\"         if self.InputType is NotImplemented:             return values         adapter, primary_field = self._input_validation_context()         cleaned = []         for item in values:             try:                 cleaned.append(                     self._validate_single_input(                         item, adapter=adapter, primary_field=primary_field                     )                 )             except Exception:                 continue         if len(cleaned) == 0:             Logger.warn(                 self.sketch_id,                 {                     \"message\": f\"No valid input were provided to enricher '{self.name()}'.\"                 },             )             return values         return cleaned"
                },
                {
                    "id": "Method:flowsint-core/src/flowsint_core/core/enricher_base.py:Enricher._structured_execution_context#0",
                    "name": "_structured_execution_context",
                    "filePath": "flowsint-core/src/flowsint_core/core/enricher_base.py",
                    "nodeType": "Method",
                    "startLine": 447,
                    "endLine": 449,
                    "content": "    async def _structured_execution_context(self) -> AsyncIterator[Any]:         \"\"\"Provide optional shared resources for structured per-input processing.\"\"\"         yield None"
                },
                {
                    "id": "Method:flowsint-core/src/flowsint_core/core/enricher_base.py:Enricher._process_single_input_structured#2",
                    "name": "_process_single_input_structured",
                    "filePath": "flowsint-core/src/flowsint_core/core/enricher_base.py",
                    "nodeType": "Method",
                    "startLine": 451,
                    "endLine": 455,
                    "content": "    async def _process_single_input_structured(         self, input_obj: Any, context: Any     ) -> List[Any]:         \"\"\"Process one validated input; subclasses can preserve richer grouping.\"\"\"         return await self.scan([input_obj])"
                },
                {
                    "id": "Method:flowsint-core/src/flowsint_core/core/enricher_base.py:Enricher._build_structured_evidence#2",
                    "name": "_build_structured_evidence",
                    "filePath": "flowsint-core/src/flowsint_core/core/enricher_base.py",
                    "nodeType": "Method",
                    "startLine": 457,
                    "endLine": 461,
                    "content": "    def _build_structured_evidence(         self, input_obj: Any, input_ref: str     ) -> tuple[EvidenceEnvelope, ...]:         \"\"\"Return retainable evidence captured while processing one input.\"\"\"         return ()"
                },
                {
                    "id": "Method:flowsint-core/src/flowsint_core/core/enricher_base.py:Enricher._classify_structured_exception#1",
                    "name": "_classify_structured_exception",
                    "filePath": "flowsint-core/src/flowsint_core/core/enricher_base.py",
                    "nodeType": "Method",
                    "startLine": 463,
                    "endLine": 506,
                    "content": "    def _classify_structured_exception(self, error: Exception) -> RedactedDiagnostic:         \"\"\"Classify failures without retaining exception text or request data.\"\"\"         if isinstance(error, (InvalidEnricherParams, ValidationError)):             return RedactedDiagnostic(                 code=\"validation_error\",                 safe_message=\"Input validation failed.\",                 retryable=False,             )         if isinstance(error, httpx.TimeoutException):             return RedactedDiagnostic(                 code=\"timeout\",                 safe_message=\"The operation timed out.\",                 retryable=True,             )         if isinstance(error, httpx.HTTPStatusError):             status_code = error.response.status_code             if status_code == 429:                 return RedactedDiagnostic(                     code=\"http_rate_limited\",                     safe_message=\"The remote service rate limited the request.\",                     retryable=True,                 )             if 500 <= status_code < 600:                 return RedactedDiagnostic(                     code=\"http_server_error\",                     safe_message=\"The remote service failed.\",                     retryable=True,                 )             if 400 <= status_code < 500:                 return RedactedDiagnostic(                     code=\"http_client_error\",                     safe_message=\"The remote service rejected the request.\",                     retryable=False,                 )             return RedactedDiagnostic(                 code=\"http_error\",                 safe_message=\"The remote service returned an HTTP error.\",                 retryable=False,             )         return RedactedDiagnostic(             code=\"unexpected_error\",             safe_message=\"Unexpected processing failure.\",             retryable=False,         )"
                },
                {
                    "id": "Method:flowsint-core/src/flowsint_core/core/enricher_base.py:Enricher._classify_structured_success#2",
                    "name": "_classify_structured_success",
                    "filePath": "flowsint-core/src/flowsint_core/core/enricher_base.py",
                    "nodeType": "Method",
                    "startLine": 508,
                    "endLine": 513,
                    "content": "    def _classify_structured_success(         self,         outputs: tuple[Any, ...],         evidence: tuple[EvidenceEnvelope, ...],     ) -> tuple[OutcomeStatus, RedactedDiagnostic | None]:         return OutcomeStatus.SUCCESS, None"
                },
                {
                    "id": "Method:flowsint-core/src/flowsint_core/core/enricher_base.py:Enricher._execute_structured_input#4",
                    "name": "_execute_structured_input",
                    "filePath": "flowsint-core/src/flowsint_core/core/enricher_base.py",
                    "nodeType": "Method",
                    "startLine": 515,
                    "endLine": 563,
                    "content": "    async def _execute_structured_input(         self,         original_input: Any,         context: Any,         *,         adapter: TypeAdapter | None = None,         primary_field: str | None = None,     ) -> InputOutcome:         input_ref = canonical_input_hash(original_input)         try:             input_obj = self._validate_single_input(                 original_input, adapter=adapter, primary_field=primary_field             )         except Exception as error:             return InputOutcome(                 input_ref=input_ref,                 status=OutcomeStatus.FAILURE,                 diagnostic=self._classify_structured_exception(error),             )         outputs: tuple[Any, ...] = ()         diagnostic: RedactedDiagnostic | None = None         status = OutcomeStatus.SUCCESS         try:             processed = await self._process_single_input_structured(input_obj, context)             outputs = tuple(self.postprocess(processed, [input_obj]))         except Exception as error:             status = OutcomeStatus.FAILURE             diagnostic = self._classify_structured_exception(error)         try:             evidence = self._build_structured_evidence(input_obj, input_ref)         except Exception as error:             evidence = ()             status = OutcomeStatus.FAILURE             diagnostic = self._classify_structured_exception(error)         if status is OutcomeStatus.SUCCESS:             status, diagnostic = self._classify_structured_success(outputs, evidence)         if status is not OutcomeStatus.SUCCESS:             outputs = ()         return InputOutcome(             input_ref=input_ref,             status=status,             outputs=outputs,             diagnostic=diagnostic,             evidence=evidence,         )"
                },
                {
                    "id": "Method:flowsint-core/src/flowsint_core/core/enricher_base.py:Enricher.execute_structured#1",
                    "name": "execute_structured",
                    "filePath": "flowsint-core/src/flowsint_core/core/enricher_base.py",
                    "nodeType": "Method",
                    "startLine": 565,
                    "endLine": 622,
                    "content": "    async def execute_structured(self, values: List[Any]) -> StructuredExecutionResult:         \"\"\"Execute independently per original input without flattening outputs.\"\"\"         outcomes: list[InputOutcome] = []         if self.name() != \"enricher_orchestrator\":             Logger.info(self.sketch_id, {\"message\": f\"Enricher {self.name()} started.\"})         try:             await self.async_init()         except Exception as error:             diagnostic = self._classify_structured_exception(error)             outcomes = [                 InputOutcome(                     input_ref=canonical_input_hash(value),                     status=OutcomeStatus.FAILURE,                     diagnostic=diagnostic,                 )                 for value in values             ]         else:             try:                 adapter, primary_field = self._input_validation_context()                 async with self._structured_execution_context() as context:                     for value in values:                         outcomes.append(                             await self._execute_structured_input(                                 value,                                 context,                                 adapter=adapter,                                 primary_field=primary_field,                             )                         )             except Exception as error:                 diagnostic = self._classify_structured_exception(error)                 for value in values[len(outcomes) :]:                     outcomes.append(                         InputOutcome(                             input_ref=canonical_input_hash(value),                             status=OutcomeStatus.FAILURE,                             diagnostic=diagnostic,                         )                     )         finally:             try:                 self._graph_service.flush()             except Exception:                 Logger.error(                     self.sketch_id,                     {\"message\": f\"Enricher {self.name()} graph flush failed.\"},                 )         if self.name() != \"enricher_orchestrator\":             Logger.completed(                 self.sketch_id, {\"message\": f\"Enricher {self.name()} finished.\"}             )         return StructuredExecutionResult(             enricher_name=self.name(),             outcomes=tuple(outcomes),         )"
                },
                {
                    "id": "Method:flowsint-core/src/flowsint_core/core/enricher_base.py:Enricher.postprocess#2",
                    "name": "postprocess",
                    "filePath": "flowsint-core/src/flowsint_core/core/enricher_base.py",
                    "nodeType": "Method",
                    "startLine": 624,
                    "endLine": 627,
                    "content": "    def postprocess(         self, results: List[Dict[str, Any]], input_data: List[str] = None     ) -> List[Dict[str, Any]]:         return results"
                },
                {
                    "id": "Method:flowsint-core/src/flowsint_core/core/enricher_base.py:Enricher.execute#1",
                    "name": "execute",
                    "filePath": "flowsint-core/src/flowsint_core/core/enricher_base.py",
                    "nodeType": "Method",
                    "startLine": 630,
                    "endLine": 655,
                    "content": "    async def execute(self, values: List[Any]) -> List[Dict[str, Any]]:         if self.name() != \"enricher_orchestrator\":             Logger.info(self.sketch_id, {\"message\": f\"Enricher {self.name()} started.\"})         try:             await self.async_init()             preprocessed = self.preprocess(values)             results = await self.scan(preprocessed)             processed = self.postprocess(results, preprocessed)             # Flush any pending batch operations             self._graph_service.flush()             if self.name() != \"enricher_orchestrator\":                 Logger.completed(                     self.sketch_id, {\"message\": f\"Enricher {self.name()} finished.\"}                 )             return processed         except Exception:             if self.name() != \"enricher_orchestrator\":                 Logger.error(                     self.sketch_id,                     {\"message\": f\"Enricher {self.name()} errored.\"},                 )             return []"
                },
                {
                    "id": "Method:flowsint-core/src/flowsint_core/core/enricher_base.py:Enricher.create_node#1",
                    "name": "create_node",
                    "filePath": "flowsint-core/src/flowsint_core/core/enricher_base.py",
                    "nodeType": "Method",
                    "startLine": 657,
                    "endLine": 676,
                    "content": "    def create_node(self, node_obj) -> None:         \"\"\"         Create a single Neo4j node.         The following properties are automatically added to every node:         - type: Lowercase version of node_type         - sketch_id: Current sketch ID from enricher context         - label: Automatically computed by FlowsintType, or defaults to key_value if not provided         - created_at: ISO 8601 UTC timestamp (only on creation, not updates)         Use Pydantic object directly:             ```python             self.create_node(ip)             ```         Args:             node_obj: Either a Pydantic object or node label string             **properties: Additional node properties or overrides         \"\"\"         self._graph_service.create_node_from_flowsint_type(node_obj=node_obj)"
                },
                {
                    "id": "Method:flowsint-core/src/flowsint_core/core/enricher_base.py:Enricher.create_relationship#3",
                    "name": "create_relationship",
                    "filePath": "flowsint-core/src/flowsint_core/core/enricher_base.py",
                    "nodeType": "Method",
                    "startLine": 678,
                    "endLine": 700,
                    "content": "    def create_relationship(         self,         from_obj,         to_obj,         rel_label=\"IS_RELATED_TO\",     ) -> None:         \"\"\"         Create a relationship between two nodes.         Best Practice - Use Pydantic objects directly:             ```python             self.create_relationship(individual, domain, \"HAS_DOMAIN\")             self.create_relationship(email, breach, \"FOUND_IN_BREACH\")             ```         Args:             from_obj: Either a Pydantic object (source) or source node label             to_obj: Either a Pydantic object (target) or source node key property             rel_label: Either relationship type (Pydantic) or source node key value         \"\"\"         self._graph_service.create_relationship(             from_obj=from_obj, to_obj=to_obj, rel_label=rel_label         )"
                },
                {
                    "id": "Method:flowsint-core/src/flowsint_core/core/enricher_base.py:Enricher.log_graph_message#1",
                    "name": "log_graph_message",
                    "filePath": "flowsint-core/src/flowsint_core/core/enricher_base.py",
                    "nodeType": "Method",
                    "startLine": 702,
                    "endLine": 709,
                    "content": "    def log_graph_message(self, message: str) -> None:         \"\"\"         Log a graph operation message.         Args:             message: Message to log         \"\"\"         self._graph_service.log_graph_message(message)"
                },
                {
                    "id": "Method:flowsint-core/src/flowsint_core/core/enricher_base.py:Enricher.graph_service#0",
                    "name": "graph_service",
                    "filePath": "flowsint-core/src/flowsint_core/core/enricher_base.py",
                    "nodeType": "Method",
                    "startLine": 712,
                    "endLine": 719,
                    "content": "    def graph_service(self) -> GraphService:         \"\"\"         Get the graph service instance.         Returns:             GraphService instance for advanced operations         \"\"\"         return self._graph_service"
                },
                {
                    "id": "Class:flowsint-core/src/flowsint_core/core/enricher_base.py:Enricher",
                    "name": "Enricher",
                    "filePath": "flowsint-core/src/flowsint_core/core/enricher_base.py",
                    "nodeType": "Class",
                    "startLine": 62,
                    "endLine": 719,
                    "content": "class Enricher(ABC):     \"\"\"     Abstract base class for all enrichers.     ## InputType and OutputType Pattern     Enrichers only need to define InputType and OutputType as class attributes.     The base class automatically handles schema generation:     ```python     from typing import List     from flowsint_types import Domain     from flowsint_types import Ip     class MyEnricher(Enricher):         # Define types as class attributes (base types, not lists)         InputType = Domain         OutputType = Ip         @classmethod         def name(cls):             return \"my_enricher\"         @classmethod         def category(cls):             return \"Domain\"         @classmethod         def key(cls):             return \"domain\"         # preprocess receives a list and returns a list of validated InputType instances         def preprocess(self, data: List) -> List[InputType]:             # Generic implementation handles validation automatically             return super().preprocess(data)         # scan receives a list of InputType and returns a list of OutputType         async def scan(self, data: List[InputType]) -> List[OutputType]:             results: List[OutputType] = []             # ... implementation             return results     # Make types available at module level for easy access     InputType = MyEnricher.InputType     OutputType = MyEnricher.OutputType     ```     The base class automatically provides:     - Generic preprocess() that validates inputs using InputType     - input_schema() method using InputType     - output_schema() method using OutputType     - Error handling for missing type definitions     - Consistent schema generation across all enrichers     Subclasses can override input_schema() or output_schema() if needed for special cases.     \"\"\"     # Abstract type aliases that must be defined in subclasses for runtime use     InputType = NotImplemented     OutputType = NotImplemented     def __init__(         self,         sketch_id: Optional[str] = None,         scan_id: Optional[str] = None,         params_schema: Optional[List[Dict[str, Any]]] = None,         vault: Optional[VaultProtocol] = None,         params: Optional[Dict[str, Any]] = None,         graph_service: Optional[GraphService] = None,     ):         self.scan_id = scan_id or \"default\"         self.sketch_id = sketch_id or \"system\"         self.vault = vault         self.params_schema = params_schema or []         self.ParamsModel = build_params_model(self.params_schema)         self.params: Dict[str, Any] = params or {}         # Initialize graph service (uses singleton connection by default)         if graph_service:             self._graph_service = graph_service         else:             self._graph_service = create_graph_service(                 sketch_id=self.sketch_id,                 enable_batching=True,             )         # Params is filled synchronously by the constructor. This params is generally constructed of         # vaultSecret references, not the key directly. The idea is that the real key values are resolved after calling         # async_init(), right before the execution.     async def async_init(self):         self.ParamsModel = build_params_model(self.params_schema)         # Always resolve parameters, even if self.params is empty         # This allows vault secrets to be fetched by name from params_schema         resolved_params = self.resolve_params()         # Strict validation after resolution         try:             validated = self.ParamsModel(**resolved_params)             self.params = validated.model_dump()         except ValidationError as e:             raise InvalidEnricherParams(                 f\"Enricher '{self.name()}' received invalid parameters: {e}\"             )     def resolve_params(self) -> Dict[str, Any]:         resolved = {}         for param in self.params_schema:             param_name = param[\"name\"]             param_type = param.get(\"type\", \"string\")             if param_type == \"vaultSecret\":                 # For vault secrets, try to get from vault by name or ID                 secret = None                 if self.vault is not None:                     # First, check if user provided a specific vault ID in params                     if param_name in self.params and self.params[param_name]:                         secret = self.vault.get_secret(self.params[param_name])                     # Otherwise, try to get the secret by the param name itself                     if secret is None:                         secret = self.vault.get_secret(param_name)                     if secret is not None:                         resolved[param_name] = secret                     elif param.get(\"required\", False):                         raise Exception(                             f\"Required vault secret '{param_name}' is missing. Please go to the Vault settings and create a '{param_name}' key.\"                         )                 # If no ... [truncated]"
                }
            ]
        },
        {
            "filePath": "flowsint-core/src/flowsint_core/utils.py",
            "count": 1,
            "symbols": [
                {
                    "id": "Function:flowsint-core/src/flowsint_core/utils.py:resolve_type",
                    "name": "resolve_type",
                    "filePath": "flowsint-core/src/flowsint_core/utils.py",
                    "nodeType": "Function",
                    "startLine": 131,
                    "endLine": 159,
                    "content": "def resolve_type(details: dict, schema_context: dict = None) -> str:     if \"anyOf\" in details:         types = []         for option in details[\"anyOf\"]:             if \"$ref\" in option:                 ref = option[\"$ref\"].split(\"/\")[-1]                 types.append(ref)             elif option.get(\"type\") == \"array\":                 # Handle array types within anyOf                 item_type = resolve_type(option.get(\"items\", {}), schema_context)                 types.append(f\"{item_type}[]\")             else:                 types.append(option.get(\"type\", \"unknown\"))         return \" | \".join(types)     if \"type\" in details:         if details[\"type\"] == \"array\":             item_type = resolve_type(details.get(\"items\", {}), schema_context)             return f\"{item_type}[]\"         return details[\"type\"]     # Handle $ref in array items or other contexts     if \"$ref\" in details and schema_context:         ref_path = details[\"$ref\"]         if ref_path.startswith(\"#/$defs/\"):             ref_name = ref_path.split(\"/\")[-1]             return ref_name     return \"any\""
                }
            ]
        },
        {
            "filePath": "flowsint-core/src/flowsint_execution/models.py",
            "count": 2,
            "symbols": [
                {
                    "id": "Function:flowsint-core/src/flowsint_execution/models.py:_canonicalize_input",
                    "name": "_canonicalize_input",
                    "filePath": "flowsint-core/src/flowsint_execution/models.py",
                    "nodeType": "Function",
                    "startLine": 96,
                    "endLine": 136,
                    "content": "def _canonicalize_input(value: Any) -> Any:     \"\"\"Convert supported input values to a deterministic JSON-compatible shape.\"\"\"     if isinstance(value, BaseModel):         return _canonicalize_input(             value.model_dump(mode=\"json\", by_alias=True, exclude_none=False)         )     if isinstance(value, Mapping):         return {             str(key): _canonicalize_input(item)             for key, item in sorted(value.items(), key=lambda item: str(item[0]))         }     if isinstance(value, (list, tuple)):         return [_canonicalize_input(item) for item in value]     if isinstance(value, (set, frozenset)):         canonical_items = [_canonicalize_input(item) for item in value]         return sorted(             canonical_items,             key=lambda item: json.dumps(                 item, ensure_ascii=False, separators=(\",\", \":\"), sort_keys=True             ),         )     if isinstance(value, float):         if math.isnan(value):             return {\"float\": \"nan\"}         if math.isinf(value):             return {\"float\": \"infinity\" if value > 0 else \"-infinity\"}         return value     if isinstance(value, Enum):         return _canonicalize_input(value.value)     if isinstance(value, datetime):         if value.tzinfo is not None and value.utcoffset() is not None:             value = value.astimezone(timezone.utc)         return value.isoformat()     if isinstance(value, bytes):         return {\"bytes_base64\": base64.b64encode(value).decode(\"ascii\")}     if value is None or isinstance(value, (bool, int, str)):         return value     if hasattr(value, \"model_dump\"):         return _canonicalize_input(value.model_dump(mode=\"json\"))     return {\"type\": f\"{type(value).__module__}.{type(value).__qualname__}\"}"
                },
                {
                    "id": "Function:flowsint-core/src/flowsint_execution/models.py:canonical_input_hash",
                    "name": "canonical_input_hash",
                    "filePath": "flowsint-core/src/flowsint_execution/models.py",
                    "nodeType": "Function",
                    "startLine": 139,
                    "endLine": 149,
                    "content": "def canonical_input_hash(value: Any) -> str:     \"\"\"Return the stable SHA-256 reference for an input without retaining it.\"\"\"     canonical = json.dumps(         _canonicalize_input(value),         ensure_ascii=False,         separators=(\",\", \":\"),         sort_keys=True,         allow_nan=False,     )     return hashlib.sha256(canonical.encode(\"utf-8\")).hexdigest()"
                }
            ]
        },
        {
            "filePath": "flowsint-core/src/flowsint_core/core/logger.py",
            "count": 5,
            "symbols": [
                {
                    "id": "Method:flowsint-core/src/flowsint_core/core/logger.py:LoggerSingleton._log#3",
                    "name": "_log",
                    "filePath": "flowsint-core/src/flowsint_core/core/logger.py",
                    "nodeType": "Method",
                    "startLine": 201,
                    "endLine": 235,
                    "content": "    def _log(         self, sketch_id: Union[str, UUID], level: EventLevel, content: Dict     ) -> None:         \"\"\"         Internal logging method.         Process:         1. Capture timestamp and sequence number immediately         2. Emit event immediately (real-time UI)         3. Queue for batch insertion with ordering info (performance)         Args:             sketch_id: Sketch ID for log routing             level: Log level             content: Log content/message         \"\"\"         # Capture timestamp and sequence at the time of logging (not insertion)         sequence = self._get_next_sequence()         timestamp = datetime.now(timezone.utc)         # Generate a temporary ID for immediate event emission         import uuid         temp_log_id = str(uuid.uuid4())         # 1. IMMEDIATE: Emit event for real-time display         self._emit_event(temp_log_id, str(sketch_id), level, content)         # 2. BATCHED: Queue for database insertion with ordering info         # Format: (sequence, timestamp, sketch_id, level, content)         self._log_queue.put((sequence, timestamp, str(sketch_id), level, content))         # 3. Check if we should flush immediately (batch size reached)         if self._log_queue.qsize() >= self._batch_size:             self._flush_batch()"
                },
                {
                    "id": "Method:flowsint-core/src/flowsint_core/core/logger.py:LoggerSingleton.info#2",
                    "name": "info",
                    "filePath": "flowsint-core/src/flowsint_core/core/logger.py",
                    "nodeType": "Method",
                    "startLine": 239,
                    "endLine": 241,
                    "content": "    def info(self, sketch_id: Union[str, UUID], message: Dict) -> None:         \"\"\"Log an info message.\"\"\"         self._log(sketch_id, EventLevel.INFO, message)"
                },
                {
                    "id": "Method:flowsint-core/src/flowsint_core/core/logger.py:LoggerSingleton.error#2",
                    "name": "error",
                    "filePath": "flowsint-core/src/flowsint_core/core/logger.py",
                    "nodeType": "Method",
                    "startLine": 243,
                    "endLine": 245,
                    "content": "    def error(self, sketch_id: Union[str, UUID], message: Dict) -> None:         \"\"\"Log an error message.\"\"\"         self._log(sketch_id, EventLevel.FAILED, message)"
                },
                {
                    "id": "Method:flowsint-core/src/flowsint_core/core/logger.py:LoggerSingleton.warn#2",
                    "name": "warn",
                    "filePath": "flowsint-core/src/flowsint_core/core/logger.py",
                    "nodeType": "Method",
                    "startLine": 247,
                    "endLine": 249,
                    "content": "    def warn(self, sketch_id: Union[str, UUID], message: Dict) -> None:         \"\"\"Log a warning message.\"\"\"         self._log(sketch_id, EventLevel.WARNING, message)"
                },
                {
                    "id": "Method:flowsint-core/src/flowsint_core/core/logger.py:LoggerSingleton.completed#2",
                    "name": "completed",
                    "filePath": "flowsint-core/src/flowsint_core/core/logger.py",
                    "nodeType": "Method",
                    "startLine": 259,
                    "endLine": 276,
                    "content": "    def completed(self, sketch_id: Union[str, UUID], message: Dict) -> None:         \"\"\"Log a completed message.\"\"\"         self._log(sketch_id, EventLevel.COMPLETED, message)         # Also publish to status channel for graph refresh         try:             import uuid             temp_log_id = str(uuid.uuid4())             from ..tasks.event import emit_status_event_task             emit_status_event_task.apply(                 args=[temp_log_id, str(sketch_id), EventLevel.COMPLETED, message]             )         except Exception as e:             import logging             logging.error(f\"Failed to emit status event: {e}\")"
                }
            ]
        }
    ],
    "affected_modules": [
        {
            "name": "flowsint-core",
            "direct": true,
            "symbolCount": 44
        },
        {
            "name": "flowsint-enrichers",
            "direct": true,
            "symbolCount": 23
        }
    ],
    "affected_processes": [],
    "byDepth": {
        "d=1": {
            "depth": 1,
            "label": "WILL BREAK",
            "symbols": [
                {
                    "id": "Property:flowsint-enrichers/src/flowsint_enrichers/website/to_text.py:WebsiteToText._http_client",
                    "name": "_http_client",
                    "filePath": "flowsint-enrichers/src/flowsint_enrichers/website/to_text.py",
                    "nodeType": "Property",
                    "startLine": 78,
                    "endLine": 78,
                    "content": "    _http_client: Optional[\"httpx.AsyncClient\"] = None"
                },
                {
                    "id": "Method:flowsint-core/src/flowsint_core/core/enricher_base.py:Enricher.name#0",
                    "name": "name",
                    "filePath": "flowsint-core/src/flowsint_core/core/enricher_base.py",
                    "nodeType": "Method",
                    "startLine": 211,
                    "endLine": 212,
                    "content": "    def name(cls) -> str:         pass"
                },
                {
                    "id": "Method:flowsint-core/src/flowsint_core/core/enricher_base.py:Enricher.category#0",
                    "name": "category",
                    "filePath": "flowsint-core/src/flowsint_core/core/enricher_base.py",
                    "nodeType": "Method",
                    "startLine": 220,
                    "endLine": 221,
                    "content": "    def category(cls) -> str:         pass"
                },
                {
                    "id": "Method:flowsint-core/src/flowsint_core/core/enricher_base.py:Enricher.key#0",
                    "name": "key",
                    "filePath": "flowsint-core/src/flowsint_core/core/enricher_base.py",
                    "nodeType": "Method",
                    "startLine": 225,
                    "endLine": 227,
                    "content": "    def key(cls) -> str:         \"\"\"Primary key on which the enricher operates (e.g. domain, IP, etc.)\"\"\"         pass"
                },
                {
                    "id": "Method:flowsint-core/src/flowsint_core/core/enricher_base.py:Enricher.get_params_schema#0",
                    "name": "get_params_schema",
                    "filePath": "flowsint-core/src/flowsint_core/core/enricher_base.py",
                    "nodeType": "Method",
                    "startLine": 249,
                    "endLine": 251,
                    "content": "    def get_params_schema(cls) -> List[Dict[str, Any]]:         \"\"\"Can be overridden in subclasses to declare required parameters\"\"\"         return []"
                },
                {
                    "id": "Method:flowsint-core/src/flowsint_core/core/enricher_base.py:Enricher.scan#1",
                    "name": "scan",
                    "filePath": "flowsint-core/src/flowsint_core/core/enricher_base.py",
                    "nodeType": "Method",
                    "startLine": 348,
                    "endLine": 349,
                    "content": "    async def scan(self, values: List[str]) -> List[Dict[str, Any]]:         pass"
                },
                {
                    "id": "Method:flowsint-core/src/flowsint_core/core/enricher_base.py:Enricher.execute_structured#1",
                    "name": "execute_structured",
                    "filePath": "flowsint-core/src/flowsint_core/core/enricher_base.py",
                    "nodeType": "Method",
                    "startLine": 565,
                    "endLine": 622,
                    "content": "    async def execute_structured(self, values: List[Any]) -> StructuredExecutionResult:         \"\"\"Execute independently per original input without flattening outputs.\"\"\"         outcomes: list[InputOutcome] = []         if self.name() != \"enricher_orchestrator\":             Logger.info(self.sketch_id, {\"message\": f\"Enricher {self.name()} started.\"})         try:             await self.async_init()         except Exception as error:             diagnostic = self._classify_structured_exception(error)             outcomes = [                 InputOutcome(                     input_ref=canonical_input_hash(value),                     status=OutcomeStatus.FAILURE,                     diagnostic=diagnostic,                 )                 for value in values             ]         else:             try:                 adapter, primary_field = self._input_validation_context()                 async with self._structured_execution_context() as context:                     for value in values:                         outcomes.append(                             await self._execute_structured_input(                                 value,                                 context,                                 adapter=adapter,                                 primary_field=primary_field,                             )                         )             except Exception as error:                 diagnostic = self._classify_structured_exception(error)                 for value in values[len(outcomes) :]:                     outcomes.append(                         InputOutcome(                             input_ref=canonical_input_hash(value),                             status=OutcomeStatus.FAILURE,                             diagnostic=diagnostic,                         )                     )         finally:             try:                 self._graph_service.flush()             except Exception:                 Logger.error(                     self.sketch_id,                     {\"message\": f\"Enricher {self.name()} graph flush failed.\"},                 )         if self.name() != \"enricher_orchestrator\":             Logger.completed(                 self.sketch_id, {\"message\": f\"Enricher {self.name()} finished.\"}             )         return StructuredExecutionResult(             enricher_name=self.name(),             outcomes=tuple(outcomes),         )"
                },
                {
                    "id": "Method:flowsint-core/src/flowsint_core/core/enricher_base.py:Enricher.execute#1",
                    "name": "execute",
                    "filePath": "flowsint-core/src/flowsint_core/core/enricher_base.py",
                    "nodeType": "Method",
                    "startLine": 630,
                    "endLine": 655,
                    "content": "    async def execute(self, values: List[Any]) -> List[Dict[str, Any]]:         if self.name() != \"enricher_orchestrator\":             Logger.info(self.sketch_id, {\"message\": f\"Enricher {self.name()} started.\"})         try:             await self.async_init()             preprocessed = self.preprocess(values)             results = await self.scan(preprocessed)             processed = self.postprocess(results, preprocessed)             # Flush any pending batch operations             self._graph_service.flush()             if self.name() != \"enricher_orchestrator\":                 Logger.completed(                     self.sketch_id, {\"message\": f\"Enricher {self.name()} finished.\"}                 )             return processed         except Exception:             if self.name() != \"enricher_orchestrator\":                 Logger.error(                     self.sketch_id,                     {\"message\": f\"Enricher {self.name()} errored.\"},                 )             return []"
                },
                {
                    "id": "Method:flowsint-enrichers/src/flowsint_enrichers/website/to_text.py:WebsiteToText.name#0",
                    "name": "name",
                    "filePath": "flowsint-enrichers/src/flowsint_enrichers/website/to_text.py",
                    "nodeType": "Method",
                    "startLine": 81,
                    "endLine": 82,
                    "content": "    def name(cls) -> str:         return \"website_to_text\""
                },
                {
                    "id": "Method:flowsint-enrichers/src/flowsint_enrichers/website/to_text.py:WebsiteToText.category#0",
                    "name": "category",
                    "filePath": "flowsint-enrichers/src/flowsint_enrichers/website/to_text.py",
                    "nodeType": "Method",
                    "startLine": 85,
                    "endLine": 86,
                    "content": "    def category(cls) -> str:         return \"Website\""
                },
                {
                    "id": "Method:flowsint-enrichers/src/flowsint_enrichers/website/to_text.py:WebsiteToText.key#0",
                    "name": "key",
                    "filePath": "flowsint-enrichers/src/flowsint_enrichers/website/to_text.py",
                    "nodeType": "Method",
                    "startLine": 89,
                    "endLine": 90,
                    "content": "    def key(cls) -> str:         return \"website\""
                },
                {
                    "id": "Method:flowsint-enrichers/src/flowsint_enrichers/website/to_text.py:WebsiteToText.get_params_schema#0",
                    "name": "get_params_schema",
                    "filePath": "flowsint-enrichers/src/flowsint_enrichers/website/to_text.py",
                    "nodeType": "Method",
                    "startLine": 93,
                    "endLine": 116,
                    "content": "    def get_params_schema(cls) -> List[Dict[str, Any]]:         return [             {                 \"name\": \"enable_quic\",                 \"type\": \"bool\",                 \"default\": False,                 \"label\": \"Enable QUIC/HTTP3 probe\",                 \"description\": \"Try HTTP/3 via QUIC as transport (experimental, most servers ignore it)\",             },             {                 \"name\": \"max_concurrency\",                 \"type\": \"int\",                 \"default\": 10,                 \"label\": \"Max concurrent connections\",                 \"description\": \"Maximum number of simultaneous HTTP connections\",             },             {                 \"name\": \"request_timeout\",                 \"type\": \"int\",                 \"default\": 10,                 \"label\": \"Request timeout (seconds)\",                 \"description\": \"Timeout for each HTTP request\",             },         ]"
                },
                {
                    "id": "Method:flowsint-enrichers/src/flowsint_enrichers/website/to_text.py:WebsiteToText._outputs_from_text#1",
                    "name": "_outputs_from_text",
                    "filePath": "flowsint-enrichers/src/flowsint_enrichers/website/to_text.py",
                    "nodeType": "Method",
                    "startLine": 121,
                    "endLine": 123,
                    "content": "    def _outputs_from_text(self, text: str) -> tuple[Phrase, ...]:         \"\"\"Build the per-occurrence outputs without flattening their ownership.\"\"\"         return (Phrase(text=text),) if text else ()"
                },
                {
                    "id": "Method:flowsint-enrichers/src/flowsint_enrichers/website/to_text.py:WebsiteToText._diagnostic#2",
                    "name": "_diagnostic",
                    "filePath": "flowsint-enrichers/src/flowsint_enrichers/website/to_text.py",
                    "nodeType": "Method",
                    "startLine": 126,
                    "endLine": 127,
                    "content": "    def _diagnostic(code: str, message: str) -> RedactedDiagnostic:         return RedactedDiagnostic(code=code, safe_message=message, retryable=False)"
                },
                {
                    "id": "Method:flowsint-enrichers/src/flowsint_enrichers/website/to_text.py:WebsiteToText._cancelled_occurrence#3",
                    "name": "_cancelled_occurrence",
                    "filePath": "flowsint-enrichers/src/flowsint_enrichers/website/to_text.py",
                    "nodeType": "Method",
                    "startLine": 129,
                    "endLine": 140,
                    "content": "    def _cancelled_occurrence(         self, index: int, source: Website, input_ref: str     ) -> WebsiteTextOccurrence:         return WebsiteTextOccurrence(             source=source,             index=index,             input_ref=input_ref,             status=OutcomeStatus.HOLD,             diagnostic=self._diagnostic(                 \"cancelled\", \"The operation was cancelled before completion.\"             ),         )"
                },
                {
                    "id": "Method:flowsint-enrichers/src/flowsint_enrichers/website/to_text.py:WebsiteToText._failed_occurrence#3",
                    "name": "_failed_occurrence",
                    "filePath": "flowsint-enrichers/src/flowsint_enrichers/website/to_text.py",
                    "nodeType": "Method",
                    "startLine": 142,
                    "endLine": 153,
                    "content": "    def _failed_occurrence(         self, index: int, source: Website, input_ref: str     ) -> WebsiteTextOccurrence:         return WebsiteTextOccurrence(             source=source,             index=index,             input_ref=input_ref,             status=OutcomeStatus.FAILURE,             diagnostic=self._diagnostic(                 \"unexpected_error\", \"Unexpected processing failure.\"             ),         )"
                },
                {
                    "id": "Method:flowsint-enrichers/src/flowsint_enrichers/website/to_text.py:WebsiteToText._fetch_occurrence#4",
                    "name": "_fetch_occurrence",
                    "filePath": "flowsint-enrichers/src/flowsint_enrichers/website/to_text.py",
                    "nodeType": "Method",
                    "startLine": 155,
                    "endLine": 186,
                    "content": "    async def _fetch_occurrence(         self, index: int, source: Website, input_ref: str, semaphore: asyncio.Semaphore     ) -> WebsiteTextOccurrence:         \"\"\"Return one terminal, source-owned outcome from one transport future.\"\"\"         try:             async with semaphore:                 text = await self._fetch_text_async(                     str(source.url),                     timeout=self.params.get(\"request_timeout\", 10),                     enable_quic=self.params.get(\"enable_quic\", False),                 )             if text is None:                 return WebsiteTextOccurrence(                     source=source,                     index=index,                     input_ref=input_ref,                     status=OutcomeStatus.FAILURE,                     diagnostic=self._diagnostic(                         \"transport_failed\", \"All configured transports failed.\"                     ),                 )             return WebsiteTextOccurrence(                 source=source,                 index=index,                 input_ref=input_ref,                 status=OutcomeStatus.SUCCESS,                 outputs=self._outputs_from_text(text),             )         except asyncio.CancelledError:             return self._cancelled_occurrence(index, source, input_ref)         except Exception:             return self._failed_occurrence(index, source, input_ref)"
                },
                {
                    "id": "Method:flowsint-enrichers/src/flowsint_enrichers/website/to_text.py:WebsiteToText._scan_occurrence_specs#1",
                    "name": "_scan_occurrence_specs",
                    "filePath": "flowsint-enrichers/src/flowsint_enrichers/website/to_text.py",
                    "nodeType": "Method",
                    "startLine": 188,
                    "endLine": 212,
                    "content": "    async def _scan_occurrence_specs(         self, specs: Sequence[tuple[int, Website, str]]     ) -> tuple[WebsiteTextOccurrence, ...]:         semaphore = asyncio.Semaphore(self.params.get(\"max_concurrency\", 10))         tasks = tuple(             asyncio.create_task(self._fetch_occurrence(index, source, input_ref, semaphore))             for index, source, input_ref in specs         )         try:             results = await asyncio.gather(*tasks)         except asyncio.CancelledError:             for task in tasks:                 task.cancel()             results = await asyncio.gather(*tasks, return_exceptions=True)         occurrences: list[WebsiteTextOccurrence] = []         for position, result in enumerate(results):             index, source, input_ref = specs[position]             if isinstance(result, WebsiteTextOccurrence):                 occurrences.append(result)             elif isinstance(result, asyncio.CancelledError):                 occurrences.append(self._cancelled_occurrence(index, source, input_ref))             else:                 occurrences.append(self._failed_occurrence(index, source, input_ref))         return tuple(occurrences)"
                },
                {
                    "id": "Method:flowsint-enrichers/src/flowsint_enrichers/website/to_text.py:WebsiteToText._scan_occurrences#2",
                    "name": "_scan_occurrences",
                    "filePath": "flowsint-enrichers/src/flowsint_enrichers/website/to_text.py",
                    "nodeType": "Method",
                    "startLine": 214,
                    "endLine": 222,
                    "content": "    async def _scan_occurrences(         self, data: Sequence[Website], *, start_index: int = 0     ) -> tuple[WebsiteTextOccurrence, ...]:         return await self._scan_occurrence_specs(             tuple(                 (start_index + offset, source, canonical_input_hash(source))                 for offset, source in enumerate(data)             )         )"
                },
                {
                    "id": "Method:flowsint-enrichers/src/flowsint_enrichers/website/to_text.py:WebsiteToText._legacy_outputs#1",
                    "name": "_legacy_outputs",
                    "filePath": "flowsint-enrichers/src/flowsint_enrichers/website/to_text.py",
                    "nodeType": "Method",
                    "startLine": 225,
                    "endLine": 233,
                    "content": "    def _legacy_outputs(         occurrences: Sequence[WebsiteTextOccurrence],     ) -> List[OutputType]:         return [             output             for occurrence in occurrences             if occurrence.status is OutcomeStatus.SUCCESS             for output in occurrence.outputs         ]"
                },
                {
                    "id": "Method:flowsint-enrichers/src/flowsint_enrichers/website/to_text.py:WebsiteToText.scan#1",
                    "name": "scan",
                    "filePath": "flowsint-enrichers/src/flowsint_enrichers/website/to_text.py",
                    "nodeType": "Method",
                    "startLine": 235,
                    "endLine": 237,
                    "content": "    async def scan(self, data: List[InputType]) -> List[WebsiteTextOccurrence]:         \"\"\"Return source-owned occurrence envelopes for postprocess graph capture.\"\"\"         return list(await self._scan_occurrences(data))"
                },
                {
                    "id": "Method:flowsint-enrichers/src/flowsint_enrichers/website/to_text.py:WebsiteToText._fetch_text_async#3",
                    "name": "_fetch_text_async",
                    "filePath": "flowsint-enrichers/src/flowsint_enrichers/website/to_text.py",
                    "nodeType": "Method",
                    "startLine": 239,
                    "endLine": 287,
                    "content": "    async def _fetch_text_async(         self,         url: str,         timeout: int = 10,         enable_quic: bool = False,     ) -> Optional[str]:         \"\"\"Fetch URL using httpx (primary), aioquic (optional), requests (fallback).\"\"\"         # 1) httpx — async HTTP/2 + HTTP/1.1 with connection pooling         try:             import httpx             if self._http_client is None:                 self._http_client = httpx.AsyncClient(                     http2=True,                     timeout=timeout,                     follow_redirects=True,                     limits=httpx.Limits(                         max_connections=self.params.get(\"max_concurrency\", 10)                     ),                 )             resp = await self._http_client.get(url)             resp.raise_for_status()             return self._extract_text(html=resp.text)         except Exception as exc:             log.debug(\"httpx failed for %s: %s\", url, exc)         # 2) aioquic — experimental QUIC probe (opt-in)         if HAS_QUIC and enable_quic:             try:                 text = await self._fetch_via_quic(url, timeout=min(timeout, 5))                 if text:                     return text             except Exception as exc:                 log.debug(\"QUIC failed for %s: %s\", url, exc)         # 3) requests — sync fallback         try:             import requests             resp = requests.get(url, timeout=timeout, allow_redirects=True)             resp.raise_for_status()             return self._extract_text(html=resp.text)         except Exception as exc:             Logger.error(                 self.sketch_id,                 {\"message\": f\"All transports failed for {url}: {exc}\"},             )             return None"
                },
                {
                    "id": "Method:flowsint-enrichers/src/flowsint_enrichers/website/to_text.py:WebsiteToText._fetch_via_quic#2",
                    "name": "_fetch_via_quic",
                    "filePath": "flowsint-enrichers/src/flowsint_enrichers/website/to_text.py",
                    "nodeType": "Method",
                    "startLine": 292,
                    "endLine": 378,
                    "content": "    async def _fetch_via_quic(self, url: str, timeout: int = 5) -> Optional[str]:         \"\"\"Fetch via QUIC/HTTP3. Times out fast — most servers ignore UDP 443.\"\"\"         from urllib.parse import urlparse         parsed = urlparse(url)         host = parsed.hostname or \"localhost\"         path = (parsed.path or \"/\") + ((\"?\" + parsed.query) if parsed.query else \"\")         config = QuicConfiguration(is_client=True, alpn_protocols=[\"h3\", \"h3-29\"])         config.server_name = host         config.verify_mode = False  # type: ignore[assignment]         response_data = bytearray()         headers_ok = asyncio.Event()         stream_ended = asyncio.Event()         class _QuicSession:             def __init__(self):                 self.http = None             async def run(self) -> Optional[str]:                 try:                     async with quic_connect(                         host,                         parsed.port or 443,                         configuration=config,                         create_protocol=self._build_proto,                         wait_connected=True,                     ) as protocol:                         await asyncio.wait_for(                             asyncio.gather(headers_ok.wait(), stream_ended.wait()),                             timeout=timeout,                         )                 except (asyncio.TimeoutError, Exception):                     return None                 body = bytes(response_data).decode(\"utf-8\", errors=\"replace\")                 return self._extract(html=body) if body else None             def _extract(self, html: str) -> str:                 soup = BeautifulSoup(html, \"html.parser\")                 return soup.get_text(separator=\" \", strip=True)             def _build_proto(self, *args, **kwargs):                 from aioquic.asyncio.protocol import QuicConnectionProtocol                 class _H3(QuicConnectionProtocol):                     def __init__(self, *args, **kwargs):                         super().__init__(*args, **kwargs)                         self._h3 = None                         self._sent = False                     def quic_event_received(self, event):                         if isinstance(event, quic_events.HandshakeCompleted) and not self._sent:                             self._sent = True                             self._h3 = H3Connection(self._quic)                             sid = self._quic.get_next_available_stream_id()                             self._h3.send_headers(                                 stream_id=sid,                                 headers=[                                     (b\":method\", b\"GET\"),                                     (b\":scheme\", b\"https\"),                                     (b\":authority\", host.encode()),                                     (b\":path\", path.encode()),                                 ],                             )                             return                         if isinstance(event, quic_events.ConnectionTerminated):                             stream_ended.set()                             return                         if not self._h3:                             return                         for ev in self._h3.handle_event(event):                             if isinstance(ev, HeadersReceived):                                 status = dict(ev.headers).get(b\":status\", b\"0\")                                 if status == b\"200\":                                     headers_ok.set()                             elif isinstance(ev, DataReceived):                                 response_data.extend(ev.data)                                 if ev.stream_ended:                                     stream_ended.set()                 return _H3(*args, **kwargs)         session = _QuicSession()         return await session.run()"
                },
                {
                    "id": "Method:flowsint-enrichers/src/flowsint_enrichers/website/to_text.py:WebsiteToText._extract_text#1",
                    "name": "_extract_text",
                    "filePath": "flowsint-enrichers/src/flowsint_enrichers/website/to_text.py",
                    "nodeType": "Method",
                    "startLine": 384,
                    "endLine": 387,
                    "content": "    def _extract_text(html: str) -> str:         \"\"\"Extract visible text from HTML.\"\"\"         soup = BeautifulSoup(html, \"html.parser\")         return soup.get_text(separator=\" \", strip=True)"
                },
                {
                    "id": "Method:flowsint-enrichers/src/flowsint_enrichers/website/to_text.py:WebsiteToText.postprocess#1",
                    "name": "postprocess",
                    "filePath": "flowsint-enrichers/src/flowsint_enrichers/website/to_text.py",
                    "nodeType": "Method",
                    "startLine": 392,
                    "endLine": 400,
                    "content": "    def postprocess(         self, occurrences: Sequence[WebsiteTextOccurrence]     ) -> List[OutputType]:         \"\"\"Capture graph edges from source-owned occurrence envelopes only.\"\"\"         retained = tuple(occurrences)         if any(not isinstance(occurrence, WebsiteTextOccurrence) for occurrence in retained):             raise TypeError(\"WebsiteToText.postprocess requires occurrence envelopes from scan().\")         self._postprocess_occurrences(retained)         return self._legacy_outputs(retained)"
                },
                {
                    "id": "Method:flowsint-enrichers/src/flowsint_enrichers/website/to_text.py:WebsiteToText._postprocess_occurrences#1",
                    "name": "_postprocess_occurrences",
                    "filePath": "flowsint-enrichers/src/flowsint_enrichers/website/to_text.py",
                    "nodeType": "Method",
                    "startLine": 402,
                    "endLine": 422,
                    "content": "    def _postprocess_occurrences(         self, occurrences: Sequence[WebsiteTextOccurrence]     ) -> None:         if not self._graph_service:             return         for occurrence in occurrences:             if occurrence.status is not OutcomeStatus.SUCCESS:                 continue             self.create_node(occurrence.source)             for output in occurrence.outputs:                 if not output.text:                     continue                 self.create_node(output)                 self.create_relationship(                     occurrence.source, output, \"HAS_INNER_TEXT\"                 )                 self.log_graph_message(                     f\"Extracted text from {occurrence.source.url} \"                     f\"({len(output.text)} chars).\"                 )"
                },
                {
                    "id": "Method:flowsint-enrichers/src/flowsint_enrichers/website/to_text.py:WebsiteToText.execute#1",
                    "name": "execute",
                    "filePath": "flowsint-enrichers/src/flowsint_enrichers/website/to_text.py",
                    "nodeType": "Method",
                    "startLine": 425,
                    "endLine": 445,
                    "content": "    async def execute(self, values: List[Any]) -> List[OutputType]:         if self.name() != \"enricher_orchestrator\":             Logger.info(self.sketch_id, {\"message\": f\"Enricher {self.name()} started.\"})         try:             await self.async_init()             occurrences = await self.scan(self.preprocess(values))             processed = self.postprocess(occurrences)             self._graph_service.flush()             if self.name() != \"enricher_orchestrator\":                 Logger.completed(                     self.sketch_id, {\"message\": f\"Enricher {self.name()} finished.\"}                 )             return processed         except asyncio.CancelledError:             raise         except Exception:             if self.name() != \"enricher_orchestrator\":                 Logger.error(                     self.sketch_id, {\"message\": f\"Enricher {self.name()} errored.\"}                 )             return []"
                },
                {
                    "id": "Method:flowsint-enrichers/src/flowsint_enrichers/website/to_text.py:WebsiteToText.execute_structured#1",
                    "name": "execute_structured",
                    "filePath": "flowsint-enrichers/src/flowsint_enrichers/website/to_text.py",
                    "nodeType": "Method",
                    "startLine": 447,
                    "endLine": 543,
                    "content": "    async def execute_structured(self, values: List[Any]) -> StructuredExecutionResult:         \"\"\"Preserve every original input as one terminal structured outcome.\"\"\"         outcomes: list[InputOutcome | None] = [None] * len(values)         if self.name() != \"enricher_orchestrator\":             Logger.info(self.sketch_id, {\"message\": f\"Enricher {self.name()} started.\"})         try:             await self.async_init()         except asyncio.CancelledError:             outcomes = [                 InputOutcome(                     input_ref=canonical_input_hash(value),                     status=OutcomeStatus.HOLD,                     diagnostic=self._diagnostic(                         \"cancelled\", \"The operation was cancelled before completion.\"                     ),                 )                 for value in values             ]         except Exception as error:             diagnostic = self._classify_structured_exception(error)             outcomes = [                 InputOutcome(                     input_ref=canonical_input_hash(value),                     status=OutcomeStatus.FAILURE,                     diagnostic=diagnostic,                 )                 for value in values             ]         else:             adapter, primary_field = self._input_validation_context()             specs: list[tuple[int, Website, str]] = []             for index, value in enumerate(values):                 try:                     source = self._validate_single_input(                         value, adapter=adapter, primary_field=primary_field                     )                 except Exception as error:                     outcomes[index] = InputOutcome(                         input_ref=canonical_input_hash(value),                         status=OutcomeStatus.FAILURE,                         diagnostic=self._classify_structured_exception(error),                     )                 else:                     specs.append((index, source, canonical_input_hash(value)))             try:                 occurrences = await self._scan_occurrence_specs(specs)                 self.postprocess(occurrences)             except asyncio.CancelledError:                 for index, value in enumerate(values):                     if outcomes[index] is None:                         outcomes[index] = InputOutcome(                             input_ref=canonical_input_hash(value),                             status=OutcomeStatus.HOLD,                             diagnostic=self._diagnostic(                                 \"cancelled\", \"The operation was cancelled before completion.\"                             ),                         )             except Exception as error:                 diagnostic = self._classify_structured_exception(error)                 for index, value in enumerate(values):                     if outcomes[index] is None:                         outcomes[index] = InputOutcome(                             input_ref=canonical_input_hash(value),                             status=OutcomeStatus.FAILURE,                             diagnostic=diagnostic,                         )             else:                 for occurrence in occurrences:                     outcomes[occurrence.index] = occurrence.to_input_outcome()         finally:             try:                 self._graph_service.flush()             except Exception:                 Logger.error(                     self.sketch_id,                     {\"message\": f\"Enricher {self.name()} graph flush failed.\"},                 )         final_outcomes: list[InputOutcome] = []         for index, value in enumerate(values):             outcome = outcomes[index]             if outcome is None:                 outcome = InputOutcome(                     input_ref=canonical_input_hash(value),                     status=OutcomeStatus.FAILURE,                     diagnostic=self._diagnostic(                         \"unexpected_error\", \"Processing ended without a terminal outcome.\"                     ),                 )             final_outcomes.append(outcome)         if self.name() != \"enricher_orchestrator\":             Logger.completed(self.sketch_id, {\"message\": f\"Enricher {self.name()} finished.\"})         return StructuredExecutionResult(             enricher_name=self.name(),             outcomes=tuple(final_outcomes),         )"
                },
                {
                    "id": "Class:flowsint-core/src/flowsint_core/core/enricher_base.py:Enricher",
                    "name": "Enricher",
                    "filePath": "flowsint-core/src/flowsint_core/core/enricher_base.py",
                    "nodeType": "Class",
                    "startLine": 62,
                    "endLine": 719,
                    "content": "class Enricher(ABC):     \"\"\"     Abstract base class for all enrichers.     ## InputType and OutputType Pattern     Enrichers only need to define InputType and OutputType as class attributes.     The base class automatically handles schema generation:     ```python     from typing import List     from flowsint_types import Domain     from flowsint_types import Ip     class MyEnricher(Enricher):         # Define types as class attributes (base types, not lists)         InputType = Domain         OutputType = Ip         @classmethod         def name(cls):             return \"my_enricher\"         @classmethod         def category(cls):             return \"Domain\"         @classmethod         def key(cls):             return \"domain\"         # preprocess receives a list and returns a list of validated InputType instances         def preprocess(self, data: List) -> List[InputType]:             # Generic implementation handles validation automatically             return super().preprocess(data)         # scan receives a list of InputType and returns a list of OutputType         async def scan(self, data: List[InputType]) -> List[OutputType]:             results: List[OutputType] = []             # ... implementation             return results     # Make types available at module level for easy access     InputType = MyEnricher.InputType     OutputType = MyEnricher.OutputType     ```     The base class automatically provides:     - Generic preprocess() that validates inputs using InputType     - input_schema() method using InputType     - output_schema() method using OutputType     - Error handling for missing type definitions     - Consistent schema generation across all enrichers     Subclasses can override input_schema() or output_schema() if needed for special cases.     \"\"\"     # Abstract type aliases that must be defined in subclasses for runtime use     InputType = NotImplemented     OutputType = NotImplemented     def __init__(         self,         sketch_id: Optional[str] = None,         scan_id: Optional[str] = None,         params_schema: Optional[List[Dict[str, Any]]] = None,         vault: Optional[VaultProtocol] = None,         params: Optional[Dict[str, Any]] = None,         graph_service: Optional[GraphService] = None,     ):         self.scan_id = scan_id or \"default\"         self.sketch_id = sketch_id or \"system\"         self.vault = vault         self.params_schema = params_schema or []         self.ParamsModel = build_params_model(self.params_schema)         self.params: Dict[str, Any] = params or {}         # Initialize graph service (uses singleton connection by default)         if graph_service:             self._graph_service = graph_service         else:             self._graph_service = create_graph_service(                 sketch_id=self.sketch_id,                 enable_batching=True,             )         # Params is filled synchronously by the constructor. This params is generally constructed of         # vaultSecret references, not the key directly. The idea is that the real key values are resolved after calling         # async_init(), right before the execution.     async def async_init(self):         self.ParamsModel = build_params_model(self.params_schema)         # Always resolve parameters, even if self.params is empty         # This allows vault secrets to be fetched by name from params_schema         resolved_params = self.resolve_params()         # Strict validation after resolution         try:             validated = self.ParamsModel(**resolved_params)             self.params = validated.model_dump()         except ValidationError as e:             raise InvalidEnricherParams(                 f\"Enricher '{self.name()}' received invalid parameters: {e}\"             )     def resolve_params(self) -> Dict[str, Any]:         resolved = {}         for param in self.params_schema:             param_name = param[\"name\"]             param_type = param.get(\"type\", \"string\")             if param_type == \"vaultSecret\":                 # For vault secrets, try to get from vault by name or ID                 secret = None                 if self.vault is not None:                     # First, check if user provided a specific vault ID in params                     if param_name in self.params and self.params[param_name]:                         secret = self.vault.get_secret(self.params[param_name])                     # Otherwise, try to get the secret by the param name itself                     if secret is None:                         secret = self.vault.get_secret(param_name)                     if secret is not None:                         resolved[param_name] = secret                     elif param.get(\"required\", False):                         raise Exception(                             f\"Required vault secret '{param_name}' is missing. Please go to the Vault settings and create a '{param_name}' key.\"                         )                 # If no ... [truncated]"
                }
            ]
        },
        "d=2": {
            "depth": 2,
            "label": "LIKELY AFFECTED",
            "symbols": [
                {
                    "id": "Method:flowsint-core/src/flowsint_core/core/enricher_base.py:Enricher.__init__#6",
                    "name": "__init__",
                    "filePath": "flowsint-core/src/flowsint_core/core/enricher_base.py",
                    "nodeType": "Method",
                    "startLine": 123,
                    "endLine": 150,
                    "content": "    def __init__(         self,         sketch_id: Optional[str] = None,         scan_id: Optional[str] = None,         params_schema: Optional[List[Dict[str, Any]]] = None,         vault: Optional[VaultProtocol] = None,         params: Optional[Dict[str, Any]] = None,         graph_service: Optional[GraphService] = None,     ):         self.scan_id = scan_id or \"default\"         self.sketch_id = sketch_id or \"system\"         self.vault = vault         self.params_schema = params_schema or []         self.ParamsModel = build_params_model(self.params_schema)         self.params: Dict[str, Any] = params or {}         # Initialize graph service (uses singleton connection by default)         if graph_service:             self._graph_service = graph_service         else:             self._graph_service = create_graph_service(                 sketch_id=self.sketch_id,                 enable_batching=True,             )         # Params is filled synchronously by the constructor. This params is generally constructed of         # vaultSecret references, not the key directly. The idea is that the real key values are resolved after calling         # async_init(), right before the execution."
                },
                {
                    "id": "Method:flowsint-core/src/flowsint_core/core/enricher_base.py:Enricher.async_init#0",
                    "name": "async_init",
                    "filePath": "flowsint-core/src/flowsint_core/core/enricher_base.py",
                    "nodeType": "Method",
                    "startLine": 152,
                    "endLine": 166,
                    "content": "    async def async_init(self):         self.ParamsModel = build_params_model(self.params_schema)         # Always resolve parameters, even if self.params is empty         # This allows vault secrets to be fetched by name from params_schema         resolved_params = self.resolve_params()         # Strict validation after resolution         try:             validated = self.ParamsModel(**resolved_params)             self.params = validated.model_dump()         except ValidationError as e:             raise InvalidEnricherParams(                 f\"Enricher '{self.name()}' received invalid parameters: {e}\"             )"
                },
                {
                    "id": "Method:flowsint-core/src/flowsint_core/core/enricher_base.py:Enricher.resolve_params#0",
                    "name": "resolve_params",
                    "filePath": "flowsint-core/src/flowsint_core/core/enricher_base.py",
                    "nodeType": "Method",
                    "startLine": 168,
                    "endLine": 203,
                    "content": "    def resolve_params(self) -> Dict[str, Any]:         resolved = {}         for param in self.params_schema:             param_name = param[\"name\"]             param_type = param.get(\"type\", \"string\")             if param_type == \"vaultSecret\":                 # For vault secrets, try to get from vault by name or ID                 secret = None                 if self.vault is not None:                     # First, check if user provided a specific vault ID in params                     if param_name in self.params and self.params[param_name]:                         secret = self.vault.get_secret(self.params[param_name])                     # Otherwise, try to get the secret by the param name itself                     if secret is None:                         secret = self.vault.get_secret(param_name)                     if secret is not None:                         resolved[param_name] = secret                     elif param.get(\"required\", False):                         raise Exception(                             f\"Required vault secret '{param_name}' is missing. Please go to the Vault settings and create a '{param_name}' key.\"                         )                 # If no vault or no secret found, use default if available                 if param_name not in resolved and param.get(\"default\") is not None:                     resolved[param_name] = param[\"default\"]             else:                 # For non-vault params, use the provided value or default                 if param_name in self.params and self.params[param_name] is not None:                     resolved[param_name] = self.params[param_name]                 elif param.get(\"default\") is not None:                     resolved[param_name] = param[\"default\"]         return resolved"
                },
                {
                    "id": "Method:flowsint-core/src/flowsint_core/core/enricher_base.py:Enricher.required_params#0",
                    "name": "required_params",
                    "filePath": "flowsint-core/src/flowsint_core/core/enricher_base.py",
                    "nodeType": "Method",
                    "startLine": 206,
                    "endLine": 207,
                    "content": "    def required_params(self) -> bool:         return False"
                },
                {
                    "id": "Method:flowsint-core/src/flowsint_core/core/enricher_base.py:Enricher.icon#0",
                    "name": "icon",
                    "filePath": "flowsint-core/src/flowsint_core/core/enricher_base.py",
                    "nodeType": "Method",
                    "startLine": 215,
                    "endLine": 216,
                    "content": "    def icon(cls) -> str | None:         return None"
                },
                {
                    "id": "Method:flowsint-core/src/flowsint_core/core/enricher_base.py:Enricher.documentation#0",
                    "name": "documentation",
                    "filePath": "flowsint-core/src/flowsint_core/core/enricher_base.py",
                    "nodeType": "Method",
                    "startLine": 230,
                    "endLine": 238,
                    "content": "    def documentation(cls) -> str:         \"\"\"         Return formatted markdown documentation for this enricher.         Override this method to provide custom documentation.         Falls back to cleaned docstring if not overridden.         \"\"\"         import inspect         return inspect.cleandoc(cls.__doc__ or \"No documentation available.\")"
                },
                {
                    "id": "Method:flowsint-core/src/flowsint_core/core/enricher_base.py:Enricher.input_schema#0",
                    "name": "input_schema",
                    "filePath": "flowsint-core/src/flowsint_core/core/enricher_base.py",
                    "nodeType": "Method",
                    "startLine": 241,
                    "endLine": 246,
                    "content": "    def input_schema(cls) -> Dict[str, Any]:         \"\"\"         Generate input schema from InputType class attribute.         Subclasses don't need to override this unless they have special requirements.         \"\"\"         return cls.generate_input_schema()"
                },
                {
                    "id": "Method:flowsint-core/src/flowsint_core/core/enricher_base.py:Enricher.output_schema#0",
                    "name": "output_schema",
                    "filePath": "flowsint-core/src/flowsint_core/core/enricher_base.py",
                    "nodeType": "Method",
                    "startLine": 254,
                    "endLine": 259,
                    "content": "    def output_schema(cls) -> Dict[str, Any]:         \"\"\"         Generate output schema from OutputType class attribute.         Subclasses don't need to override this unless they have special requirements.         \"\"\"         return cls.generate_output_schema()"
                },
                {
                    "id": "Method:flowsint-core/src/flowsint_core/core/enricher_base.py:Enricher.generate_input_schema#0",
                    "name": "generate_input_schema",
                    "filePath": "flowsint-core/src/flowsint_core/core/enricher_base.py",
                    "nodeType": "Method",
                    "startLine": 262,
                    "endLine": 302,
                    "content": "    def generate_input_schema(cls) -> Dict[str, Any]:         \"\"\"         Helper method to generate input schema from InputType class attribute.         Raises:             NotImplementedError: If InputType is not defined in the subclass         \"\"\"         if cls.InputType is NotImplemented:             raise NotImplementedError(f\"InputType must be defined in {cls.__name__}\")         adapter = TypeAdapter(cls.InputType)         schema = adapter.json_schema()         # Handle different schema structures         # Check for direct properties first (even if $defs exists for nested types)         if \"properties\" in schema and \"title\" in schema:             # Direct type definition (e.g., Domain, Ip, Website)             return {                 \"type\": schema.get(\"title\", \"Any\"),                 \"properties\": [                     {\"name\": prop, \"type\": resolve_type(info, schema)}                     for prop, info in schema[\"properties\"].items()                 ],             }         elif \"$defs\" in schema and schema[\"$defs\"] and \"$ref\" in schema:             # Reference to a type in $defs             type_name = schema[\"$ref\"].split(\"/\")[-1]             details = schema[\"$defs\"][type_name]             return {                 \"type\": type_name,                 \"properties\": [                     {\"name\": prop, \"type\": resolve_type(info, schema)}                     for prop, info in details[\"properties\"].items()                 ],             }         else:             # Fallback for unknown schema structures             return {                 \"type\": schema.get(\"title\", \"Any\"),                 \"properties\": [{\"name\": \"value\", \"type\": \"object\"}],             }"
                },
                {
                    "id": "Method:flowsint-core/src/flowsint_core/core/enricher_base.py:Enricher.generate_output_schema#0",
                    "name": "generate_output_schema",
                    "filePath": "flowsint-core/src/flowsint_core/core/enricher_base.py",
                    "nodeType": "Method",
                    "startLine": 305,
                    "endLine": 345,
                    "content": "    def generate_output_schema(cls) -> Dict[str, Any]:         \"\"\"         Helper method to generate output schema from OutputType class attribute.         Raises:             NotImplementedError: If OutputType is not defined in the subclass         \"\"\"         if cls.OutputType is NotImplemented:             raise NotImplementedError(f\"OutputType must be defined in {cls.__name__}\")         adapter = TypeAdapter(cls.OutputType)         schema = adapter.json_schema()         # Handle different schema structures         # Check for direct properties first (even if $defs exists for nested types)         if \"properties\" in schema and \"title\" in schema:             # Direct type definition (e.g., Domain, Ip, Website)             return {                 \"type\": schema.get(\"title\", \"Any\"),                 \"properties\": [                     {\"name\": prop, \"type\": resolve_type(info, schema)}                     for prop, info in schema[\"properties\"].items()                 ],             }         elif \"$defs\" in schema and schema[\"$defs\"] and \"$ref\" in schema:             # Reference to a type in $defs             type_name = schema[\"$ref\"].split(\"/\")[-1]             details = schema[\"$defs\"][type_name]             return {                 \"type\": type_name,                 \"properties\": [                     {\"name\": prop, \"type\": resolve_type(info, schema)}                     for prop, info in details[\"properties\"].items()                 ],             }         else:             # Fallback for unknown schema structures             return {                 \"type\": schema.get(\"title\", \"Any\"),                 \"properties\": [{\"name\": \"value\", \"type\": \"object\"}],             }"
                },
                {
                    "id": "Method:flowsint-core/src/flowsint_core/core/enricher_base.py:Enricher.set_params#1",
                    "name": "set_params",
                    "filePath": "flowsint-core/src/flowsint_core/core/enricher_base.py",
                    "nodeType": "Method",
                    "startLine": 351,
                    "endLine": 352,
                    "content": "    def set_params(self, params: Dict[str, Any]) -> None:         self.params = params"
                },
                {
                    "id": "Method:flowsint-core/src/flowsint_core/core/enricher_base.py:Enricher.get_params#0",
                    "name": "get_params",
                    "filePath": "flowsint-core/src/flowsint_core/core/enricher_base.py",
                    "nodeType": "Method",
                    "startLine": 354,
                    "endLine": 355,
                    "content": "    def get_params(self) -> Dict[str, Any]:         return self.params"
                },
                {
                    "id": "Method:flowsint-core/src/flowsint_core/core/enricher_base.py:Enricher.get_secret#2",
                    "name": "get_secret",
                    "filePath": "flowsint-core/src/flowsint_core/core/enricher_base.py",
                    "nodeType": "Method",
                    "startLine": 357,
                    "endLine": 371,
                    "content": "    def get_secret(self, key_name: str, default: Any = None) -> Any:         \"\"\"         Get a secret value by key name.         The secret is automatically resolved from the vault during async_init.         Args:             key_name: The name of the secret parameter (e.g., \"WHOXY_API_KEY\")             default: Default value if secret is not found         Returns:             The secret value from the vault, or default if not found         \"\"\"         value = self.params.get(key_name, default)         # If the value is None, return the default instead (allows fallback to env vars)         return value if value is not None else default"
                },
                {
                    "id": "Method:flowsint-core/src/flowsint_core/core/enricher_base.py:Enricher._input_validation_context#0",
                    "name": "_input_validation_context",
                    "filePath": "flowsint-core/src/flowsint_core/core/enricher_base.py",
                    "nodeType": "Method",
                    "startLine": 373,
                    "endLine": 392,
                    "content": "    def _input_validation_context(self) -> tuple[TypeAdapter | None, str | None]:         if self.InputType is NotImplemented:             return None, None         base_type = self.InputType         adapter = TypeAdapter(base_type)         primary_field = None         if issubclass(base_type, BaseModel):             for name, field in base_type.model_fields.items():                 if field.json_schema_extra and field.json_schema_extra.get(\"primary\"):                     primary_field = name                     break             if primary_field is None:                 for name, field in base_type.model_fields.items():                     if field.is_required():                         primary_field = name                         break                 if primary_field is None:                     primary_field = next(iter(base_type.model_fields.keys()))         return adapter, primary_field"
                },
                {
                    "id": "Method:flowsint-core/src/flowsint_core/core/enricher_base.py:Enricher._validate_single_input#3",
                    "name": "_validate_single_input",
                    "filePath": "flowsint-core/src/flowsint_core/core/enricher_base.py",
                    "nodeType": "Method",
                    "startLine": 394,
                    "endLine": 408,
                    "content": "    def _validate_single_input(         self,         item: Any,         *,         adapter: TypeAdapter | None = None,         primary_field: str | None = None,     ) -> Any:         \"\"\"Validate one input using the same conversion rules as ``preprocess``.\"\"\"         if self.InputType is NotImplemented:             return item         if adapter is None:             adapter, primary_field = self._input_validation_context()         if isinstance(item, str) and primary_field:             item = {primary_field: item}         return adapter.validate_python(item)"
                },
                {
                    "id": "Method:flowsint-core/src/flowsint_core/core/enricher_base.py:Enricher.preprocess#1",
                    "name": "preprocess",
                    "filePath": "flowsint-core/src/flowsint_core/core/enricher_base.py",
                    "nodeType": "Method",
                    "startLine": 410,
                    "endLine": 444,
                    "content": "    def preprocess(self, values: List) -> List:         \"\"\"         Generic preprocess that validates and converts input using InputType.         Automatically handles dicts, objects, and strings (using the model's primary field).         Invalid items are skipped silently.         Note: InputType should be defined as the base type (e.g., Ip, Domain),         not as a List (e.g., List[Ip]). The preprocess method expects a list of values         and returns a list of validated InputType instances.         \"\"\"         if self.InputType is NotImplemented:             return values         adapter, primary_field = self._input_validation_context()         cleaned = []         for item in values:             try:                 cleaned.append(                     self._validate_single_input(                         item, adapter=adapter, primary_field=primary_field                     )                 )             except Exception:                 continue         if len(cleaned) == 0:             Logger.warn(                 self.sketch_id,                 {                     \"message\": f\"No valid input were provided to enricher '{self.name()}'.\"                 },             )             return values         return cleaned"
                },
                {
                    "id": "Method:flowsint-core/src/flowsint_core/core/enricher_base.py:Enricher._structured_execution_context#0",
                    "name": "_structured_execution_context",
                    "filePath": "flowsint-core/src/flowsint_core/core/enricher_base.py",
                    "nodeType": "Method",
                    "startLine": 447,
                    "endLine": 449,
                    "content": "    async def _structured_execution_context(self) -> AsyncIterator[Any]:         \"\"\"Provide optional shared resources for structured per-input processing.\"\"\"         yield None"
                },
                {
                    "id": "Method:flowsint-core/src/flowsint_core/core/enricher_base.py:Enricher._process_single_input_structured#2",
                    "name": "_process_single_input_structured",
                    "filePath": "flowsint-core/src/flowsint_core/core/enricher_base.py",
                    "nodeType": "Method",
                    "startLine": 451,
                    "endLine": 455,
                    "content": "    async def _process_single_input_structured(         self, input_obj: Any, context: Any     ) -> List[Any]:         \"\"\"Process one validated input; subclasses can preserve richer grouping.\"\"\"         return await self.scan([input_obj])"
                },
                {
                    "id": "Method:flowsint-core/src/flowsint_core/core/enricher_base.py:Enricher._build_structured_evidence#2",
                    "name": "_build_structured_evidence",
                    "filePath": "flowsint-core/src/flowsint_core/core/enricher_base.py",
                    "nodeType": "Method",
                    "startLine": 457,
                    "endLine": 461,
                    "content": "    def _build_structured_evidence(         self, input_obj: Any, input_ref: str     ) -> tuple[EvidenceEnvelope, ...]:         \"\"\"Return retainable evidence captured while processing one input.\"\"\"         return ()"
                },
                {
                    "id": "Method:flowsint-core/src/flowsint_core/core/enricher_base.py:Enricher._classify_structured_exception#1",
                    "name": "_classify_structured_exception",
                    "filePath": "flowsint-core/src/flowsint_core/core/enricher_base.py",
                    "nodeType": "Method",
                    "startLine": 463,
                    "endLine": 506,
                    "content": "    def _classify_structured_exception(self, error: Exception) -> RedactedDiagnostic:         \"\"\"Classify failures without retaining exception text or request data.\"\"\"         if isinstance(error, (InvalidEnricherParams, ValidationError)):             return RedactedDiagnostic(                 code=\"validation_error\",                 safe_message=\"Input validation failed.\",                 retryable=False,             )         if isinstance(error, httpx.TimeoutException):             return RedactedDiagnostic(                 code=\"timeout\",                 safe_message=\"The operation timed out.\",                 retryable=True,             )         if isinstance(error, httpx.HTTPStatusError):             status_code = error.response.status_code             if status_code == 429:                 return RedactedDiagnostic(                     code=\"http_rate_limited\",                     safe_message=\"The remote service rate limited the request.\",                     retryable=True,                 )             if 500 <= status_code < 600:                 return RedactedDiagnostic(                     code=\"http_server_error\",                     safe_message=\"The remote service failed.\",                     retryable=True,                 )             if 400 <= status_code < 500:                 return RedactedDiagnostic(                     code=\"http_client_error\",                     safe_message=\"The remote service rejected the request.\",                     retryable=False,                 )             return RedactedDiagnostic(                 code=\"http_error\",                 safe_message=\"The remote service returned an HTTP error.\",                 retryable=False,             )         return RedactedDiagnostic(             code=\"unexpected_error\",             safe_message=\"Unexpected processing failure.\",             retryable=False,         )"
                },
                {
                    "id": "Method:flowsint-core/src/flowsint_core/core/enricher_base.py:Enricher._classify_structured_success#2",
                    "name": "_classify_structured_success",
                    "filePath": "flowsint-core/src/flowsint_core/core/enricher_base.py",
                    "nodeType": "Method",
                    "startLine": 508,
                    "endLine": 513,
                    "content": "    def _classify_structured_success(         self,         outputs: tuple[Any, ...],         evidence: tuple[EvidenceEnvelope, ...],     ) -> tuple[OutcomeStatus, RedactedDiagnostic | None]:         return OutcomeStatus.SUCCESS, None"
                },
                {
                    "id": "Method:flowsint-core/src/flowsint_core/core/enricher_base.py:Enricher._execute_structured_input#4",
                    "name": "_execute_structured_input",
                    "filePath": "flowsint-core/src/flowsint_core/core/enricher_base.py",
                    "nodeType": "Method",
                    "startLine": 515,
                    "endLine": 563,
                    "content": "    async def _execute_structured_input(         self,         original_input: Any,         context: Any,         *,         adapter: TypeAdapter | None = None,         primary_field: str | None = None,     ) -> InputOutcome:         input_ref = canonical_input_hash(original_input)         try:             input_obj = self._validate_single_input(                 original_input, adapter=adapter, primary_field=primary_field             )         except Exception as error:             return InputOutcome(                 input_ref=input_ref,                 status=OutcomeStatus.FAILURE,                 diagnostic=self._classify_structured_exception(error),             )         outputs: tuple[Any, ...] = ()         diagnostic: RedactedDiagnostic | None = None         status = OutcomeStatus.SUCCESS         try:             processed = await self._process_single_input_structured(input_obj, context)             outputs = tuple(self.postprocess(processed, [input_obj]))         except Exception as error:             status = OutcomeStatus.FAILURE             diagnostic = self._classify_structured_exception(error)         try:             evidence = self._build_structured_evidence(input_obj, input_ref)         except Exception as error:             evidence = ()             status = OutcomeStatus.FAILURE             diagnostic = self._classify_structured_exception(error)         if status is OutcomeStatus.SUCCESS:             status, diagnostic = self._classify_structured_success(outputs, evidence)         if status is not OutcomeStatus.SUCCESS:             outputs = ()         return InputOutcome(             input_ref=input_ref,             status=status,             outputs=outputs,             diagnostic=diagnostic,             evidence=evidence,         )"
                },
                {
                    "id": "Method:flowsint-core/src/flowsint_core/core/enricher_base.py:Enricher.postprocess#2",
                    "name": "postprocess",
                    "filePath": "flowsint-core/src/flowsint_core/core/enricher_base.py",
                    "nodeType": "Method",
                    "startLine": 624,
                    "endLine": 627,
                    "content": "    def postprocess(         self, results: List[Dict[str, Any]], input_data: List[str] = None     ) -> List[Dict[str, Any]]:         return results"
                },
                {
                    "id": "Method:flowsint-core/src/flowsint_core/core/enricher_base.py:Enricher.create_node#1",
                    "name": "create_node",
                    "filePath": "flowsint-core/src/flowsint_core/core/enricher_base.py",
                    "nodeType": "Method",
                    "startLine": 657,
                    "endLine": 676,
                    "content": "    def create_node(self, node_obj) -> None:         \"\"\"         Create a single Neo4j node.         The following properties are automatically added to every node:         - type: Lowercase version of node_type         - sketch_id: Current sketch ID from enricher context         - label: Automatically computed by FlowsintType, or defaults to key_value if not provided         - created_at: ISO 8601 UTC timestamp (only on creation, not updates)         Use Pydantic object directly:             ```python             self.create_node(ip)             ```         Args:             node_obj: Either a Pydantic object or node label string             **properties: Additional node properties or overrides         \"\"\"         self._graph_service.create_node_from_flowsint_type(node_obj=node_obj)"
                },
                {
                    "id": "Method:flowsint-core/src/flowsint_core/core/enricher_base.py:Enricher.create_relationship#3",
                    "name": "create_relationship",
                    "filePath": "flowsint-core/src/flowsint_core/core/enricher_base.py",
                    "nodeType": "Method",
                    "startLine": 678,
                    "endLine": 700,
                    "content": "    def create_relationship(         self,         from_obj,         to_obj,         rel_label=\"IS_RELATED_TO\",     ) -> None:         \"\"\"         Create a relationship between two nodes.         Best Practice - Use Pydantic objects directly:             ```python             self.create_relationship(individual, domain, \"HAS_DOMAIN\")             self.create_relationship(email, breach, \"FOUND_IN_BREACH\")             ```         Args:             from_obj: Either a Pydantic object (source) or source node label             to_obj: Either a Pydantic object (target) or source node key property             rel_label: Either relationship type (Pydantic) or source node key value         \"\"\"         self._graph_service.create_relationship(             from_obj=from_obj, to_obj=to_obj, rel_label=rel_label         )"
                },
                {
                    "id": "Method:flowsint-core/src/flowsint_core/core/enricher_base.py:Enricher.log_graph_message#1",
                    "name": "log_graph_message",
                    "filePath": "flowsint-core/src/flowsint_core/core/enricher_base.py",
                    "nodeType": "Method",
                    "startLine": 702,
                    "endLine": 709,
                    "content": "    def log_graph_message(self, message: str) -> None:         \"\"\"         Log a graph operation message.         Args:             message: Message to log         \"\"\"         self._graph_service.log_graph_message(message)"
                },
                {
                    "id": "Method:flowsint-core/src/flowsint_core/core/enricher_base.py:Enricher.graph_service#0",
                    "name": "graph_service",
                    "filePath": "flowsint-core/src/flowsint_core/core/enricher_base.py",
                    "nodeType": "Method",
                    "startLine": 712,
                    "endLine": 719,
                    "content": "    def graph_service(self) -> GraphService:         \"\"\"         Get the graph service instance.         Returns:             GraphService instance for advanced operations         \"\"\"         return self._graph_service"
                },
                {
                    "id": "Method:flowsint-core/src/flowsint_core/core/logger.py:LoggerSingleton.info#2",
                    "name": "info",
                    "filePath": "flowsint-core/src/flowsint_core/core/logger.py",
                    "nodeType": "Method",
                    "startLine": 239,
                    "endLine": 241,
                    "content": "    def info(self, sketch_id: Union[str, UUID], message: Dict) -> None:         \"\"\"Log an info message.\"\"\"         self._log(sketch_id, EventLevel.INFO, message)"
                },
                {
                    "id": "Method:flowsint-core/src/flowsint_core/core/logger.py:LoggerSingleton.error#2",
                    "name": "error",
                    "filePath": "flowsint-core/src/flowsint_core/core/logger.py",
                    "nodeType": "Method",
                    "startLine": 243,
                    "endLine": 245,
                    "content": "    def error(self, sketch_id: Union[str, UUID], message: Dict) -> None:         \"\"\"Log an error message.\"\"\"         self._log(sketch_id, EventLevel.FAILED, message)"
                },
                {
                    "id": "Method:flowsint-core/src/flowsint_core/core/logger.py:LoggerSingleton.completed#2",
                    "name": "completed",
                    "filePath": "flowsint-core/src/flowsint_core/core/logger.py",
                    "nodeType": "Method",
                    "startLine": 259,
                    "endLine": 276,
                    "content": "    def completed(self, sketch_id: Union[str, UUID], message: Dict) -> None:         \"\"\"Log a completed message.\"\"\"         self._log(sketch_id, EventLevel.COMPLETED, message)         # Also publish to status channel for graph refresh         try:             import uuid             temp_log_id = str(uuid.uuid4())             from ..tasks.event import emit_status_event_task             emit_status_event_task.apply(                 args=[temp_log_id, str(sketch_id), EventLevel.COMPLETED, message]             )         except Exception as e:             import logging             logging.error(f\"Failed to emit status event: {e}\")"
                },
                {
                    "id": "Method:flowsint-enrichers/src/flowsint_enrichers/website/to_text.py:_QuicSession.run#0",
                    "name": "run",
                    "filePath": "flowsint-enrichers/src/flowsint_enrichers/website/to_text.py",
                    "nodeType": "Method",
                    "startLine": 312,
                    "endLine": 328,
                    "content": "            async def run(self) -> Optional[str]:                 try:                     async with quic_connect(                         host,                         parsed.port or 443,                         configuration=config,                         create_protocol=self._build_proto,                         wait_connected=True,                     ) as protocol:                         await asyncio.wait_for(                             asyncio.gather(headers_ok.wait(), stream_ended.wait()),                             timeout=timeout,                         )                 except (asyncio.TimeoutError, Exception):                     return None                 body = bytes(response_data).decode(\"utf-8\", errors=\"replace\")                 return self._extract(html=body) if body else None"
                },
                {
                    "id": "Function:flowsint-core/src/flowsint_execution/models.py:canonical_input_hash",
                    "name": "canonical_input_hash",
                    "filePath": "flowsint-core/src/flowsint_execution/models.py",
                    "nodeType": "Function",
                    "startLine": 139,
                    "endLine": 149,
                    "content": "def canonical_input_hash(value: Any) -> str:     \"\"\"Return the stable SHA-256 reference for an input without retaining it.\"\"\"     canonical = json.dumps(         _canonicalize_input(value),         ensure_ascii=False,         separators=(\",\", \":\"),         sort_keys=True,         allow_nan=False,     )     return hashlib.sha256(canonical.encode(\"utf-8\")).hexdigest()"
                }
            ]
        },
        "d=3": {
            "depth": 3,
            "label": "MAY NEED TESTING",
            "symbols": [
                {
                    "id": "Method:flowsint-core/src/flowsint_core/core/logger.py:LoggerSingleton._log#3",
                    "name": "_log",
                    "filePath": "flowsint-core/src/flowsint_core/core/logger.py",
                    "nodeType": "Method",
                    "startLine": 201,
                    "endLine": 235,
                    "content": "    def _log(         self, sketch_id: Union[str, UUID], level: EventLevel, content: Dict     ) -> None:         \"\"\"         Internal logging method.         Process:         1. Capture timestamp and sequence number immediately         2. Emit event immediately (real-time UI)         3. Queue for batch insertion with ordering info (performance)         Args:             sketch_id: Sketch ID for log routing             level: Log level             content: Log content/message         \"\"\"         # Capture timestamp and sequence at the time of logging (not insertion)         sequence = self._get_next_sequence()         timestamp = datetime.now(timezone.utc)         # Generate a temporary ID for immediate event emission         import uuid         temp_log_id = str(uuid.uuid4())         # 1. IMMEDIATE: Emit event for real-time display         self._emit_event(temp_log_id, str(sketch_id), level, content)         # 2. BATCHED: Queue for database insertion with ordering info         # Format: (sequence, timestamp, sketch_id, level, content)         self._log_queue.put((sequence, timestamp, str(sketch_id), level, content))         # 3. Check if we should flush immediately (batch size reached)         if self._log_queue.qsize() >= self._batch_size:             self._flush_batch()"
                },
                {
                    "id": "Method:flowsint-core/src/flowsint_core/core/logger.py:LoggerSingleton.warn#2",
                    "name": "warn",
                    "filePath": "flowsint-core/src/flowsint_core/core/logger.py",
                    "nodeType": "Method",
                    "startLine": 247,
                    "endLine": 249,
                    "content": "    def warn(self, sketch_id: Union[str, UUID], message: Dict) -> None:         \"\"\"Log a warning message.\"\"\"         self._log(sketch_id, EventLevel.WARNING, message)"
                },
                {
                    "id": "Method:flowsint-enrichers/src/flowsint_enrichers/website/to_text.py:_QuicSession._extract#1",
                    "name": "_extract",
                    "filePath": "flowsint-enrichers/src/flowsint_enrichers/website/to_text.py",
                    "nodeType": "Method",
                    "startLine": 330,
                    "endLine": 332,
                    "content": "            def _extract(self, html: str) -> str:                 soup = BeautifulSoup(html, \"html.parser\")                 return soup.get_text(separator=\" \", strip=True)"
                },
                {
                    "id": "Function:flowsint-core/src/flowsint_core/core/enricher_base.py:build_params_model",
                    "name": "build_params_model",
                    "filePath": "flowsint-core/src/flowsint_core/core/enricher_base.py",
                    "nodeType": "Function",
                    "startLine": 29,
                    "endLine": 59,
                    "content": "def build_params_model(params_schema: list) -> BaseModel:     \"\"\"     Build a strict Pydantic model from a params_schema.     Unknown fields will raise a validation error.     Note: Vault secrets are always optional in the Pydantic model to allow     for deferred configuration. Required validation happens after vault resolution.     \"\"\"     fields: Dict[str, Any] = {}     for param in params_schema:         name = param[\"name\"]         param_type = param.get(\"type\", \"string\")         field_type = bool if param_type == \"bool\" else str         required = param.get(\"required\", False)         # Vault secrets are always optional in Pydantic validation         # Required validation happens after vault resolution         if param_type == \"vaultSecret\":             default = param.get(\"default\", None)         else:             default = ... if required else param.get(\"default\")         fields[name] = (             Optional[field_type],             Field(default=default, description=param.get(\"description\", \"\")),         )     model = create_model(\"ParamsModel\", __config__=ConfigDict(extra=\"forbid\"), **fields)     return model"
                },
                {
                    "id": "Function:flowsint-core/src/flowsint_core/utils.py:resolve_type",
                    "name": "resolve_type",
                    "filePath": "flowsint-core/src/flowsint_core/utils.py",
                    "nodeType": "Function",
                    "startLine": 131,
                    "endLine": 159,
                    "content": "def resolve_type(details: dict, schema_context: dict = None) -> str:     if \"anyOf\" in details:         types = []         for option in details[\"anyOf\"]:             if \"$ref\" in option:                 ref = option[\"$ref\"].split(\"/\")[-1]                 types.append(ref)             elif option.get(\"type\") == \"array\":                 # Handle array types within anyOf                 item_type = resolve_type(option.get(\"items\", {}), schema_context)                 types.append(f\"{item_type}[]\")             else:                 types.append(option.get(\"type\", \"unknown\"))         return \" | \".join(types)     if \"type\" in details:         if details[\"type\"] == \"array\":             item_type = resolve_type(details.get(\"items\", {}), schema_context)             return f\"{item_type}[]\"         return details[\"type\"]     # Handle $ref in array items or other contexts     if \"$ref\" in details and schema_context:         ref_path = details[\"$ref\"]         if ref_path.startswith(\"#/$defs/\"):             ref_name = ref_path.split(\"/\")[-1]             return ref_name     return \"any\""
                },
                {
                    "id": "Function:flowsint-core/src/flowsint_execution/models.py:_canonicalize_input",
                    "name": "_canonicalize_input",
                    "filePath": "flowsint-core/src/flowsint_execution/models.py",
                    "nodeType": "Function",
                    "startLine": 96,
                    "endLine": 136,
                    "content": "def _canonicalize_input(value: Any) -> Any:     \"\"\"Convert supported input values to a deterministic JSON-compatible shape.\"\"\"     if isinstance(value, BaseModel):         return _canonicalize_input(             value.model_dump(mode=\"json\", by_alias=True, exclude_none=False)         )     if isinstance(value, Mapping):         return {             str(key): _canonicalize_input(item)             for key, item in sorted(value.items(), key=lambda item: str(item[0]))         }     if isinstance(value, (list, tuple)):         return [_canonicalize_input(item) for item in value]     if isinstance(value, (set, frozenset)):         canonical_items = [_canonicalize_input(item) for item in value]         return sorted(             canonical_items,             key=lambda item: json.dumps(                 item, ensure_ascii=False, separators=(\",\", \":\"), sort_keys=True             ),         )     if isinstance(value, float):         if math.isnan(value):             return {\"float\": \"nan\"}         if math.isinf(value):             return {\"float\": \"infinity\" if value > 0 else \"-infinity\"}         return value     if isinstance(value, Enum):         return _canonicalize_input(value.value)     if isinstance(value, datetime):         if value.tzinfo is not None and value.utcoffset() is not None:             value = value.astimezone(timezone.utc)         return value.isoformat()     if isinstance(value, bytes):         return {\"bytes_base64\": base64.b64encode(value).decode(\"ascii\")}     if value is None or isinstance(value, (bool, int, str)):         return value     if hasattr(value, \"model_dump\"):         return _canonicalize_input(value.model_dump(mode=\"json\"))     return {\"type\": f\"{type(value).__module__}.{type(value).__qualname__}\"}"
                }
            ]
        }
    },
    "summary": {
        "cwd": "/home/n4s5ti/Documents/dev/fl0sint-def42-s02",
        "rootPath": "/home/n4s5ti/Documents/dev/fl0sint-def42-s02",
        "repo": "fl0sint-def42-s02",
        "lbugPath": "/home/n4s5ti/Documents/dev/fl0sint-def42-s02/.gitnexus/lbug",
        "symbol": "flowsint-enrichers/src/flowsint_enrichers/website/to_text.py:WebsiteToText",
        "rootSymbols": 1,
        "totalSymbols": 68,
        "totalEdges": 140,
        "filesMatched": 5,
        "truncated": false,
        "direct": 29,
        "processes": 0,
        "modules": 2
    },
    "warnings": [],
    "completeness": "complete",
    "completenessReasons": [],
    "indexStatus": "ready"
}
